tree_id,x,y,species,dbh_in,stress_index,infected
POS427,493414.22006145096,4877034.962545419,maple,17.0,0.0,False
POS546,493414.1804831461,4876998.347437289,maple,16.0,0.0,False
POS547,493414.895105954,4876987.045184744,maple,19.0,0.0,False
POS548,493428.775402735,4876951.977942636,oak,23.0,0.0,False
POS549,493428.77563615644,4876964.622775097,oak,33.0,0.0,False
POS993,493426.1866439429,4876455.35056783,oak,11.0,0.0,False
POS994,493426.18352318386,4876462.491823608,oak,10.0,0.0,False
POS995,493426.6002282077,4876469.646108819,oak,9.0,0.0,False
POS1493,493413.3815754223,4877075.703683486,maple,20.0,0.0,False
POS1497,493414.2549272225,4877110.876419463,maple,11.0,0.0,False
POS1530,493414.5014389229,4877025.534427082,maple,17.0,0.0,False
POS1531,493413.8990966747,4877007.775855989,maple,18.0,0.0,False
POS1899,493429.3447415294,4877084.6726796,oak,13.0,0.0,False
POS1900,493429.1196352115,4877092.215313063,oak,34.0,0.0,False
POS1902,493429.452174706,4877131.670150185,oak,30.0,0.0,False
POS4296,493048.9831780534,4876948.42705212,maple,9.0,0.0,False
POS4297,493048.8396985046,4876975.517599163,maple,8.0,0.0,False
POS4487,493049.21464392997,4877004.405442936,maple,8.0,0.0,False
POS4488,493049.35950630694,4877012.573040157,maple,21.0,0.0,False
POS4528,493049.1281036846,4877073.328268688,maple,18.0,0.0,False
POS4529,493048.7515058135,4877085.052621543,maple,18.0,0.0,False
POS4739,493598.87584772345,4877185.1200568825,oak,27.0,0.0,False
POS4740,493611.30803264107,4877184.045346812,oak,27.0,0.0,False
POS4741,493643.074131269,4877184.429087029,oak,27.0,0.0,False
POS39366,493267.9292022285,4876329.206752019,maple,1.0,0.0,False
POS39449,493662.30026338395,4877346.19999279,oak,38.0,0.0,False
POS39450,493682.20191089815,4877334.020141197,oak,33.0,0.0,False
POS39455,493772.95418747136,4877265.99024249,oak,31.0,0.0,False
POS39457,493829.50203581015,4877226.874492523,oak,19.0,0.0,False
POS39458,493848.9926308518,4877215.151993268,oak,24.0,0.0,False
POS39534,494389.0181393166,4878115.512540119,maple,1.0,0.0,False
POS39536,494415.432368371,4878115.60579729,douglas_fir,1.0,0.0,False
POS39537,494409.45577120024,4878102.334712327,pine,2.0,0.0,False
POS39540,494444.36889247445,4878093.296746837,douglas_fir,1.0,0.0,False
POS39602,494451.1816336564,4878078.553324981,douglas_fir,1.0,0.0,False
POS39604,494461.68455607514,4878064.383957459,maple,1.0,0.0,False
POS39606,494459.1310212392,4878049.013569859,maple,1.0,0.0,False
POS39610,494434.246951881,4878076.859941575,douglas_fir,1.0,0.0,False
POS39611,494431.8517506004,4878066.192725436,oak,1.0,0.0,False
POS39612,494443.4380044592,4878063.308038643,douglas_fir,1.0,0.0,False
POS39613,494446.063417117,4878038.124318046,oak,1.0,0.0,False
POS39614,494446.05462235125,4878010.277792969,douglas_fir,1.0,0.0,False
POS39615,494456.45422797254,4878003.868780246,douglas_fir,1.0,0.0,False
POS39616,494437.4905978128,4878009.311461783,pine,2.0,0.0,False
POS39617,494432.4556368977,4878017.8186525665,maple,2.0,0.0,False
POS39618,494425.92321918695,4878011.550292408,douglas_fir,1.0,0.0,False
POS39619,494422.6860611281,4878016.105617805,pine,2.0,0.0,False
POS39620,494415.2560984827,4878013.945597168,douglas_fir,1.0,0.0,False
POS39621,494411.36558990943,4878018.739830232,maple,1.0,0.0,False
POS39622,494406.45768233726,4878014.329012871,pine,1.0,0.0,False
POS39623,494401.51509446994,4878019.737964898,douglas_fir,1.0,0.0,False
POS39624,494396.9254896047,4878017.662720068,douglas_fir,1.0,0.0,False
POS39625,494425.9138148507,4878050.832227928,oak,1.0,0.0,False
POS39928,494263.7896738544,4876325.08153368,oak,6.0,0.0,False
POS39929,494270.084529232,4876325.268014055,oak,6.0,0.0,False
POS40071,493377.48934474966,4877561.537761557,maple,32.0,0.0,False
POS40105,494045.47831457976,4876191.608746226,maple,3.0,0.0,False
POS40359,494374.2700144817,4878003.612913877,pine,1.0,0.0,False
POS40360,494369.9834909505,4877998.724127613,pine,1.0,0.0,False
POS40361,494364.4584520571,4878002.334940814,pine,1.0,0.0,False
POS40362,494349.57683608035,4878000.41352869,oak,1.0,0.0,False
POS40363,494338.7685459638,4878005.015690698,pine,2.0,0.0,False
POS40364,494333.0255654775,4877999.427014175,pine,3.0,0.0,False
POS40365,494325.6032666374,4878006.100297964,oak,1.0,0.0,False
POS44556,493643.80522019346,4876680.289819602,oak,7.0,0.0,False
POS49934,494643.0246908115,4876977.151070629,oak,36.0,0.0,False
POS49935,494619.09124248545,4876982.174175755,oak,25.0,0.0,False
POS50526,493570.67738833115,4876789.4988251785,oak,9.0,0.0,False
POS50527,493582.3438077936,4876794.222657592,oak,8.0,0.0,False
POS50529,493582.8217192858,4876863.121259419,sycamore,6.0,0.0,False
POS50548,493356.47084522364,4877981.8876160225,maple,31.0,0.0,False
POS52487,492904.7859949009,4878023.383521204,maple,1.0,0.0,False
POS52953,493183.250079394,4878135.437537746,oak,4.0,0.0,False
POS52971,493286.0129615714,4876576.098000493,oak,8.0,0.0,False
POS53209,493517.78164028574,4878024.222606262,pine,2.0,0.0,False
POS53241,493280.7284357482,4876920.710568979,maple,12.0,0.0,False
POS53242,493270.29480484134,4876920.666294817,maple,13.0,0.0,False
POS53533,492793.8382733032,4876316.781245766,sycamore,15.0,0.0,False
POS53535,492776.1488280087,4876316.544048031,sycamore,18.0,0.0,False
POS53554,493199.6810129017,4878096.6199860275,maple,1.0,0.0,False
POS53603,493334.0018968241,4876802.310109348,oak,5.0,0.0,False
POS53620,492833.8596583198,4876331.060572037,maple,5.0,0.0,False
POS53621,492782.06916714454,4876316.90493575,sycamore,13.0,0.0,False
POS53736,492810.9464650376,4878017.681663891,oak,13.0,0.0,False
POS53737,492811.04624842043,4878014.338037509,oak,21.0,0.0,False
POS53738,492811.3231125207,4877999.454435899,oak,18.0,0.0,False
POS53739,492811.08868313633,4877996.100835497,oak,19.0,0.0,False
POS53740,492826.37175136764,4878016.635951989,oak,19.0,0.0,False
POS53741,492826.20676643983,4878010.9419511985,oak,15.0,0.0,False
POS54000,492813.0501788787,4878117.020123443,oregon_ash,17.0,0.0,False
POS54001,492812.1737727569,4878137.41689935,douglas_fir,22.0,0.0,False
POS54221,492810.9458255393,4878010.897233529,oak,18.0,0.0,False
POS54346,493079.01589918014,4878146.859759706,maple,4.0,0.0,False
POS54347,493069.24731819576,4878138.625886597,maple,4.0,0.0,False
POS54348,493087.98608644004,4878147.127461544,maple,6.0,0.0,False
POS54349,493096.1092638958,4878146.851769856,maple,5.0,0.0,False
POS54350,493102.29876712215,4878146.998785408,maple,7.0,0.0,False
POS54351,493107.8776312705,4878146.513158492,dogwood,8.0,0.0,False
POS54352,493130.233865546,4878146.7696362045,dogwood,6.0,0.0,False
POS54801,493275.9059732038,4876693.734127449,oak,7.0,0.0,False
POS54843,492807.8522618156,4876174.355206257,maple,23.0,0.0,False
POS54844,494273.69662922027,4876284.921301017,maple,5.0,0.0,False
POS55050,493388.31560556364,4878040.823101478,oak,19.0,0.0,False
POS55053,493384.2770915354,4878032.787429392,maple,18.0,0.0,False
POS55054,493382.66917289025,4878043.649780762,oak,24.0,0.0,False
POS55055,493377.0163770029,4878046.689676819,oak,22.0,0.0,False
POS55056,493369.22650987376,4878028.234128762,maple,13.0,0.0,False
POS55057,493371.62970730744,4878021.514939409,maple,12.0,0.0,False
POS55058,493376.5531668762,4878010.282722627,maple,23.0,0.0,False
POS55059,493420.2939301146,4877909.908761389,maple,21.0,0.0,False
POS55097,493776.7652901975,4877728.249518837,maple,21.0,0.0,False
POS55109,493713.91228596,4877187.843102798,sycamore,31.0,0.0,False
POS55120,493967.46572415996,4877737.357276854,douglas_fir,20.0,0.0,False
POS55129,494062.7697826223,4877770.828976821,oregon_ash,7.0,0.0,False
POS55130,494062.82389357314,4877775.656944405,oregon_ash,7.0,0.0,False
POS55131,494062.5598237559,4877780.078502983,maple,10.0,0.0,False
POS55132,494062.67613265297,4877785.040630997,oregon_ash,8.0,0.0,False
POS55137,494058.03021207725,4877785.561864998,oregon_ash,8.0,0.0,False
POS55280,493047.05400562956,4876516.605598241,maple,3.0,0.0,False
POS55763,493527.1428413764,4877997.074135091,pine,3.0,0.0,False
POS55765,493525.5809817033,4878011.023857237,pine,3.0,0.0,False
POS55766,493516.78351597366,4878038.205252477,pine,3.0,0.0,False
POS55767,493508.22406142723,4878052.542951565,pine,3.0,0.0,False
POS55768,493505.3562104498,4878068.3574541025,pine,4.0,0.0,False
POS55819,492661.239106745,4876803.388112852,maple,4.0,0.0,False
POS55857,493584.0054220705,4876959.728446186,maple,5.0,0.0,False
POS55858,493584.01619036257,4876951.000773927,maple,5.0,0.0,False
POS55947,492798.0745321805,4876572.721610297,oak,2.0,0.0,False
POS55950,493068.4548141917,4876680.92163355,oak,3.0,0.0,False
POS55958,492791.53000726923,4876803.285632029,oak,1.0,0.0,False
POS56012,493379.61127667874,4876795.2557073785,maple,4.0,0.0,False
POS56163,492913.7623620448,4876694.566718463,maple,2.0,0.0,False
POS56164,492860.18047535204,4876694.438782178,oak,1.0,0.0,False
POS56238,494562.1038423996,4876677.878937533,oak,5.0,0.0,False
POS56240,494556.2268915872,4876677.736527449,oak,4.0,0.0,False
POS56427,494000.3977795594,4877742.945805432,oregon_ash,1.0,0.0,False
POS56429,493979.5175652177,4877742.190314858,maple,1.0,0.0,False
POS56465,493972.90864255675,4877741.993066596,maple,1.0,0.0,False
POS56567,493501.3597477204,4878142.47847189,maple,3.0,0.0,False
POS56570,493527.4395151122,4878147.328236298,oak,29.0,0.0,False
POS56646,493400.77063440194,4878138.518420036,maple,27.0,0.0,False
POS56647,493403.7346391692,4878103.40129355,maple,29.0,0.0,False
POS56648,493400.96668810176,4878091.823031024,maple,30.0,0.0,False
POS56680,493410.62893297145,4878060.977131014,maple,27.0,0.0,False
POS56685,493534.9925585284,4878070.795786742,oak,36.0,0.0,False
POS56721,493553.2454922731,4878020.927076682,oak,34.0,0.0,False
POS56753,493480.44326196634,4878012.766838147,oak,37.0,0.0,False
POS56754,493483.8325202948,4878019.573897237,oak,30.0,0.0,False
POS56755,493503.03005238815,4877966.14085758,maple,32.0,0.0,False
POS56757,493491.12850235426,4877967.701620971,maple,25.0,0.0,False
POS56804,493457.0502818127,4877913.87612308,maple,23.0,0.0,False
POS56813,493446.7359375213,4877890.337368817,douglas_fir,24.0,0.0,False
POS56814,493556.34314725857,4877953.242614925,douglas_fir,22.0,0.0,False
POS56815,493547.8200842687,4877953.946176708,douglas_fir,22.0,0.0,False
POS56816,493543.85061471444,4877962.569282011,douglas_fir,22.0,0.0,False
POS56847,493413.899701122,4878012.10982562,maple,32.0,0.0,False
POS56857,493455.8441650086,4877897.302308815,douglas_fir,23.0,0.0,False
POS56858,493464.1561687489,4877902.548232864,pine,24.0,0.0,False
POS56945,492825.25663711695,4877943.392787831,dogwood,4.0,0.0,False
POS57159,493168.7854381404,4876217.091092771,maple,5.0,0.0,False
POS57160,493168.6082630971,4876223.366227817,maple,7.0,0.0,False
POS57171,493169.3390413602,4876235.002048707,maple,8.0,0.0,False
POS57370,492727.3487252409,4877902.971065812,maple,20.0,0.0,False
POS57375,493563.3832471822,4876332.832440539,douglas_fir,18.0,0.0,False
POS57377,493582.7719628791,4876188.872592015,maple,36.0,0.0,False
POS57462,492950.0943372738,4877870.99243796,maple,7.0,0.0,False
POS57463,492950.1560692145,4877855.690998245,maple,7.0,0.0,False
POS57745,492989.209450343,4876816.7795919,oak,4.0,0.0,False
POS57750,492969.4684221721,4876816.550263078,oak,5.0,0.0,False
POS57763,492760.52046792855,4876816.73590434,oak,5.0,0.0,False
POS57800,493498.2969461459,4876693.36063199,oak,2.0,0.0,False
POS57801,493484.9368460092,4876694.226546616,oak,2.0,0.0,False
POS57817,492797.338690198,4876816.807335588,maple,5.0,0.0,False
POS57819,492807.9543661018,4876825.851136913,maple,6.0,0.0,False
POS57820,492807.6661690823,4876865.211274163,maple,6.0,0.0,False
POS57933,493047.42724325927,4876890.355157219,western_hemlock,8.0,0.0,False
POS57936,493153.323603298,4876816.170779127,oak,1.0,0.0,False
POS57939,493093.9296854145,4876924.421466439,maple,1.0,0.0,False
POS57940,493101.85569749563,4876924.309396607,maple,1.0,0.0,False
POS57941,493068.64291564375,4876924.589546518,maple,4.0,0.0,False
POS58040,493569.0672372388,4876420.455454012,oak,5.0,0.0,False
POS58046,493438.4759054241,4876557.890685782,oak,2.0,0.0,False
POS58095,493363.97553746315,4876797.8360713115,maple,3.0,0.0,False
POS58114,492945.19550716894,4877146.570602855,oak,2.0,0.0,False
POS58115,493051.0152896779,4877147.071044252,maple,4.0,0.0,False
POS58121,493252.36934481066,4877166.1250479,oak,35.0,0.0,False
POS58124,493273.7441528614,4877046.791272451,maple,6.0,0.0,False
POS58125,493285.40437975514,4877047.306067833,maple,6.0,0.0,False
POS58152,493054.1772342021,4876443.663733076,green_ash,11.0,0.0,False
POS58157,493566.0104645394,4877341.658210413,oak,6.0,0.0,False
POS58158,493566.0996512206,4877353.836999714,oak,4.0,0.0,False
POS58161,493414.42668195156,4877352.914229618,maple,3.0,0.0,False
POS58162,493414.7535413665,4877335.314108434,maple,3.0,0.0,False
POS58170,492820.80456117133,4876631.964795731,maple,4.0,0.0,False
POS58171,492820.90433279035,4876626.405062698,maple,4.0,0.0,False
POS58172,492820.72420235985,4876619.141782453,maple,4.0,0.0,False
POS58173,492893.57848446263,4876559.006247802,oak,2.0,0.0,False
POS58174,492963.8246996906,4876330.273830422,green_ash,11.0,0.0,False
POS58176,493065.3749281745,4876451.203165771,oak,5.0,0.0,False
POS58177,493064.02428913396,4876451.266561256,oak,7.0,0.0,False
POS58178,493073.73881199415,4876450.895156094,oak,5.0,0.0,False
POS58215,493161.6844571576,4878067.74806798,oak,34.0,0.0,False
POS58216,493171.25851165026,4878070.547471258,oak,21.0,0.0,False
POS58698,492701.2997201291,4877381.170688808,maple,8.0,0.0,False
POS58699,492701.5414089094,4877401.123253138,oak,2.0,0.0,False
POS59015,494292.65613945655,4878056.221823486,pine,2.0,0.0,False
POS59016,494302.3737542583,4878060.171673267,pine,2.0,0.0,False
POS59017,494313.4489496717,4878064.6194564365,pine,2.0,0.0,False
POS59019,494349.03490166826,4878075.5170786865,pine,2.0,0.0,False
POS59020,494343.2430478118,4878039.661808852,oak,2.0,0.0,False
POS59021,494348.49718408653,4878051.815198064,oak,2.0,0.0,False
POS59022,494356.49775077135,4878040.057416931,oak,2.0,0.0,False
POS59023,494377.37240462657,4878030.38743705,pine,3.0,0.0,False
POS59026,494394.0997350677,4878098.3630765565,pine,2.0,0.0,False
POS59380,493533.8929161511,4876802.339671714,maple,1.0,0.0,False
POS59381,493543.6274950068,4876802.4184914315,maple,1.0,0.0,False
POS59382,493552.737181937,4876802.161250761,oak,1.0,0.0,False
POS59400,493402.6552030756,4876799.617066473,oak,3.0,0.0,False
POS59401,493170.0565127355,4876893.149149344,oak,4.0,0.0,False
POS59404,493493.97273761407,4876680.073425731,oak,3.0,0.0,False
POS59405,493152.2473580432,4876681.137244997,oak,4.0,0.0,False
POS60286,493122.5376602518,4878075.615464008,maple,41.0,0.0,False
POS60373,492930.35692092986,4877091.219441067,maple,4.0,0.0,False
POS60378,493765.405426791,4876215.233176245,oak,8.0,0.0,False
POS60437,492700.98269697255,4877348.51215913,maple,11.0,0.0,False
POS60438,492702.6916020517,4877344.385420547,oak,8.0,0.0,False
POS60439,492702.90914963896,4877337.678692595,oak,9.0,0.0,False
POS60440,492700.3810059265,4877117.84885359,sycamore,9.0,0.0,False
POS60441,492702.5477152785,4877072.651933013,oak,10.0,0.0,False
POS60447,492686.12851338234,4877096.327883307,oak,17.0,0.0,False
POS60448,492686.4510494964,4877119.623918561,oak,22.0,0.0,False
POS60450,492679.18728469993,4876573.811625086,sycamore,17.0,0.0,False
POS60451,492670.91911634215,4876573.894791274,sycamore,13.0,0.0,False
POS60452,492664.44429888064,4876573.566160049,sycamore,18.0,0.0,False
POS60453,492657.03214324283,4876573.753775034,sycamore,15.0,0.0,False
POS60459,492779.72583514126,4877549.928249517,maple,1.0,0.0,False
POS60463,492751.33656590246,4877309.328323165,pine,10.0,0.0,False
POS60558,493291.81525101257,4877120.7681392785,maple,4.0,0.0,False
POS60569,493027.2758570264,4877839.276219113,maple,8.0,0.0,False
POS60581,493351.51079760963,4877549.572289827,oak,3.0,0.0,False
POS60585,493692.6152241494,4876974.077984633,oak,2.0,0.0,False
POS60588,493581.77525868843,4876650.365268992,oak,2.0,0.0,False
POS60589,493581.0265954961,4876620.424095471,oak,1.0,0.0,False
POS60594,493523.2302655357,4876572.670081061,oak,2.0,0.0,False
POS60603,493103.042006284,4876680.747255716,oak,3.0,0.0,False
POS60604,493399.7845976512,4876192.962905698,oak,3.0,0.0,False
POS60605,493379.62497089943,4876192.929770328,oak,36.0,0.0,False
POS60606,493365.9877510606,4876193.031491868,oak,5.0,0.0,False
POS60615,493306.2598724437,4876892.413553155,oak,5.0,0.0,False
POS60616,493305.882194243,4876885.449346413,oak,5.0,0.0,False
POS60619,493580.1372692156,4876422.621692557,oak,5.0,0.0,False
POS60640,493159.7396701444,4876558.865219873,oak,4.0,0.0,False
POS60641,493146.43993573124,4876558.988321306,oak,24.0,0.0,False
POS60643,493023.34994220245,4876559.371290693,dogwood,1.0,0.0,False
POS60645,493667.2432447799,4876205.765991397,oak,8.0,0.0,False
POS60652,493372.85056452284,4876436.251565198,oak,16.0,0.0,False
POS60654,493189.66473839525,4876436.8456283165,maple,6.0,0.0,False
POS60675,493725.0501837663,4876191.902572531,maple,3.0,0.0,False
POS60717,493764.62396269594,4876161.730255853,oak,3.0,0.0,False
POS60730,494407.22894883115,4876230.410757095,oak,5.0,0.0,False
POS60775,493962.55084225,4876330.069062038,oak,24.0,0.0,False
POS60777,494353.49196796166,4876312.672927043,maple,28.0,0.0,False
POS60778,494305.38642097026,4876312.65807962,sycamore,13.0,0.0,False
POS60910,494426.8831702794,4876254.141019425,pine,6.0,0.0,False
POS60911,494427.0414205535,4876244.670741829,pine,6.0,0.0,False
POS61059,492948.2013335147,4878142.26349543,maple,4.0,0.0,False
POS61118,494406.9180099589,4876250.6723921,oak,3.0,0.0,False
POS61119,494028.6715233189,4876237.937885959,douglas_fir,6.0,0.0,False
POS62128,494142.30896011373,4876325.676206614,oak,2.0,0.0,False
POS62129,494148.86412226234,4876325.755550336,oak,2.0,0.0,False
POS62642,492821.6471308317,4876286.75066079,maple,10.0,0.0,False
POS62693,493581.90364472696,4876641.409292538,oak,2.0,0.0,False
POS62694,493581.29493697436,4876561.151357522,oak,2.0,0.0,False
POS62695,493579.91401650955,4876414.222836368,oak,1.0,0.0,False
POS62800,494259.94286875165,4876177.953331943,oak,1.0,0.0,False
POS62808,493197.4033607169,4876436.783570037,maple,2.0,0.0,False
POS62846,493094.16259285354,4876681.149161825,oak,2.0,0.0,False
POS73655,493961.6665296345,4876329.917664513,maple,30.0,0.0,False
POS73656,493965.77074997284,4876329.871552881,oak,13.0,0.0,False
POS73670,493406.54595143854,4876311.626843427,maple,8.0,0.0,False
POS73671,493393.05852979695,4876311.237457763,maple,4.0,0.0,False
POS73672,493390.78796674666,4876311.501605491,maple,4.0,0.0,False
POS73673,493395.0856337578,4876311.176051512,maple,4.0,0.0,False
POS73675,493365.85933055327,4876311.2053377945,maple,4.0,0.0,False
POS73691,494026.5947223517,4876239.5035590585,douglas_fir,9.0,0.0,False
POS73692,494028.48372721655,4876213.162904999,oak,4.0,0.0,False
POS74319,492946.71381696255,4877592.451992964,maple,2.0,0.0,False
POS74348,492812.9110438451,4878106.3147405535,sycamore,2.0,0.0,False
POS74351,492824.75723333895,4877960.127208311,dogwood,3.0,0.0,False
POS74356,492666.7207241486,4878075.283720758,maple,2.0,0.0,False
POS74357,492659.642181347,4878076.613402983,maple,1.0,0.0,False
POS74387,492674.502771777,4878060.453143288,maple,1.0,0.0,False
POS74393,492704.02011650865,4878055.01264991,maple,4.0,0.0,False
POS74397,492713.1438017025,4878053.283462288,maple,7.0,0.0,False
POS74399,492720.7111032384,4878051.257220491,dogwood,2.0,0.0,False
POS74401,492732.23920332355,4878049.137973032,maple,9.0,0.0,False
POS74402,492740.89916487725,4878049.05779893,dogwood,2.0,0.0,False
POS74404,492755.2074565345,4878046.512804698,maple,4.0,0.0,False
POS74408,492770.5906684547,4878044.464203974,dogwood,3.0,0.0,False
POS74409,492774.8294051285,4878043.559267543,dogwood,2.0,0.0,False
POS74412,493071.5872031304,4878060.96121447,maple,19.0,0.0,False
POS74418,493070.0527969231,4878116.21983318,maple,6.0,0.0,False
POS74419,493069.68498839845,4878123.276774589,maple,7.0,0.0,False
POS74420,493070.27505479736,4878131.176627292,maple,7.0,0.0,False
POS74429,493140.794605674,4878138.210933801,maple,18.0,0.0,False
POS74433,493126.6481309337,4878081.156403037,maple,36.0,0.0,False
POS74434,493127.7299629623,4878088.434612989,maple,3.0,0.0,False
POS74435,493127.7275437924,4878086.07956795,maple,3.0,0.0,False
POS74436,493125.57648639113,4878083.619698492,maple,1.0,0.0,False
POS74442,493316.0871067742,4877566.32147095,maple,10.0,0.0,False
POS74444,493182.3675815533,4877557.48588806,maple,9.0,0.0,False
POS74452,493287.8780935271,4877541.036109725,maple,10.0,0.0,False
POS74473,493193.7334308251,4877651.33119073,maple,9.0,0.0,False
POS74475,493184.5484471293,4877659.681251269,maple,8.0,0.0,False
POS74476,493184.5118476741,4877651.106284807,maple,9.0,0.0,False
POS74477,493181.4860335285,4877644.522015457,maple,8.0,0.0,False
POS74478,493205.328005097,4877651.837506372,maple,6.0,0.0,False
POS74492,493174.493686358,4877537.110551388,maple,13.0,0.0,False
POS74493,493172.2743636056,4877547.650879742,maple,11.0,0.0,False
POS74510,493074.1464668895,4877548.015939875,maple,11.0,0.0,False
POS74511,493081.99094690674,4877537.707907237,maple,11.0,0.0,False
POS74516,493109.20903356234,4877755.861275506,oak,4.0,0.0,False
POS74517,493109.54679329804,4877764.231322484,oak,7.0,0.0,False
POS74518,493113.83065203676,4877760.477545278,pine,9.0,0.0,False
POS74519,493113.8725003561,4877756.439295814,pine,9.0,0.0,False
POS74520,493120.10803009983,4877755.3212155895,pine,11.0,0.0,False
POS74522,493124.29916756996,4877752.043886491,pine,,0.0,False
POS74530,493206.41195927403,4877686.286771718,maple,8.0,0.0,False
POS74532,493201.49958109536,4877690.114194061,maple,,0.0,False
POS74533,493211.0900003457,4877682.507257615,maple,,0.0,False
POS74550,493068.5878520636,4877712.551556734,oak,2.0,0.0,False
POS74552,493276.7095079166,4877613.485834255,maple,,0.0,False
POS74560,493280.359438688,4877627.066394902,maple,,0.0,False
POS74561,493284.637190485,4877623.728449416,maple,,0.0,False
POS74562,493288.75540694233,4877620.4987463895,maple,,0.0,False
POS74563,493301.9653284283,4877592.793983159,sycamore,,0.0,False
POS74564,493297.9404938129,4877596.20867901,sycamore,,0.0,False
POS74565,493293.6162178604,4877599.617738416,sycamore,,0.0,False
POS74566,493289.41632814694,4877603.094412091,maple,,0.0,False
POS74567,493285.5438410702,4877606.366949951,maple,,0.0,False
POS74568,493281.1690216434,4877610.14601291,maple,,0.0,False
POS74570,493355.8261897984,4877565.54728982,oregon_ash,3.0,0.0,False
POS74577,493038.58588440524,4877834.096675113,maple,15.0,0.0,False
POS74578,493018.80481727514,4877797.8980148705,maple,5.0,0.0,False
POS74579,492987.49059397966,4877809.489989232,oak,1.0,0.0,False
POS75222,492862.6961074856,4876316.311895539,green_ash,7.0,0.0,False
POS75224,493706.6874968143,4877245.996803719,maple,19.0,0.0,False
POS75225,493705.94574257085,4877253.030998228,oak,16.0,0.0,False
POS75226,493705.42705273395,4877260.696570564,oak,16.0,0.0,False
POS75228,493580.5078193676,4876430.957142305,oak,5.0,0.0,False
POS75232,493580.14854392764,4876385.087316313,oak,4.0,0.0,False
POS75233,493428.31495291693,4876771.524686799,oak,4.0,0.0,False
POS75234,493428.33551457437,4876778.566040493,oak,4.0,0.0,False
POS75235,492945.0328527248,4876566.732467474,maple,5.0,0.0,False
POS75237,492856.0602166797,4876571.951699785,oak,3.0,0.0,False
POS75238,493291.720926163,4877110.106469477,maple,4.0,0.0,False
POS75664,492822.1013918695,4877071.837911369,maple,2.0,0.0,False
POS75748,492682.37241805677,4876822.998535617,douglas_fir,50.0,0.0,False
POS76115,492700.3300759243,4876226.646088744,maple,1.0,0.0,False
POS76224,493079.3341674707,4876209.005322489,pine,3.0,0.0,False
POS77350,493549.9761108397,4878088.03152721,oak,1.0,0.0,False
POS77351,493546.9830648358,4878083.358784117,oak,1.0,0.0,False
POS77410,493784.8934583253,4876279.448054557,douglas_fir,30.0,0.0,False
POS77527,493367.7487029888,4877186.624428332,oak,28.0,0.0,False
POS77528,493382.2281892119,4877186.620845173,oak,38.0,0.0,False
POS77623,494318.2096381649,4878031.072104567,pine,1.0,0.0,False
POS77626,494370.71275395853,4878062.597870915,oak,1.0,0.0,False
POS77627,494361.1118766206,4878052.032899217,oak,1.0,0.0,False
POS77628,494369.13148755603,4878046.636383515,oak,1.0,0.0,False
POS78198,492767.73753756325,4876817.003184862,oak,5.0,0.0,False
POS78479,494599.51580882166,4876990.108220049,oak,23.0,0.0,False
POS78480,494577.95423995936,4876994.3486416545,oak,20.0,0.0,False
POS78481,494555.89446836675,4877002.36658862,oak,24.0,0.0,False
POS78482,494533.5882673337,4877007.097261194,oak,24.0,0.0,False
POS78483,494488.5180862927,4877018.501632892,oak,23.0,0.0,False
POS78484,494465.7678441993,4877024.634567494,oak,22.0,0.0,False
POS78486,494257.57300347986,4877086.562519201,oak,23.0,0.0,False
POS78487,494236.02420438174,4877090.7143953685,oak,21.0,0.0,False
POS78488,494214.11883798265,4877096.284715792,oak,23.0,0.0,False
POS78489,494191.4900397669,4877101.928934627,oak,19.0,0.0,False
POS78490,494169.34813415795,4877108.4237473775,oak,23.0,0.0,False
POS78491,494099.7692207649,4877131.462713076,oak,19.0,0.0,False
POS78492,494082.3193840671,4877135.773563404,oak,16.0,0.0,False
POS78493,494061.30608308944,4877140.987292555,oak,23.0,0.0,False
POS78501,493581.74399514945,4876586.404632062,oak,1.0,0.0,False
POS78773,493516.22646267817,4878123.196055057,oak,25.0,0.0,False
POS79000,492939.9964097949,4876238.8859807085,oak,3.0,0.0,False
POS79001,492939.7321150532,4876247.742007208,oak,3.0,0.0,False
POS79002,492939.9123817206,4876254.525626965,oak,3.0,0.0,False
POS79167,492661.0996821082,4877234.581031994,maple,13.0,0.0,False
POS79168,492665.84455978364,4877234.553526109,maple,13.0,0.0,False
POS79170,492674.8895199443,4877233.686914225,maple,10.0,0.0,False
POS79171,492679.3704593511,4877234.340654654,maple,19.0,0.0,False
POS79442,492942.6921582021,4876915.820262043,oak,2.0,0.0,False
POS79712,494594.03186367085,4876447.290613388,sycamore,4.0,0.0,False
POS80299,493401.9772020828,4878082.243592112,maple,5.0,0.0,False
POS81145,494421.4764252383,4877251.983816864,oregon_ash,16.0,0.0,False
POS81237,494406.80781185225,4876393.738615304,pine,7.0,0.0,False
POS81240,494407.0983178319,4876427.077721671,pine,8.0,0.0,False
POS81476,493214.6237336359,4878144.800305968,douglas_fir,15.0,0.0,False
POS81477,493197.29880797473,4878108.034146737,douglas_fir,28.0,0.0,False
POS81478,493197.44617697963,4878104.20192632,douglas_fir,29.0,0.0,False
POS81479,493197.16260017443,4878099.298512117,douglas_fir,23.0,0.0,False
POS81480,493203.49029089184,4878095.971245813,maple,32.0,0.0,False
POS81481,493203.87802282895,4878095.927015489,maple,23.0,0.0,False
POS81482,493204.74155723065,4878096.911916282,maple,22.0,0.0,False
POS81483,493208.9643869799,4878099.485417249,maple,15.0,0.0,False
POS81484,493207.7822097271,4878102.526031579,maple,20.0,0.0,False
POS81485,493208.72622105695,4878104.141753511,maple,20.0,0.0,False
POS81486,493224.5713328412,4878094.031405543,douglas_fir,19.0,0.0,False
POS81489,493212.8736436906,4878110.351116347,maple,20.0,0.0,False
POS81490,493212.6225488143,4878108.78917473,maple,23.0,0.0,False
POS81491,493211.4226517042,4878110.208610132,maple,34.0,0.0,False
POS81492,493211.035428509,4878108.774810009,maple,22.0,0.0,False
POS81493,493210.6502732288,4878107.275069555,maple,12.0,0.0,False
POS81494,493210.00741043524,4878106.958174881,maple,53.0,0.0,False
POS81498,493283.3978782886,4877802.116499089,maple,4.0,0.0,False
POS81501,493219.991025703,4877937.547649635,green_ash,9.0,0.0,False
POS82509,493226.4068210394,4878135.353356848,maple,126.0,0.0,False
POS82510,493258.2549652554,4878143.513951558,maple,12.0,0.0,False
POS82511,493258.7619460558,4878142.0407360485,maple,8.0,0.0,False
POS82512,493251.44691033626,4878127.806594942,maple,22.0,0.0,False
POS82513,493253.19162797957,4878124.775269118,oregon_ash,14.0,0.0,False
POS82515,493248.4824202616,4878116.333171903,maple,15.0,0.0,False
POS82517,493241.8866604399,4878094.638164901,maple,11.0,0.0,False
POS82519,493242.730935652,4878094.164045942,oregon_ash,8.0,0.0,False
POS82521,493240.40377911547,4878087.257383161,maple,14.0,0.0,False
POS82523,493241.7848546801,4878052.196112988,maple,7.0,0.0,False
POS82527,493243.48335408163,4878012.000853039,oregon_ash,6.0,0.0,False
POS82528,493238.4594671043,4878003.239352636,maple,22.0,0.0,False
POS82529,493238.0745727008,4878001.285205413,maple,12.0,0.0,False
POS82532,493243.3596225043,4877985.003819924,oregon_ash,9.0,0.0,False
POS82533,493237.3111553651,4877964.31147009,oak,15.0,0.0,False
POS82534,493239.17537395196,4877963.903991212,oak,12.0,0.0,False
POS82536,493240.16717153083,4877956.1612476,douglas_fir,35.0,0.0,False
POS82537,493248.40477548615,4877930.693085995,oak,21.0,0.0,False
POS82538,493248.80264822464,4877927.370355696,oak,7.0,0.0,False
POS82610,493287.35257743916,4877868.086243289,oregon_ash,12.0,0.0,False
POS82611,493290.03572991234,4877861.187899902,oregon_ash,10.0,0.0,False
POS82614,493292.06868416263,4877855.129878933,oregon_ash,13.0,0.0,False
POS82615,493293.09664204984,4877853.487104685,oregon_ash,12.0,0.0,False
POS82631,493294.45227583306,4877851.73490587,oregon_ash,4.0,0.0,False
POS82636,493296.97729370685,4877844.3014261685,oregon_ash,10.0,0.0,False
POS82638,493276.2553734288,4877821.574802796,maple,1.0,0.0,False
POS82640,493272.4745151188,4877822.517700084,maple,2.0,0.0,False
POS82645,493279.28630371264,4877819.402286549,maple,2.0,0.0,False
POS82654,493309.8553009728,4877796.6824434195,oak,13.0,0.0,False
POS82660,493314.565290561,4877789.339372214,maple,24.0,0.0,False
POS82661,493274.04949803354,4877826.802337644,maple,1.0,0.0,False
POS82663,493271.7431293557,4877835.048668614,maple,1.0,0.0,False
POS82666,493330.69727128354,4877758.164114689,maple,17.0,0.0,False
POS82679,493349.84540722764,4877726.135840358,maple,30.0,0.0,False
POS82681,493374.70141474827,4877698.005030645,maple,19.0,0.0,False
POS82683,493373.7025679245,4877692.402943212,maple,22.0,0.0,False
POS82684,493382.099274552,4877693.9932797495,oregon_ash,9.0,0.0,False
POS82686,493391.1977840071,4877679.252339943,maple,38.0,0.0,False
POS82688,493394.8111104048,4877674.852333454,maple,24.0,0.0,False
POS82692,493410.61611992173,4877670.620073794,pine,15.0,0.0,False
POS82693,493412.66798336105,4877665.292338341,maple,46.0,0.0,False
POS82695,493422.319508394,4877665.28507291,oregon_ash,13.0,0.0,False
POS82696,493429.3327380146,4877647.502103769,maple,55.0,0.0,False
POS82697,493424.6059261643,4877664.03036747,oregon_ash,12.0,0.0,False
POS82937,493287.8005572721,4877797.008894974,maple,4.0,0.0,False
POS82967,493186.4027328371,4877933.571553112,green_ash,5.0,0.0,False
POS83424,493203.28557368496,4878095.438820005,maple,20.0,0.0,False
POS83480,493230.7028327249,4878140.621624728,maple,19.0,0.0,False
POS83483,493233.46770982386,4878140.809542604,maple,39.0,0.0,False
POS83737,493285.2537296452,4877872.203836627,oregon_ash,12.0,0.0,False
POS83738,493289.7492333047,4877860.1420170395,oregon_ash,11.0,0.0,False
POS83754,493308.08475762414,4877826.534747736,oregon_ash,5.0,0.0,False
POS84692,492892.81810685253,4878023.274654199,maple,5.0,0.0,False
POS85145,493942.82564223243,4876205.267164339,oak,2.0,0.0,False
POS85146,494002.0969219283,4876204.570886081,oak,1.0,0.0,False
POS85951,494419.96028971055,4877270.441472497,green_ash,13.0,0.0,False
POS85955,494420.98690737627,4877262.316946165,green_ash,15.0,0.0,False
POS85964,494420.79397400585,4877241.624907959,green_ash,16.0,0.0,False
POS85973,494418.7061077608,4877211.473301044,green_ash,17.0,0.0,False
POS85986,494418.3941374979,4877200.438626177,green_ash,14.0,0.0,False
POS85994,494417.2941058489,4877190.52756769,green_ash,18.0,0.0,False
POS85998,494419.30510260555,4877180.70946354,green_ash,18.0,0.0,False
POS86000,494419.23657588434,4877172.03573169,green_ash,15.0,0.0,False
POS86002,494419.17864315014,4877161.050339385,green_ash,16.0,0.0,False
POS86004,494418.93811401544,4877142.06353205,green_ash,12.0,0.0,False
POS86018,494399.24862563884,4877156.06838068,maple,4.0,0.0,False
POS86027,494399.060558343,4877146.590272456,oregon_ash,8.0,0.0,False
POS87044,494398.6061098913,4877298.491557467,green_ash,16.0,0.0,False
POS87045,494383.1550432642,4877300.148761577,green_ash,13.0,0.0,False
POS87047,494377.6683226782,4877301.835461123,green_ash,14.0,0.0,False
POS91773,493560.2143257469,4878126.298611337,douglas_fir,17.0,0.0,False
POS91774,493572.60274614993,4878152.091621976,maple,5.0,0.0,False
POS91776,493567.819516724,4878131.0816261405,oregon_ash,43.0,0.0,False
POS91777,493577.2367870937,4878135.009394029,maple,45.0,0.0,False
POS91778,493573.17852527247,4878140.190939517,maple,20.0,0.0,False
POS91779,493585.19770492695,4878143.326933979,maple,26.0,0.0,False
POS91780,493577.5439002317,4878141.885070968,maple,10.0,0.0,False
POS91781,493573.2398735882,4878137.404884676,maple,10.0,0.0,False
POS91782,493589.82032306906,4878151.795150889,oregon_ash,25.0,0.0,False
POS91784,493582.9477445678,4878135.877857451,maple,60.0,0.0,False
POS91785,493590.714873157,4878136.139566293,maple,26.0,0.0,False
POS91865,493609.0064789962,4878130.294378409,maple,27.0,0.0,False
POS91866,493629.93298001605,4878136.035683519,douglas_fir,33.0,0.0,False
POS91867,493642.85656116996,4878142.85168376,douglas_fir,22.0,0.0,False
POS91868,493635.6639162437,4878135.229492396,douglas_fir,27.0,0.0,False
POS91869,493646.9673465747,4878136.530171469,douglas_fir,24.0,0.0,False
POS91872,493658.3627235811,4878148.6590278195,douglas_fir,22.0,0.0,False
POS91873,493658.96001123573,4878139.17406167,douglas_fir,19.0,0.0,False
POS91875,493663.90294781444,4878144.559244267,douglas_fir,22.0,0.0,False
POS91876,493677.1722906575,4878153.745837165,douglas_fir,22.0,0.0,False
POS91877,493672.0291406381,4878147.18144312,douglas_fir,22.0,0.0,False
POS91878,493685.7671405797,4878137.870454358,douglas_fir,30.0,0.0,False
POS91879,493729.78079754225,4878140.044969952,douglas_fir,26.0,0.0,False
POS91882,493771.34895073465,4878134.071455442,maple,7.0,0.0,False
POS91883,493748.51040376566,4878097.931943016,douglas_fir,26.0,0.0,False
POS91884,493725.3314129482,4878059.9706118945,maple,26.0,0.0,False
POS91885,493723.7444220701,4878065.182410713,maple,17.0,0.0,False
POS91886,493733.66683284007,4878010.357537486,douglas_fir,26.0,0.0,False
POS91887,493724.32888235606,4878010.584061051,douglas_fir,33.0,0.0,False
POS91888,493711.1962203457,4878005.362065631,douglas_fir,40.0,0.0,False
POS91889,493621.5202710607,4878058.085109702,maple,33.0,0.0,False
POS91892,493605.94849460764,4878066.944361429,oak,9.0,0.0,False
POS91893,493596.5243310164,4878095.589193166,maple,33.0,0.0,False
POS91911,494011.40673096216,4878140.598576534,maple,49.0,0.0,False
POS91913,494019.0896978043,4878141.076688368,maple,44.0,0.0,False
POS91915,494027.55393043463,4878126.820564259,douglas_fir,9.0,0.0,False
POS91916,494014.6228350747,4878129.236311495,douglas_fir,13.0,0.0,False
POS91917,494022.1911518105,4878121.319243461,maple,34.0,0.0,False
POS91918,494023.79268398153,4878119.956099068,douglas_fir,9.0,0.0,False
POS91919,494019.81687750656,4878131.870508032,maple,96.0,0.0,False
POS91920,494025.9989347813,4878118.277992752,douglas_fir,10.0,0.0,False
POS91921,494031.9559212532,4878116.09661131,douglas_fir,13.0,0.0,False
POS91922,494033.8840356495,4878123.928596717,douglas_fir,17.0,0.0,False
POS91923,494061.1521549243,4878100.890203077,oregon_ash,15.0,0.0,False
POS91924,494039.9032061077,4878118.742278836,oregon_ash,12.0,0.0,False
POS91925,494067.46319484303,4878099.189903619,oregon_ash,30.0,0.0,False
POS91926,494088.7216353609,4878096.489779126,oregon_ash,18.0,0.0,False
POS91929,494127.1899400081,4878094.41510558,douglas_fir,26.0,0.0,False
POS91930,494074.6233120579,4878108.675689622,oregon_ash,21.0,0.0,False
POS91933,494128.18423821806,4878103.275253595,oregon_ash,26.0,0.0,False
POS91935,494144.053620241,4878108.395235662,oregon_ash,60.0,0.0,False
POS91936,494176.62445989414,4878094.100279399,douglas_fir,19.0,0.0,False
POS91937,494191.7171126612,4878093.293199075,oak,28.0,0.0,False
POS91939,494216.5158740198,4878105.509602799,douglas_fir,18.0,0.0,False
POS91940,494222.73536036164,4878105.506425589,douglas_fir,14.0,0.0,False
POS91942,494309.2779206179,4878118.95914434,maple,20.0,0.0,False
POS91943,494314.18231461296,4878120.870877695,maple,25.0,0.0,False
POS91944,494321.14646351885,4878125.93578269,maple,33.0,0.0,False
POS91945,494325.6806638636,4878126.071112894,maple,16.0,0.0,False
POS91951,494262.153823518,4878057.88951762,maple,77.0,0.0,False
POS91952,494248.38430074294,4878062.908614928,oregon_ash,27.0,0.0,False
POS91953,494247.5095570029,4878070.628946262,douglas_fir,13.0,0.0,False
POS91954,494242.92551107233,4878069.881910338,maple,9.0,0.0,False
POS91955,494246.77008432726,4878062.525526086,oregon_ash,26.0,0.0,False
POS91959,494223.9698730376,4878069.180049889,maple,7.0,0.0,False
POS91960,494217.24319669465,4878068.1168568535,oregon_ash,10.0,0.0,False
POS91963,494188.8305441231,4878068.126072008,maple,18.0,0.0,False
POS91965,494206.2538374704,4878059.821419222,maple,180.0,0.0,False
POS91966,494159.62188464217,4878068.389339973,oregon_ash,15.0,0.0,False
POS91968,494146.8549503207,4878054.703385119,douglas_fir,29.0,0.0,False
POS91969,494098.39268000895,4878057.1349971155,oregon_ash,27.0,0.0,False
POS91970,494094.9752270426,4878055.6991585735,oregon_ash,27.0,0.0,False
POS91972,493594.3011043229,4878106.092467602,maple,22.0,0.0,False
POS91973,493612.90057826287,4878097.249774983,maple,22.0,0.0,False
POS91978,493632.17122240306,4878094.80541095,maple,19.0,0.0,False
POS91979,493624.48521763517,4878101.914649765,maple,24.0,0.0,False
POS91980,493634.65809606836,4878110.859024237,maple,6.0,0.0,False
POS91982,493608.82096213615,4878110.930645385,maple,35.0,0.0,False
POS91983,493613.7514159167,4878115.474229312,maple,21.0,0.0,False
POS91984,493617.3829163308,4878120.725269205,maple,24.0,0.0,False
POS91985,493623.9847896639,4878116.534465778,maple,20.0,0.0,False
POS91988,493655.41680461745,4878142.16621025,douglas_fir,20.0,0.0,False
POS91989,493645.66215017426,4878132.779203831,douglas_fir,20.0,0.0,False
POS91990,493645.77836350905,4878127.407606766,douglas_fir,24.0,0.0,False
POS91991,493647.192893231,4878122.066957502,douglas_fir,27.0,0.0,False
POS91992,493658.62734367093,4878131.757405376,douglas_fir,27.0,0.0,False
POS91993,493665.6344570726,4878125.3173274845,douglas_fir,27.0,0.0,False
POS91994,493665.53625510354,4878131.502787136,douglas_fir,22.0,0.0,False
POS91995,493671.69991645194,4878135.876470143,douglas_fir,22.0,0.0,False
POS91996,493677.6412796435,4878135.146661948,douglas_fir,24.0,0.0,False
POS91997,493688.78523099096,4878131.862641633,douglas_fir,24.0,0.0,False
POS91998,493681.0452315053,4878131.3587331055,douglas_fir,20.0,0.0,False
POS91999,493669.8385823282,4878130.60495824,douglas_fir,20.0,0.0,False
POS92000,493680.0099651186,4878126.9503008835,douglas_fir,20.0,0.0,False
POS92001,493675.02163594094,4878122.539893177,douglas_fir,20.0,0.0,False
POS92002,493672.93869581266,4878117.600077691,douglas_fir,20.0,0.0,False
POS92003,493676.55340636615,4878118.119471248,douglas_fir,20.0,0.0,False
POS92004,493717.78126717545,4878151.992421272,oak,24.0,0.0,False
POS92012,493756.2070285254,4878117.56764809,maple,10.0,0.0,False
POS92013,493742.69965857314,4878110.539614632,douglas_fir,26.0,0.0,False
POS92016,493776.2268861845,4878079.046337781,maple,16.0,0.0,False
POS92017,493776.892677149,4878071.645579145,maple,32.0,0.0,False
POS92019,493760.169678646,4878010.695204833,maple,34.0,0.0,False
POS92020,493781.9425864249,4877984.967301753,maple,3.0,0.0,False
POS92021,493789.9501764583,4877982.784614911,pine,4.0,0.0,False
POS92022,493795.18819394027,4877981.415697461,pine,4.0,0.0,False
POS92023,493806.5844405176,4877979.167641137,pine,4.0,0.0,False
POS92024,493802.3072285113,4877979.760008898,maple,3.0,0.0,False
POS92025,493813.08065425244,4877979.224218371,pine,4.0,0.0,False
POS92026,493818.702874528,4877980.918162865,pine,4.0,0.0,False
POS92028,493756.9192007462,4877992.014116074,sycamore,4.0,0.0,False
POS92029,493743.3360095342,4877991.051406198,maple,22.0,0.0,False
POS92034,493676.25108618994,4877989.7424740065,maple,26.0,0.0,False
POS92036,493658.75382379204,4877967.437090403,maple,27.0,0.0,False
POS92037,493660.0813526321,4877980.549017741,maple,30.0,0.0,False
POS92038,493659.9239068733,4877986.374000295,maple,12.0,0.0,False
POS92039,493663.86257093976,4877990.158963653,maple,12.0,0.0,False
POS92040,493647.59016250836,4877977.610439152,maple,27.0,0.0,False
POS92041,493649.942316554,4877983.2638128735,maple,27.0,0.0,False
POS92043,493650.15368142875,4877996.634736958,maple,12.0,0.0,False
POS92044,493653.22738800745,4877997.14368446,maple,21.0,0.0,False
POS92045,493654.13397480606,4877999.5509155,maple,18.0,0.0,False
POS92046,493656.1852989434,4877998.4800019115,maple,16.0,0.0,False
POS92047,493658.4687186456,4877996.82309677,maple,19.0,0.0,False
POS92048,493662.3368192629,4877998.0065732235,maple,23.0,0.0,False
POS92049,493636.8895718917,4878007.062207464,maple,24.0,0.0,False
POS92050,493662.29459472426,4878013.246586753,maple,24.0,0.0,False
POS92051,493634.6757894219,4878037.433982277,maple,26.0,0.0,False
POS92052,493638.36050101597,4878030.447731956,maple,32.0,0.0,False
POS92053,493642.87821088004,4878038.922821147,maple,32.0,0.0,False
POS92054,493683.31807073805,4878015.819192154,maple,34.0,0.0,False
POS92055,493696.6621158594,4878026.885676461,green_ash,34.0,0.0,False
POS92056,493705.3609744485,4878030.977313075,maple,7.0,0.0,False
POS92057,493698.5929494689,4878030.244004635,maple,28.0,0.0,False
POS92060,493700.5180905164,4878043.717976457,maple,25.0,0.0,False
POS92061,493708.3175824255,4878043.468337669,maple,25.0,0.0,False
POS92062,493722.25827877887,4878059.315176497,maple,15.0,0.0,False
POS92063,493723.4377425662,4878054.908040201,maple,10.0,0.0,False
POS92064,493720.2012030962,4878053.287598241,maple,28.0,0.0,False
POS92065,493716.4613918117,4878057.174307066,maple,13.0,0.0,False
POS92066,493716.4617293873,4878062.266174707,maple,13.0,0.0,False
POS92067,493717.3879697827,4878075.601729915,maple,31.0,0.0,False
POS92068,493714.0085268938,4878073.793617457,maple,15.0,0.0,False
POS92069,493708.11598204524,4878074.010166272,maple,24.0,0.0,False
POS92070,493704.30957938574,4878076.643348923,maple,11.0,0.0,False
POS92071,493699.9852861998,4878076.906702392,maple,16.0,0.0,False
POS92072,493695.1773163944,4878078.726869115,maple,22.0,0.0,False
POS92073,493686.62662288884,4878080.185426595,maple,20.0,0.0,False
POS92074,493676.19956252276,4878078.038874479,maple,24.0,0.0,False
POS92075,493660.7392654381,4878076.528330289,maple,29.0,0.0,False
POS92076,493684.3289266978,4878097.975403265,maple,44.0,0.0,False
POS92077,493689.78998500586,4878102.331717849,maple,13.0,0.0,False
POS92078,493690.9906604025,4878095.933853528,maple,15.0,0.0,False
POS92079,493694.6690828278,4878089.573836369,maple,15.0,0.0,False
POS92081,493712.31078205083,4878082.91073144,maple,17.0,0.0,False
POS92082,493710.7050847554,4878088.839793893,maple,12.0,0.0,False
POS92083,493722.1619678609,4878092.293421352,douglas_fir,32.0,0.0,False
POS92084,493726.53867075,4878097.518301606,douglas_fir,30.0,0.0,False
POS92086,493694.31651421974,4878115.812123495,maple,30.0,0.0,False
POS92175,493804.34895691526,4877754.800877599,oak,7.0,0.0,False
POS92176,493807.64979225205,4877762.483032324,oak,9.0,0.0,False
POS92177,493850.89310646144,4877756.195605937,oak,9.0,0.0,False
POS92178,493854.7199964735,4877763.618452617,oak,9.0,0.0,False
POS92179,493788.76381304354,4877741.349422453,oregon_ash,40.0,0.0,False
POS92180,493790.3302373148,4877732.842801488,maple,40.0,0.0,False
POS92181,493804.2151935147,4877729.856794477,douglas_fir,6.0,0.0,False
POS92182,493809.718601217,4877729.865740622,maple,28.0,0.0,False
POS92183,493812.34211390076,4877727.830873197,maple,9.0,0.0,False
POS92184,493814.3843503473,4877726.990795867,maple,10.0,0.0,False
POS92185,493816.17813335464,4877725.090069919,maple,20.0,0.0,False
POS92186,493822.70537860814,4877720.498325968,oak,20.0,0.0,False
POS92187,493828.8442511163,4877716.079496798,oregon_ash,20.0,0.0,False
POS92189,493816.7333118763,4877738.450662928,douglas_fir,8.0,0.0,False
POS92190,493843.9515821076,4877726.347693153,pine,24.0,0.0,False
POS92191,493844.1316366601,4877722.750752579,pine,24.0,0.0,False
POS92192,493844.5781245348,4877718.50294286,pine,24.0,0.0,False
POS92195,493823.23859752965,4877737.355674697,douglas_fir,6.0,0.0,False
POS92199,493828.5502817164,4877741.814940366,douglas_fir,16.0,0.0,False
POS92200,493874.1891620671,4877732.307908404,douglas_fir,23.0,0.0,False
POS92203,493831.7181398532,4877740.559843545,maple,4.0,0.0,False
POS92206,493887.29001802957,4877734.819577547,douglas_fir,14.0,0.0,False
POS92208,493844.1442193235,4877736.968379364,maple,5.0,0.0,False
POS92209,493889.2368386123,4877746.129538249,oregon_ash,31.0,0.0,False
POS92210,493838.9064920412,4877743.886281525,maple,8.0,0.0,False
POS92211,493892.8553292341,4877754.661200978,douglas_fir,25.0,0.0,False
POS92212,493849.0260150034,4877735.911540535,douglas_fir,7.0,0.0,False
POS92213,493886.4064687628,4877759.833201154,douglas_fir,25.0,0.0,False
POS92214,493883.3675090893,4877764.2783454005,douglas_fir,25.0,0.0,False
POS92215,493887.2573121047,4877769.234691794,douglas_fir,25.0,0.0,False
POS92216,493888.2819918586,4877777.060320466,douglas_fir,25.0,0.0,False
POS92217,493849.3152178854,4877737.714428841,douglas_fir,12.0,0.0,False
POS92218,493895.9663531812,4877778.2156936675,douglas_fir,25.0,0.0,False
POS92220,493902.68341195735,4877784.972475274,douglas_fir,25.0,0.0,False
POS92221,493903.39178946987,4877794.701023843,douglas_fir,25.0,0.0,False
POS92222,493854.09817727143,4877736.879847409,douglas_fir,13.0,0.0,False
POS92223,493896.12221599225,4877793.097515589,douglas_fir,30.0,0.0,False
POS92224,493891.709216751,4877795.04627293,douglas_fir,25.0,0.0,False
POS92226,493863.80350173736,4877743.151797057,douglas_fir,17.0,0.0,False
POS92227,493870.434408463,4877748.714069729,douglas_fir,24.0,0.0,False
POS92231,493881.5642612214,4877768.22515314,douglas_fir,25.0,0.0,False
POS92237,493888.9163684655,4877811.841951527,douglas_fir,25.0,0.0,False
POS92238,493881.3139870155,4877811.632255052,douglas_fir,25.0,0.0,False
POS92241,493896.34993158316,4877822.248231246,douglas_fir,30.0,0.0,False
POS92242,493887.67094147234,4877838.657127042,douglas_fir,24.0,0.0,False
POS92243,493883.10704133764,4877846.633670328,douglas_fir,22.0,0.0,False
POS92244,493890.35332637955,4877851.359581258,douglas_fir,27.0,0.0,False
POS92245,493895.174032541,4877843.342901154,douglas_fir,26.0,0.0,False
POS92246,493896.4523442603,4877852.782748711,douglas_fir,23.0,0.0,False
POS92248,493893.03062611155,4877909.842018631,douglas_fir,32.0,0.0,False
POS92254,493891.540851596,4877920.142979183,douglas_fir,26.0,0.0,False
POS92255,493912.1408001184,4877923.563883562,douglas_fir,30.0,0.0,False
POS92256,493908.47475904226,4877902.850823872,douglas_fir,27.0,0.0,False
POS92257,493910.702800577,4877893.335820904,douglas_fir,26.0,0.0,False
POS92261,493897.76586598856,4877875.129152103,douglas_fir,30.0,0.0,False
POS92262,493904.9213505617,4877868.0169815235,douglas_fir,19.0,0.0,False
POS92263,493904.64055233425,4877871.896723002,douglas_fir,22.0,0.0,False
POS92264,493912.6139370095,4877865.344980025,douglas_fir,20.0,0.0,False
POS92265,493915.9759817768,4877857.834783142,douglas_fir,22.0,0.0,False
POS92267,493909.7186332622,4877857.910237187,douglas_fir,26.0,0.0,False
POS92268,493912.3190618939,4877850.289206501,douglas_fir,19.0,0.0,False
POS92269,493921.4551222449,4877847.167270876,douglas_fir,22.0,0.0,False
POS92276,493921.7448535898,4877821.574012183,douglas_fir,24.0,0.0,False
POS92277,493926.65562822483,4877815.327675774,douglas_fir,23.0,0.0,False
POS92278,493928.7573220139,4877808.60528818,douglas_fir,26.0,0.0,False
POS92279,493932.3131207386,4877802.309811275,douglas_fir,28.0,0.0,False
POS92287,493860.011941157,4877785.770688783,oak,9.0,0.0,False
POS92288,493860.3572446607,4877787.788057949,douglas_fir,13.0,0.0,False
POS92289,493858.02889823605,4877791.291980276,douglas_fir,13.0,0.0,False
POS92292,493877.2077643488,4877922.285381394,oregon_ash,18.0,0.0,False
POS92303,493792.31288371095,4877958.2260631835,oak,30.0,0.0,False
POS92304,493630.5782386759,4877944.829713422,maple,39.0,0.0,False
POS92305,493638.3361846321,4877932.073242595,maple,39.0,0.0,False
POS92307,493640.01467522245,4877917.358775132,douglas_fir,31.0,0.0,False
POS92308,493639.6649377226,4877910.577725282,douglas_fir,40.0,0.0,False
POS92309,493716.2623375639,4877840.96271744,maple,47.0,0.0,False
POS92312,493699.52028752613,4877840.842861543,oregon_ash,11.0,0.0,False
POS92313,493696.91549004446,4877852.34648564,oregon_ash,14.0,0.0,False
POS92314,493688.48792504135,4877841.838541862,maple,40.0,0.0,False
POS92315,493659.73320839286,4877848.597397104,oregon_ash,8.0,0.0,False
POS92316,493652.0618710515,4877850.356408944,oregon_ash,7.0,0.0,False
POS92317,493644.1908513755,4877857.965045581,oregon_ash,13.0,0.0,False
POS92318,493636.2420818031,4877862.663470409,maple,22.0,0.0,False
POS92319,493624.8024341199,4877869.753288914,maple,26.0,0.0,False
POS92320,493621.2440593261,4877875.304267368,maple,13.0,0.0,False
POS92321,493618.47934372816,4877880.505620713,maple,13.0,0.0,False
POS92322,493615.5826864612,4877884.961012951,maple,13.0,0.0,False
POS92323,493613.81198611896,4877887.770456479,maple,13.0,0.0,False
POS92326,493576.4337831546,4877899.361810049,oregon_ash,11.0,0.0,False
POS92327,493567.81492417626,4877894.181128055,maple,18.0,0.0,False
POS92328,493565.79181236314,4877896.424421073,maple,38.0,0.0,False
POS92329,493563.4094358304,4877898.602490223,maple,55.0,0.0,False
POS92330,493556.8062842091,4877902.025134537,maple,36.0,0.0,False
POS92334,493603.0401966148,4877871.403670494,oregon_ash,15.0,0.0,False
POS92338,493619.55556488014,4877841.918626285,douglas_fir,21.0,0.0,False
POS92339,493632.0042989991,4877840.808110616,douglas_fir,21.0,0.0,False
POS92341,493639.233639913,4877848.216196005,oregon_ash,9.0,0.0,False
POS92342,493643.14841357275,4877837.056477107,maple,10.0,0.0,False
POS92343,493649.83062964416,4877834.03390591,douglas_fir,16.0,0.0,False
POS92345,493660.6943333264,4877836.749307968,oregon_ash,26.0,0.0,False
POS92347,493680.67030066304,4877832.814247829,maple,30.0,0.0,False
POS92348,493692.473666272,4877830.733643002,maple,30.0,0.0,False
POS92349,493687.9707341263,4877831.463780045,maple,13.0,0.0,False
POS92351,493698.6672341112,4877826.938164946,maple,27.0,0.0,False
POS92352,493705.35636783426,4877827.460112765,oregon_ash,26.0,0.0,False
POS92357,493757.8741924247,4877787.503704383,maple,27.0,0.0,False
POS92358,493780.4465726643,4877768.680465868,oregon_ash,28.0,0.0,False
POS92359,493786.1907730979,4877769.2595160175,oregon_ash,17.0,0.0,False
POS92360,493791.2135619291,4877762.426401554,maple,55.0,0.0,False
POS92361,493787.52595322445,4877783.016298735,maple,8.0,0.0,False
POS92362,493797.81205492513,4877772.006632594,oak,6.0,0.0,False
POS92366,493816.3353441139,4877778.76826274,douglas_fir,16.0,0.0,False
POS92367,493826.3995718244,4877786.15625738,oak,7.0,0.0,False
POS92368,493831.53590419795,4877782.183322777,oak,10.0,0.0,False
POS92374,493963.08008798136,4877793.7824739795,douglas_fir,22.0,0.0,False
POS92375,493967.7449056909,4877801.386134419,douglas_fir,17.0,0.0,False
POS92376,493965.06551995035,4877790.670730477,douglas_fir,28.0,0.0,False
POS92501,494459.69236884476,4878131.787574387,maple,10.0,0.0,False
POS92502,494463.98133124004,4878137.090445431,oak,9.0,0.0,False
POS92503,494399.7925919894,4877954.356923975,maple,14.0,0.0,False
POS92504,494402.98154028546,4877947.741294648,maple,14.0,0.0,False
POS92507,494429.6317183106,4877862.200317475,maple,30.0,0.0,False
POS92509,494430.41190144006,4877834.66693801,maple,5.0,0.0,False
POS92510,494426.33770265774,4877820.037479645,oregon_ash,30.0,0.0,False
POS92511,494424.3771179325,4877812.512927319,maple,9.0,0.0,False
POS92512,494420.0902051123,4877804.879640113,maple,21.0,0.0,False
POS92515,494387.92668305157,4877779.646896624,maple,43.0,0.0,False
POS92516,494384.0135339955,4877775.214965578,maple,38.0,0.0,False
POS92517,494378.47563118476,4877771.004249455,maple,44.0,0.0,False
POS92518,494375.85342814197,4877768.498708573,maple,30.0,0.0,False
POS92519,494362.589706216,4877761.090708477,maple,43.0,0.0,False
POS92520,494353.81828109984,4877756.783482603,maple,27.0,0.0,False
POS92521,494345.6102957186,4877754.345132262,maple,45.0,0.0,False
POS92522,494335.0378474101,4877751.423897775,maple,29.0,0.0,False
POS92523,494413.5903736963,4877788.322124819,oregon_ash,36.0,0.0,False
POS92524,494424.6187704361,4877795.845814384,maple,14.0,0.0,False
POS92525,494442.54547178926,4877845.188006238,maple,16.0,0.0,False
POS92528,494468.29418503435,4877712.794921308,maple,19.0,0.0,False
POS92529,494466.5831865839,4877715.976055783,maple,8.0,0.0,False
POS92530,494462.24301250465,4877762.941706402,maple,20.0,0.0,False
POS92531,494460.15075820393,4877788.737075679,maple,6.0,0.0,False
POS92532,494461.18933394045,4877793.322517642,oregon_ash,14.0,0.0,False
POS92533,494462.0503646543,4877798.93119281,maple,13.0,0.0,False
POS92534,494463.74176077486,4877811.175960039,maple,26.0,0.0,False
POS92535,494466.3117027644,4877818.598696231,maple,18.0,0.0,False
POS92536,494472.84056854586,4877836.130008238,maple,9.0,0.0,False
POS92537,494488.9041734159,4877868.931672819,oregon_ash,10.0,0.0,False
POS92538,494491.6690827847,4877874.744076639,oregon_ash,6.0,0.0,False
POS92546,494111.9206471725,4877730.89582343,maple,3.0,0.0,False
POS92547,494148.45234012883,4877740.986738336,douglas_fir,57.0,0.0,False
POS92548,494192.9904326911,4877737.140868284,maple,39.0,0.0,False
POS92549,494226.26954810123,4877737.892719787,maple,16.0,0.0,False
POS92550,494239.21329224325,4877731.3713246975,maple,32.0,0.0,False
POS92551,494244.99015469826,4877729.096965671,maple,16.0,0.0,False
POS92557,494374.1969873572,4877699.135072644,maple,15.0,0.0,False
POS92560,494404.1680672331,4877689.943591813,maple,37.0,0.0,False
POS92561,494433.9838359294,4877673.538648034,maple,26.0,0.0,False
POS92562,494448.1797034858,4877668.197367035,maple,24.0,0.0,False
POS92564,494463.40061025857,4877654.218204512,oregon_ash,4.0,0.0,False
POS92565,494467.4822128531,4877651.833548014,oregon_ash,4.0,0.0,False
POS92566,494506.4601781691,4877651.393872559,maple,45.0,0.0,False
POS92568,494518.7250704074,4877646.907488935,oregon_ash,6.0,0.0,False
POS92569,494526.0935907881,4877643.892514687,oregon_ash,6.0,0.0,False
POS92570,494541.1402968439,4877636.523866132,oregon_ash,12.0,0.0,False
POS92571,494457.3676244911,4877668.779408004,maple,43.0,0.0,False
POS92572,494407.99821008655,4877705.2615924645,maple,35.0,0.0,False
POS92573,494364.11402589804,4877711.24202346,maple,56.0,0.0,False
POS92574,494334.3571504472,4877707.647894052,douglas_fir,49.0,0.0,False
POS92576,494265.8090001681,4877725.311294191,maple,23.0,0.0,False
POS92577,494252.53351821733,4877739.459529372,oak,25.0,0.0,False
POS92580,494210.32741286175,4877754.0503322,maple,22.0,0.0,False
POS92581,494185.33322379674,4877741.803784165,oregon_ash,37.0,0.0,False
POS92582,494145.1812119512,4877746.204476102,maple,35.0,0.0,False
POS92583,494136.92688029225,4877746.505033387,maple,43.0,0.0,False
POS92584,494128.7258363928,4877744.698514472,maple,45.0,0.0,False
POS92585,494124.47061596526,4877745.2408338655,maple,37.0,0.0,False
POS92591,494384.17023891874,4877739.987228244,maple,15.0,0.0,False
POS92592,494483.77868774196,4877984.421902095,maple,8.0,0.0,False
POS92593,494485.17730633373,4877983.32041108,maple,3.0,0.0,False
POS92594,494486.9907336139,4877982.13529786,maple,3.0,0.0,False
POS92595,494488.85319548025,4877981.113253205,maple,7.0,0.0,False
POS92596,494490.8931832925,4877979.557790427,maple,15.0,0.0,False
POS92597,494493.04560071835,4877977.843978301,maple,9.0,0.0,False
POS92598,494494.78598608205,4877976.97849503,maple,6.0,0.0,False
POS92599,494496.5487744573,4877975.68406707,maple,15.0,0.0,False
POS92600,494498.0325331884,4877974.939828283,maple,5.0,0.0,False
POS92601,494499.1254951184,4877974.198425838,maple,8.0,0.0,False
POS92602,494500.7252149569,4877972.953032457,maple,8.0,0.0,False
POS92603,494501.92877631774,4877972.342435044,maple,10.0,0.0,False
POS92604,494502.6036417497,4877971.392747595,maple,11.0,0.0,False
POS92605,494508.28256735206,4877968.868162741,maple,18.0,0.0,False
POS92606,494513.691490183,4877964.557563852,maple,14.0,0.0,False
POS92607,494533.3377845156,4877946.207358212,maple,14.0,0.0,False
POS92608,494536.2868143643,4877945.70685982,maple,12.0,0.0,False
POS92609,494540.24617759197,4877944.124082289,maple,11.0,0.0,False
POS92610,494544.75587772625,4877941.19708835,maple,18.0,0.0,False
POS92611,494548.51475140284,4877940.628958675,oregon_ash,5.0,0.0,False
POS92612,494550.3207068757,4877937.1109498795,maple,12.0,0.0,False
POS92613,494546.0667975966,4877913.435447949,maple,5.0,0.0,False
POS92615,494543.31675675197,4877905.074408438,oregon_ash,6.0,0.0,False
POS92620,494515.67157121666,4877855.323247846,maple,28.0,0.0,False
POS92622,494510.5673074712,4877834.697557582,douglas_fir,10.0,0.0,False
POS92623,494528.45023576124,4877855.900759639,maple,50.0,0.0,False
POS92624,494506.3763607405,4877827.581550423,douglas_fir,9.0,0.0,False
POS92628,494509.1632161729,4877816.690084466,oak,5.0,0.0,False
POS92629,494492.9137282562,4877793.630974383,maple,28.0,0.0,False
POS92630,494507.7147621285,4877810.947572955,maple,30.0,0.0,False
POS92633,494502.22469227895,4877757.128017315,maple,16.0,0.0,False
POS92635,494518.67217633897,4877699.677889856,douglas_fir,9.0,0.0,False
POS92637,494524.1560844842,4877699.358453184,oregon_ash,13.0,0.0,False
POS92640,494562.9577877561,4877663.314689847,oregon_ash,13.0,0.0,False
POS92641,494638.2877507279,4877634.200184804,maple,30.0,0.0,False
POS92643,494644.05040011986,4877641.213903129,pine,30.0,0.0,False
POS92689,494572.42239514214,4877915.533728357,douglas_fir,32.0,0.0,False
POS92791,494578.90344185196,4877626.497833761,maple,49.0,0.0,False
POS92792,494631.491591203,4877611.971133708,oak,8.0,0.0,False
POS93384,493351.51132031553,4876787.5856477795,maple,8.0,0.0,False
POS93386,493354.65067890496,4876781.327923586,maple,8.0,0.0,False
POS93387,493358.25540108676,4876780.406469282,maple,5.0,0.0,False
POS93388,493365.5159057021,4876780.133138082,maple,5.0,0.0,False
POS93389,493368.9556968894,4876780.284798353,maple,8.0,0.0,False
POS93390,493376.3946001502,4876780.604811595,maple,4.0,0.0,False
POS93391,493379.43063150503,4876780.553615451,maple,4.0,0.0,False
POS93392,493384.4035867008,4876780.93943872,maple,4.0,0.0,False
POS93393,493389.513375412,4876782.041370035,maple,9.0,0.0,False
POS93394,493397.93024580413,4876781.0266240975,maple,10.0,0.0,False
POS93395,493408.37158402253,4876781.100932665,maple,1.0,0.0,False
POS94351,493583.2296821184,4877365.42324021,pine,21.0,0.0,False
POS94357,493712.48803467583,4877289.903259509,pine,21.0,0.0,False
POS94360,493779.9786705602,4877238.271371525,oak,42.0,0.0,False
POS94363,493827.8705020076,4877207.221951932,oak,32.0,0.0,False
POS94364,493843.21305107314,4877198.485254225,oak,34.0,0.0,False
POS94365,493858.4056593253,4877190.339501539,sycamore,42.0,0.0,False
POS94366,493851.41086476337,4877160.959372922,western_hemlock,6.0,0.0,False
POS94367,493860.0261676357,4877160.422675052,douglas_fir,51.0,0.0,False
POS94368,493867.6786529553,4877156.68223634,douglas_fir,28.0,0.0,False
POS94371,493885.9331495801,4877161.19588418,maple,8.0,0.0,False
POS94372,493884.7474516609,4877152.164398252,douglas_fir,57.0,0.0,False
POS94373,493906.42876639543,4877161.5430803215,oak,50.0,0.0,False
POS94374,493926.606627399,4877159.2347062,dogwood,12.0,0.0,False
POS94375,493935.0285648136,4877156.310959891,dogwood,10.0,0.0,False
POS94376,493943.7701055775,4877151.544591171,douglas_fir,56.0,0.0,False
POS94377,493952.84903122584,4877148.772757886,douglas_fir,41.0,0.0,False
POS94378,493978.373231082,4877144.639586183,western_hemlock,14.0,0.0,False
POS94379,493979.65442164865,4877145.237742962,western_hemlock,15.0,0.0,False
POS94381,493996.3778510136,4877139.833972545,pine,21.0,0.0,False
POS94382,494002.62092696223,4877139.111272609,pine,12.0,0.0,False
POS94400,494179.0209883432,4877086.332102373,pine,29.0,0.0,False
POS94404,494217.61316408846,4877074.320501213,douglas_fir,22.0,0.0,False
POS94406,494229.98961915495,4877074.094574649,western_hemlock,8.0,0.0,False
POS94408,494233.4094438435,4877072.5428892635,douglas_fir,25.0,0.0,False
POS94409,494238.8268227327,4877072.770781168,western_hemlock,7.0,0.0,False
POS94410,494241.541368527,4877070.470421513,douglas_fir,18.0,0.0,False
POS94411,494249.2216018744,4877070.236634201,douglas_fir,21.0,0.0,False
POS94417,494323.20688194025,4877038.147061599,oak,48.0,0.0,False
POS94419,494335.46507264004,4877041.886476335,oak,39.0,0.0,False
POS94543,494169.4836398862,4877133.277240809,oak,14.0,0.0,False
POS94544,494163.85769215884,4877134.49846506,oak,14.0,0.0,False
POS94545,494150.97731228673,4877152.456360829,oak,32.0,0.0,False
POS94547,494138.0233563291,4877153.883991131,oak,29.0,0.0,False
POS94548,494119.4904516037,4877155.527856764,oak,33.0,0.0,False
POS94549,494110.3467045352,4877167.052648119,oak,20.0,0.0,False
POS94551,494090.1554691854,4877157.104290764,oak,38.0,0.0,False
POS94552,494075.8003666923,4877161.560733268,oak,42.0,0.0,False
POS94553,494061.65032974887,4877164.309106899,oak,44.0,0.0,False
POS94554,494046.16997213603,4877168.405284624,oak,43.0,0.0,False
POS94555,494031.5643978731,4877170.96659263,oak,29.0,0.0,False
POS94556,494016.4378172901,4877175.8981792815,oak,57.0,0.0,False
POS94557,494001.41673627746,4877180.098372294,oak,36.0,0.0,False
POS94558,493986.85972661694,4877183.50295667,oak,38.0,0.0,False
POS94560,493949.0375583216,4877194.675513611,oak,33.0,0.0,False
POS94561,493931.98758837016,4877200.403839638,oak,28.0,0.0,False
POS94562,493933.4103439886,4877205.939322056,oak,20.0,0.0,False
POS94563,493924.97327512334,4877208.979144523,oak,20.0,0.0,False
POS94567,493909.73089770315,4877215.781532437,oak,17.0,0.0,False
POS94568,493885.20796605875,4877220.310694943,oak,19.0,0.0,False
POS94569,493872.2900413351,4877227.598404783,oak,19.0,0.0,False
POS94570,493872.2352379853,4877235.1777189365,maple,8.0,0.0,False
POS94571,493856.7661417445,4877232.758070639,maple,40.0,0.0,False
POS94572,493861.3528392124,4877241.032731154,oak,25.0,0.0,False
POS94573,493852.84281049896,4877245.30649384,oak,36.0,0.0,False
POS94574,493842.058739043,4877247.598923737,oak,15.0,0.0,False
POS95131,493426.8836309538,4876369.92978153,oak,2.0,0.0,False
POS95419,492948.09682671016,4878050.93005214,oak,1.0,0.0,False
POS95429,492812.5917547971,4878089.750099899,sycamore,3.0,0.0,False
POS95606,493542.6543937575,4877188.845914654,douglas_fir,36.0,0.0,False
POS95685,494402.9327565081,4877304.224177694,green_ash,14.0,0.0,False
POS95859,492685.93292552483,4876307.218902929,oak,2.0,0.0,False
POS95892,493955.9038975893,4877087.885607245,dogwood,12.0,0.0,False
POS95896,493945.1784386057,4877083.301955508,douglas_fir,43.0,0.0,False
POS95982,492670.119548606,4876317.483665535,oak,1.0,0.0,False
POS96244,492707.241922639,4877559.075592965,maple,5.0,0.0,False
POS96245,492708.39820641384,4877557.452146089,maple,5.0,0.0,False
POS96250,492727.8052530068,4877560.896297561,maple,4.0,0.0,False
POS96251,492728.58650111634,4877563.810905396,maple,4.0,0.0,False
POS96252,492728.927606114,4877566.713078168,maple,4.0,0.0,False
POS96255,492728.9090253726,4877571.229569283,maple,4.0,0.0,False
POS96256,492728.4192625601,4877574.247051138,maple,4.0,0.0,False
POS96257,492727.74506008654,4877577.138324898,maple,5.0,0.0,False
POS96258,492726.00580614986,4877580.000014666,maple,4.0,0.0,False
POS96259,492742.394637316,4877488.845940629,maple,17.0,0.0,False
POS96260,492726.03717175324,4877557.8242357625,maple,3.0,0.0,False
POS96487,492738.04408636625,4877529.453727264,sycamore,20.0,0.0,False
POS96577,494065.50905518106,4876205.362053265,oak,1.0,0.0,False
POS96670,494403.79114122037,4877326.198515652,oak,15.0,0.0,False
POS96671,494403.6939460197,4877333.602956692,oak,17.0,0.0,False
POS96672,494403.5201096089,4877344.955639041,oak,17.0,0.0,False
POS96711,493621.05512769945,4877959.46296312,pine,2.0,0.0,False
POS96770,493177.81848277635,4877862.089155073,maple,1.0,0.0,False
POS96772,493165.1875391399,4877861.976792288,maple,1.0,0.0,False
POS96773,493176.9128138855,4877852.53685883,maple,1.0,0.0,False
POS96774,493160.3807090954,4877847.942251081,maple,1.0,0.0,False
POS96775,493171.41255549074,4877841.788979979,maple,1.0,0.0,False
POS96783,493163.7522273398,4877854.657676906,maple,1.0,0.0,False
POS96992,492708.09351986134,4877184.138838129,maple,11.0,0.0,False
POS98713,494490.3735616944,4878013.6127388785,maple,,0.0,False
POS98714,494490.2750047342,4878012.448561255,maple,,0.0,False
POS98715,494488.77903322614,4878024.749193592,maple,,0.0,False
POS99086,494406.95954230125,4876242.475942444,pine,38.0,0.0,False
POS99087,494557.8720208668,4876300.627677367,maple,4.0,0.0,False
POS99088,494558.4425736283,4876327.822567557,maple,3.0,0.0,False
POS99166,492672.64233247953,4878139.874412464,maple,47.0,0.0,False
POS99199,492666.0925633956,4878130.8355781045,douglas_fir,46.0,0.0,False
POS99225,493644.3587801998,4876283.101125512,oak,2.0,0.0,False
POS99255,493764.23462057975,4876331.578737929,oregon_ash,1.0,0.0,False
POS99265,494161.3151040008,4878054.609348626,maple,5.0,0.0,False
POS99266,494178.7332534412,4878056.334551079,maple,2.0,0.0,False
POS99267,494190.44154451316,4878056.745701138,maple,3.0,0.0,False
POS99268,494193.9127597104,4878072.386083843,maple,17.0,0.0,False
POS99269,494195.8917238625,4878070.167878154,maple,15.0,0.0,False
POS99270,494199.56687883055,4878070.005659327,oregon_ash,32.0,0.0,False
POS99271,494202.89849930943,4878067.830525466,oregon_ash,14.0,0.0,False
POS99272,494206.3112520025,4878068.421998492,oregon_ash,18.0,0.0,False
POS99279,494336.59994362504,4878084.6934320135,maple,3.0,0.0,False
POS99282,494345.8879987752,4878089.458987179,oregon_ash,3.0,0.0,False
POS99283,494356.35519396723,4878093.674917829,oregon_ash,3.0,0.0,False
POS99286,494241.4059921297,4878111.187133008,douglas_fir,27.0,0.0,False
POS99362,494020.47854947083,4878137.162818227,oregon_ash,36.0,0.0,False
POS99374,492993.23035131337,4876938.603713928,oak,1.0,0.0,False
POS99376,492766.2132543871,4876938.581420134,oak,1.0,0.0,False
POS99377,494017.4578042245,4878147.648786554,oregon_ash,7.0,0.0,False
POS99378,494009.6265584695,4878149.749828586,maple,13.0,0.0,False
POS99379,494009.17561781115,4878151.509824361,maple,10.0,0.0,False
POS99421,493722.5436122605,4877525.810035207,maple,8.0,0.0,False
POS99422,493648.90502826724,4877547.3925523665,maple,17.0,0.0,False
POS99445,494043.2430759218,4877817.630479826,maple,45.0,0.0,False
POS99485,493103.7932809796,4876558.391103033,oak,4.0,0.0,False
POS99543,493395.7806131707,4876793.7215040475,maple,1.0,0.0,False
POS99544,493392.08459865104,4876800.050817609,maple,1.0,0.0,False
POS99545,493409.8466907447,4876787.167361732,maple,1.0,0.0,False
POS99606,493052.2682976894,4877434.693674997,maple,14.0,0.0,False
POS99624,492685.89744588645,4876246.977213515,maple,1.0,0.0,False
POS99625,492685.84279094264,4876240.689159609,maple,1.0,0.0,False
POS99658,493628.20509842027,4877186.645308586,maple,9.0,0.0,False
POS99771,494407.55663099216,4876623.833549102,oak,4.0,0.0,False
POS99772,494407.7391104924,4876632.44633418,oak,4.0,0.0,False
POS99773,494407.7917713348,4876641.0084192995,oak,4.0,0.0,False
POS99774,494407.7414993834,4876650.911619207,oak,4.0,0.0,False
POS99775,494407.9374332349,4876660.66078287,oak,4.0,0.0,False
POS99776,494407.9658425775,4876669.857383929,oak,4.0,0.0,False
POS100314,493441.19137363735,4876937.9899082435,oak,1.0,0.0,False
POS100480,492898.26334642724,4878023.703119164,maple,1.0,0.0,False
POS100563,492891.75781859126,4878038.442984559,maple,2.0,0.0,False
POS100564,492896.9156499725,4878038.454005604,maple,2.0,0.0,False
POS100565,492902.91895583965,4878038.255650988,maple,2.0,0.0,False
POS100718,493960.81625710096,4877819.219412842,douglas_fir,31.0,0.0,False
POS100719,493958.18395441095,4877812.883952707,douglas_fir,26.0,0.0,False
POS100723,493970.39050952636,4877806.37794938,douglas_fir,28.0,0.0,False
POS101356,492939.7980437894,4876360.10463842,oak,1.0,0.0,False
POS101662,492930.1257259809,4877248.9547762405,maple,1.0,0.0,False
POS101823,492775.7114991063,4877047.10231604,pine,2.0,0.0,False
POS102305,493275.1510817631,4876559.387468715,oak,4.0,0.0,False
POS102343,492863.9797308877,4877047.398031688,maple,1.0,0.0,False
POS102360,493060.3542208779,4876738.118751177,maple,3.0,0.0,False
POS102537,492820.9962729698,4876582.33397571,maple,10.0,0.0,False
POS102681,493241.79097276554,4878066.523839554,oregon_ash,5.0,0.0,False
POS102682,493241.4509404419,4878061.38433277,maple,6.0,0.0,False
POS102685,493243.3869521946,4878018.823188258,oregon_ash,6.0,0.0,False
POS102686,493241.63352648704,4878044.322352698,oregon_ash,6.0,0.0,False
POS102689,493240.9538941947,4878010.003104256,maple,6.0,0.0,False
POS102690,493243.4921907243,4878007.767485055,oregon_ash,8.0,0.0,False
POS102691,493244.39352395275,4878004.801791255,oregon_ash,5.0,0.0,False
POS102699,493300.74702924903,4877838.751852029,oregon_ash,4.0,0.0,False
POS102700,493303.56233553996,4877833.389900594,oregon_ash,6.0,0.0,False
POS102702,493308.57564047724,4877828.137547806,oregon_ash,3.0,0.0,False
POS102703,493320.6563655979,4877790.626690077,maple,7.0,0.0,False
POS102705,493408.2575856949,4877674.318005073,oregon_ash,5.0,0.0,False
POS102886,492785.2865083853,4877550.049094551,maple,1.0,0.0,False
POS103241,492821.75980678643,4876297.323896705,maple,9.0,0.0,False
POS103242,492821.6198443474,4876304.232163761,maple,10.0,0.0,False
POS103455,492908.28526503505,4878038.311194988,maple,2.0,0.0,False
POS104092,492700.8159817507,4876252.643510853,maple,1.0,0.0,False
POS104108,492872.4318723343,4877550.127791373,maple,1.0,0.0,False
POS104109,492880.3072521032,4877550.039806736,maple,1.0,0.0,False
POS104112,492902.56556146505,4877550.003242008,maple,1.0,0.0,False
POS104113,492908.40963868675,4877550.08404482,maple,1.0,0.0,False
POS104172,493425.8187538659,4876236.258633568,oak,1.0,0.0,False
POS104192,493136.87788030534,4878146.216394576,maple,2.0,0.0,False
POS104656,493050.57447954506,4877263.421339137,pine,1.0,0.0,False
POS104703,493887.2473925924,4876157.663454684,oak,1.0,0.0,False
POS104767,493062.582937069,4877269.4308007965,maple,8.0,0.0,False
POS105442,493200.04525549314,4877675.982841793,maple,1.0,0.0,False
POS105451,492927.54768681916,4876600.404733529,sycamore,1.0,0.0,False
POS105452,492940.7083027009,4876496.188562606,oak,1.0,0.0,False
POS105501,492808.3539268212,4877068.423444717,sycamore,3.0,0.0,False
POS105681,492942.46061606664,4876869.166272721,oak,1.0,0.0,False
POS105709,493643.8949818822,4876296.289048638,oak,1.0,0.0,False
POS105710,493060.6759149056,4876744.1777586695,maple,1.0,0.0,False
POS105711,493060.8405955141,4876732.011456874,maple,1.0,0.0,False
POS105823,493171.09794581897,4877070.705597707,oak,1.0,0.0,False
POS105925,493307.61139977927,4877547.132310662,sycamore,1.0,0.0,False
POS106295,493403.3282589059,4876328.914064783,maple,1.0,0.0,False
POS106296,493397.2450994672,4876328.831818928,maple,1.0,0.0,False
POS106297,494383.030094128,4876312.7068189895,sycamore,2.0,0.0,False
POS106362,492869.271634762,4876214.557024353,pine,21.0,0.0,False
POS106373,493998.67363894894,4876310.966072974,pine,1.0,0.0,False
POS106376,493971.3929268727,4876311.215790582,sycamore,1.0,0.0,False
POS106382,493698.5208794444,4876329.83101592,maple,1.0,0.0,False
POS106383,493677.313370066,4876329.978251279,maple,1.0,0.0,False
POS106385,493589.93373992055,4876330.18985859,maple,1.0,0.0,False
POS106390,493497.211126002,4876328.945373451,oak,1.0,0.0,False
POS106549,492851.2246112866,4876330.863208404,maple,1.0,0.0,False
POS125498,494336.59994362504,4878084.6934320135,maple,3.0,0.0,False
POS125640,493425.69598354114,4876225.646982037,oak,1.0,0.0,False
POS125990,492686.1331887464,4877230.285731977,maple,1.0,0.0,False
POS126077,493061.7354620625,4876856.809413447,sycamore,1.0,0.0,False
POS126117,492930.637784681,4877389.290185017,maple,1.0,0.0,False
POS126119,492942.11565961095,4876796.941622719,pine,2.0,0.0,False
POS126120,492928.44992770546,4876794.99693867,oak,2.0,0.0,False
POS126236,493412.52574928897,4876271.837539273,maple,1.0,0.0,False
POS126237,493412.7881291657,4876265.482045186,maple,1.0,0.0,False
POS126238,493412.6334061726,4876259.122803027,maple,1.0,0.0,False
POS126240,493412.4785336445,4876253.184071181,maple,1.0,0.0,False
POS126532,493409.087373321,4876309.224486,maple,7.0,0.0,False
POS126627,492806.7485247425,4876672.641209684,maple,1.0,0.0,False
POS126628,492807.33547454566,4876702.118738524,oak,1.0,0.0,False
POS126803,493412.27361574606,4876247.712562238,maple,1.0,0.0,False
POS126944,492663.59606394236,4876939.2323587695,maple,1.0,0.0,False
POS127034,493788.01513429737,4877162.719519182,pine,12.0,0.0,False
POS127035,493781.08785459795,4877162.865283603,pine,10.0,0.0,False
POS127081,493429.7451402112,4877630.165432428,pine,1.0,0.0,False
POS127087,493443.76932827284,4877612.224195836,oak,,0.0,False
POS127088,493451.10264704085,4877618.809765307,oak,1.0,0.0,False
POS127173,494548.2221141309,4878107.317886997,oak,12.0,0.0,False
POS127174,494557.31146200607,4878100.473858764,oak,12.0,0.0,False
POS127952,492824.6852366704,4877617.789519194,maple,1.0,0.0,False
POS127954,492824.4963182567,4877586.7724057585,maple,1.0,0.0,False
POS127960,493311.0530048413,4877603.14862084,sycamore,1.0,0.0,False
POS127961,493306.5142633709,4877606.720484942,sycamore,1.0,0.0,False
POS127962,493301.7372525547,4877610.381541209,sycamore,1.0,0.0,False
POS127964,493231.6644884813,4877665.590413502,sycamore,1.0,0.0,False
POS127979,493359.04827187076,4877598.622553694,oak,1.0,0.0,False
POS127980,493351.63991417683,4877604.272060565,oak,2.0,0.0,False
POS128152,492942.68618843175,4876854.724074843,oak,2.0,0.0,False
POS128436,492681.38413849164,4877590.841576542,oak,5.0,0.0,False
POS128437,492669.09237341443,4877598.04860195,oak,5.0,0.0,False
POS128438,492668.60957355273,4877590.974066741,oak,5.0,0.0,False
POS128439,492681.54552478006,4877598.3116329685,oak,6.0,0.0,False
POS128440,492669.2278805434,4877560.272428576,sycamore,6.0,0.0,False
POS128441,492675.83661512367,4877560.20134179,sycamore,6.0,0.0,False
POS128442,492675.2929452451,4877590.744302115,oak,5.0,0.0,False
POS128443,492680.42423025344,4877560.386749817,sycamore,6.0,0.0,False
POS128444,492681.0229441905,4877577.249260146,sycamore,5.0,0.0,False
POS128445,492669.4599690155,4877566.827665929,sycamore,6.0,0.0,False
POS128446,492674.6690437402,4877567.095521918,sycamore,6.0,0.0,False
POS128448,492680.89410544693,4877566.942683145,sycamore,5.0,0.0,False
POS128449,492675.27989690844,4877577.371982054,sycamore,6.0,0.0,False
POS128654,493557.003287057,4878061.351676688,oak,1.0,0.0,False
POS128655,493576.6745245983,4877999.930935016,oak,1.0,0.0,False
POS128667,492867.4725894077,4877168.3462989675,maple,1.0,0.0,False
POS129274,492700.1805618055,4877125.494773954,sycamore,1.0,0.0,False
POS129319,493129.3065627036,4877999.885314769,maple,6.0,0.0,False
POS129321,493156.05784987804,4877994.977793794,maple,6.0,0.0,False
POS129758,492945.0062642452,4877244.28198647,maple,1.0,0.0,False
POS129759,492942.0513732246,4876741.63293597,oak,1.0,0.0,False
POS129760,492942.19334864046,4876732.442569023,oak,1.0,0.0,False
POS133182,493580.0159732434,4878142.0091508385,oregon_ash,9.0,0.0,False
POS133539,493290.14395920036,4876388.896835908,oak,1.0,0.0,False
POS134363,493160.6417958195,4877756.86867802,maple,1.0,0.0,False
POS134369,493237.8211800536,4877694.900424603,maple,1.0,0.0,False
POS134370,493244.9403876654,4877689.052870931,maple,1.0,0.0,False
POS134377,493320.54053764686,4877628.729842651,maple,1.0,0.0,False
POS134433,493346.0119947123,4877408.0003012605,oak,1.0,0.0,False
POS134434,493333.34593458753,4877408.035405578,oak,1.0,0.0,False
POS134435,493325.7413974545,4877408.0752627,oak,1.0,0.0,False
POS134982,493413.78426168143,4876729.210002794,oak,1.0,0.0,False
POS135121,493284.2152133674,4876385.462213836,maple,1.0,0.0,False
POS135122,493268.8336729988,4876389.964284196,maple,1.0,0.0,False
POS135675,492941.0596727883,4876518.165412847,maple,4.0,0.0,False
POS135676,492941.1576997071,4876525.3724886635,maple,5.0,0.0,False
POS135678,492940.8762413135,4876550.1844505705,maple,18.0,0.0,False
POS135679,492941.39157397446,4876580.506579906,oak,3.0,0.0,False
POS135680,492941.3666643119,4876592.801461892,oak,2.0,0.0,False
POS135681,492942.1587266385,4876604.669309161,maple,5.0,0.0,False
POS135682,492942.0848106701,4876619.950031028,oak,1.0,0.0,False
POS135686,492941.6843832181,4876664.568218915,oak,1.0,0.0,False
POS135694,492942.33275872946,4876827.204231954,maple,16.0,0.0,False
POS135696,492942.74338746606,4876839.58210694,maple,12.0,0.0,False
POS135698,492942.7056635131,4876858.51232407,oak,1.0,0.0,False
POS135700,492928.94589757564,4876882.786523359,sycamore,1.0,0.0,False
POS135701,492942.72595629,4876878.755616198,maple,5.0,0.0,False
POS135702,492943.6870318826,4876895.27095635,maple,37.0,0.0,False
POS135703,492942.7863424766,4876953.596047834,maple,11.0,0.0,False
POS135704,492942.6275715266,4876958.916189036,maple,14.0,0.0,False
POS135705,492943.29101870785,4876978.669152995,maple,6.0,0.0,False
POS135706,492943.4020924251,4877016.927853264,sycamore,10.0,0.0,False
POS135708,492943.450185357,4877036.306638284,oak,1.0,0.0,False
POS135709,492943.56251475465,4877074.523269274,maple,15.0,0.0,False
POS135710,492943.35265421344,4877092.057192084,maple,10.0,0.0,False
POS135711,492943.4973703713,4877097.699799035,maple,11.0,0.0,False
POS135713,492821.5224318693,4876756.807580717,oak,2.0,0.0,False
POS135715,492821.4009583794,4876829.700242027,maple,34.0,0.0,False
POS135718,492821.9568796815,4876863.544981939,maple,35.0,0.0,False
POS135719,492821.8123925322,4876878.88849061,sycamore,14.0,0.0,False
POS135720,492822.4336889951,4876910.542603333,sycamore,7.0,0.0,False
POS135725,492822.73790119775,4876973.822317301,maple,10.0,0.0,False
POS135726,492822.4203624385,4876984.462599437,oak,1.0,0.0,False
POS135732,492822.34660675353,4877079.766094093,maple,8.0,0.0,False
POS135733,492822.32602439704,4877085.589474429,maple,13.0,0.0,False
POS135734,492823.0079531321,4877137.593058332,maple,23.0,0.0,False
POS135735,492822.84636231005,4877144.632970327,maple,16.0,0.0,False
POS135736,492822.9502927774,4877151.055885398,maple,16.0,0.0,False
POS135737,492823.0829942715,4877157.694266108,maple,16.0,0.0,False
POS135738,492823.34268690634,4877399.196369512,maple,14.0,0.0,False
POS135739,492823.0012746605,4877393.70080166,maple,13.0,0.0,False
POS135740,492823.0381520171,4877389.465963852,maple,16.0,0.0,False
POS135744,492822.71670941194,4877257.914353265,maple,19.0,0.0,False
POS135747,492824.79972448514,4877230.099696325,maple,13.0,0.0,False
POS135748,492825.35527189967,4877221.972606309,maple,12.0,0.0,False
POS135749,492825.39743358723,4877210.071270742,maple,14.0,0.0,False
POS135753,492943.7108683004,4877155.017978458,maple,12.0,0.0,False
POS135754,492944.74817833444,4877216.401368865,oak,35.0,0.0,False
POS135755,492944.9252204849,4877221.42991849,oak,29.0,0.0,False
POS135756,492944.8007589694,4877229.9331852915,oak,37.0,0.0,False
POS135757,492945.51478466153,4877312.483612607,maple,22.0,0.0,False
POS135758,492945.78855707037,4877320.094832481,maple,19.0,0.0,False
POS135760,492945.8243344082,4877335.432903274,maple,22.0,0.0,False
POS135772,492881.476822205,4876558.855334086,oak,2.0,0.0,False
POS135775,492919.1299903998,4876572.900378044,sycamore,10.0,0.0,False
POS135778,492829.24281621294,4876572.212119528,maple,10.0,0.0,False
POS135779,492837.33808029676,4876572.142297133,maple,9.0,0.0,False
POS135780,492846.67717375193,4876572.109794757,maple,9.0,0.0,False
POS135781,492788.18094928464,4876573.151880461,oak,2.0,0.0,False
POS135790,492767.43778145703,4876559.438089109,oak,1.0,0.0,False
POS135791,492779.2189758816,4876559.437697638,oak,3.0,0.0,False
POS135796,492832.79634646146,4876802.557380033,oak,1.0,0.0,False
POS135797,492842.58608492714,4876802.584027569,maple,33.0,0.0,False
POS135799,492863.46776298835,4876803.680919435,maple,23.0,0.0,False
POS135803,492910.8783524368,4876803.125539051,maple,2.0,0.0,False
POS135806,492882.95319769904,4876681.2045161,dogwood,3.0,0.0,False
POS135833,492918.99805708183,4876938.951855858,oak,1.0,0.0,False
POS135836,492898.50180052913,4876939.439917199,oak,1.0,0.0,False
POS135839,492736.1035298816,4876938.035470184,douglas_fir,35.0,0.0,False
POS135840,492761.1483242123,4876938.469469036,douglas_fir,45.0,0.0,False
POS135841,492727.5520711764,4876938.852106351,maple,16.0,0.0,False
POS135842,492715.10838109115,4876938.348446835,maple,17.0,0.0,False
POS135843,492706.6495787811,4876938.409322948,maple,15.0,0.0,False
POS135848,492778.2565022375,4876816.51037471,pine,9.0,0.0,False
POS135849,492785.76736904675,4876816.734521572,pine,8.0,0.0,False
POS135850,492835.2800478699,4876816.604077501,maple,42.0,0.0,False
POS135949,492686.49606499774,4877148.49874835,maple,6.0,0.0,False
POS135950,492686.64943486144,4877156.478690541,maple,10.0,0.0,False
POS135951,492685.95759021747,4877204.690444687,oak,6.0,0.0,False
POS135952,492685.8332109386,4877211.076644509,oak,10.0,0.0,False
POS135953,492687.3314022415,4877266.393781083,oak,23.0,0.0,False
POS135954,492687.0947616059,4877274.323380744,oak,19.0,0.0,False
POS135955,492686.8474520049,4877282.37256582,oak,17.0,0.0,False
POS135956,492684.0999195851,4877313.307192574,oak,15.0,0.0,False
POS135957,492684.241030928,4877318.805984258,oak,16.0,0.0,False
POS135958,492684.0589975011,4877324.905752413,oak,16.0,0.0,False
POS135959,492686.46249237994,4877370.462270165,oak,22.0,0.0,False
POS135960,492685.7937285607,4877379.29360203,oak,18.0,0.0,False
POS135961,492686.3418401465,4877387.03801181,oak,12.0,0.0,False
POS135963,492701.3707487695,4877376.160044557,oak,2.0,0.0,False
POS135964,492701.3984613835,4877366.384751686,oak,1.0,0.0,False
POS135967,492703.15931255784,4877319.065346897,oak,4.0,0.0,False
POS135968,492703.29583635484,4877314.490570704,oak,8.0,0.0,False
POS135969,492701.3472517312,4877277.4961042525,maple,14.0,0.0,False
POS135970,492701.501981912,4877272.3112507975,maple,14.0,0.0,False
POS135971,492701.6749124991,4877266.516520301,maple,10.0,0.0,False
POS135972,492701.51560102496,4877261.6276049195,maple,15.0,0.0,False
POS135973,492701.9752667472,4877256.451951381,maple,6.0,0.0,False
POS135974,492702.12999398366,4877251.267197582,maple,15.0,0.0,False
POS135975,492703.30371282576,4877229.486303775,maple,30.0,0.0,False
POS135976,492700.7520734282,4877212.1935862135,maple,19.0,0.0,False
POS135977,492700.5679261693,4877197.561106221,maple,17.0,0.0,False
POS135978,492700.6417528166,4877192.017725575,maple,17.0,0.0,False
POS135983,492686.2060122976,4876714.943143145,green_ash,11.0,0.0,False
POS135985,492686.33521140186,4876745.447544262,oak,15.0,0.0,False
POS135986,492685.9405031697,4876758.569914569,maple,11.0,0.0,False
POS135987,492686.07677999773,4876768.074306331,oak,3.0,0.0,False
POS135988,492686.0086213321,4876777.180883562,oak,13.0,0.0,False
POS135989,492685.9692398305,4876793.633670102,maple,11.0,0.0,False
POS135990,492715.1756902065,4876816.599626048,maple,16.0,0.0,False
POS135993,492699.69351446704,4876880.17317071,maple,3.0,0.0,False
POS135995,492700.08403963497,4876896.3346724445,oak,36.0,0.0,False
POS135999,492685.9172311997,4876891.402942741,oak,32.0,0.0,False
POS136000,492686.2135754118,4876879.016466248,oak,41.0,0.0,False
POS136001,492686.50384565385,4876864.370531413,oak,9.0,0.0,False
POS136002,492685.54299783084,4876835.994693626,oak,37.0,0.0,False
POS136003,492686.3106402122,4876827.392108667,oak,19.0,0.0,False
POS136018,492664.3099601305,4876817.045217866,oak,19.0,0.0,False
POS136019,492676.1381165567,4876817.469004859,oak,22.0,0.0,False
POS136020,492669.8658981538,4876803.555756797,maple,6.0,0.0,False
POS136272,492927.22909056995,4876512.522479008,green_ash,10.0,0.0,False
POS136273,492927.40781487705,4876527.94624865,green_ash,10.0,0.0,False
POS136274,492927.3135317345,4876537.958182698,oak,2.0,0.0,False
POS136276,492927.5887541671,4876578.601304894,sycamore,7.0,0.0,False
POS136277,492927.57306088594,4876586.221100271,sycamore,11.0,0.0,False
POS136284,492927.99931546574,4876751.126293291,green_ash,12.0,0.0,False
POS136285,492928.0861015203,4876763.971022284,oak,28.0,0.0,False
POS136286,492928.0252579981,4876776.498234422,douglas_fir,20.0,0.0,False
POS136289,492928.8062901093,4876830.853694311,sycamore,1.0,0.0,False
POS136321,492748.1894025633,4876680.606762573,oak,12.0,0.0,False
POS136323,492725.47725215,4876680.240476307,oak,19.0,0.0,False
POS136324,492715.82723012206,4876680.263602507,oak,17.0,0.0,False
POS136325,492706.6530695378,4876681.273763459,oak,19.0,0.0,False
POS136326,492699.51424944174,4876673.977777106,oak,24.0,0.0,False
POS136327,492699.73433770105,4876666.696694327,oak,13.0,0.0,False
POS136328,492699.7244120831,4876659.174539083,oak,16.0,0.0,False
POS136329,492699.8801711614,4876634.619940665,oak,24.0,0.0,False
POS136330,492700.27153402905,4876622.464200023,oak,22.0,0.0,False
POS136331,492700.1529457231,4876614.679292209,oak,20.0,0.0,False
POS136332,492700.175124544,4876608.544342033,oak,23.0,0.0,False
POS136333,492700.05387610086,4876601.170268782,oak,19.0,0.0,False
POS136334,492700.05975138803,4876594.140700924,oak,24.0,0.0,False
POS136335,492699.81767898984,4876586.696919397,oak,23.0,0.0,False
POS136336,492699.6674981527,4876729.897870806,oak,3.0,0.0,False
POS136337,492699.8883575199,4876786.869910491,oak,24.0,0.0,False
POS136338,492700.2599645718,4876760.7021057615,oak,7.0,0.0,False
POS136340,492699.76285342005,4876742.6634537345,oak,3.0,0.0,False
POS136341,492700.46239797183,4876542.339820915,oak,18.0,0.0,False
POS136342,492700.05906614085,4876521.95627637,oak,20.0,0.0,False
POS136343,492700.19054034015,4876511.941151379,maple,5.0,0.0,False
POS136344,492685.70723439794,4876581.203148063,oak,19.0,0.0,False
POS136345,492685.86942652805,4876595.090168928,oak,20.0,0.0,False
POS136346,492685.67995996674,4876603.69421254,oak,21.0,0.0,False
POS136347,492685.49617991934,4876611.39729453,oak,22.0,0.0,False
POS136348,492685.1415432618,4876619.484090972,oak,22.0,0.0,False
POS136349,492685.54486457753,4876635.9707959825,oak,24.0,0.0,False
POS136350,492685.530918191,4876648.552013707,oak,13.0,0.0,False
POS136351,492685.70823893946,4876658.822359203,oak,8.0,0.0,False
POS136353,492686.0362765512,4876673.746862293,maple,10.0,0.0,False
POS136354,492686.1261957072,4876704.444900912,green_ash,14.0,0.0,False
POS136365,492666.31945141335,4876437.58928307,maple,13.0,0.0,False
POS136366,492657.3664204169,4876437.328499887,maple,12.0,0.0,False
POS136453,492940.26531341305,4876460.821909993,oregon_ash,8.0,0.0,False
POS136454,492940.3912602838,4876467.0900872545,oregon_ash,8.0,0.0,False
POS136455,492928.8970375208,4876857.492207469,maple,18.0,0.0,False
POS136461,492929.4609891918,4876950.181572863,maple,10.0,0.0,False
POS136462,492928.98875323194,4876955.768268579,maple,7.0,0.0,False
POS136463,492929.4786048949,4877001.068511261,oak,2.0,0.0,False
POS136464,492929.8182374791,4877015.540532627,sycamore,9.0,0.0,False
POS136467,492930.53878477373,4877068.558411328,maple,7.0,0.0,False
POS136468,492930.2241404626,4877084.14814251,maple,3.0,0.0,False
POS136470,492930.8839421087,4877126.766153513,maple,38.0,0.0,False
POS136471,492930.15876963275,4877137.76557872,maple,36.0,0.0,False
POS136472,492930.32358315587,4877145.542855769,maple,25.0,0.0,False
POS136473,492929.48292465456,4877152.72160717,maple,13.0,0.0,False
POS136476,492930.6945533968,4877395.5048606135,maple,22.0,0.0,False
POS136480,492930.2253159776,4877348.428118287,maple,20.0,0.0,False
POS136481,492930.3630440196,4877334.44047004,maple,15.0,0.0,False
POS136482,492930.2327229626,4877325.044972801,maple,26.0,0.0,False
POS136483,492930.048427798,4877282.125662606,oak,26.0,0.0,False
POS136486,492929.9491094328,4877263.243576799,oak,24.0,0.0,False
POS136487,492930.1995942218,4877269.202348198,oak,26.0,0.0,False
POS136488,492930.39678916056,4877275.1942303125,oak,21.0,0.0,False
POS136490,492929.6217459197,4877201.638172412,oak,29.0,0.0,False
POS136491,492929.7606237691,4877189.408111738,oak,25.0,0.0,False
POS136492,492945.42851410824,4877379.343928256,oak,38.0,0.0,False
POS136493,492945.5926242445,4877364.931354487,oak,27.0,0.0,False
POS136494,492945.8819141171,4877358.417774452,oak,10.0,0.0,False
POS136495,492945.4091883415,4877351.585543558,oak,11.0,0.0,False
POS136496,492887.3174654786,4877046.112837844,maple,1.0,0.0,False
POS136497,492853.4526987956,4877047.7357936995,oak,21.0,0.0,False
POS136498,492835.13848176587,4877046.730625009,oak,25.0,0.0,False
POS136499,492821.2766089141,4876461.771950317,maple,16.0,0.0,False
POS136500,492820.92832483974,4876480.462708839,maple,16.0,0.0,False
POS136501,492820.9405184212,4876488.274044982,maple,15.0,0.0,False
POS136502,492821.743968784,4876503.332546092,maple,19.0,0.0,False
POS136503,492822.3045961998,4876526.527683153,sycamore,8.0,0.0,False
POS136504,492822.0057340221,4876536.542112379,maple,18.0,0.0,False
POS136505,492822.8465428941,4876550.348783161,maple,32.0,0.0,False
POS136506,492821.2689679261,4876598.442570846,maple,9.0,0.0,False
POS136517,492699.57650619105,4876706.55775478,oak,4.0,0.0,False
POS136522,492700.7217736714,4877042.733036654,maple,21.0,0.0,False
POS136523,492700.18197066226,4877037.293845624,maple,2.0,0.0,False
POS136524,492700.56687874306,4877027.465502279,maple,15.0,0.0,False
POS136525,492700.68522891216,4877016.341960648,maple,17.0,0.0,False
POS136526,492700.1786401837,4877006.716919791,maple,9.0,0.0,False
POS136527,492700.6029539242,4876985.340863138,maple,1.0,0.0,False
POS136529,492700.9806420244,4876962.457663185,maple,20.0,0.0,False
POS136530,492700.47519860783,4876948.706016007,maple,16.0,0.0,False
POS136532,492686.218881162,4876962.892060872,maple,15.0,0.0,False
POS136533,492686.51913349715,4877007.204412496,maple,17.0,0.0,False
POS136535,492685.59076348704,4877038.313152616,oak,5.0,0.0,False
POS136536,492686.28723870276,4877045.660182934,oak,33.0,0.0,False
POS136537,492686.4102463669,4877051.768958382,oak,7.0,0.0,False
POS136540,492686.2927516823,4877138.881561109,maple,11.0,0.0,False
POS136541,492807.72481426626,4876727.8533399245,maple,10.0,0.0,False
POS136542,492807.6326766207,4876741.861570161,maple,13.0,0.0,False
POS136543,492807.8366942656,4876735.025224366,maple,13.0,0.0,False
POS136545,492807.5045900221,4876760.063470537,green_ash,15.0,0.0,False
POS136546,492807.9530068461,4876766.028156115,maple,11.0,0.0,False
POS136547,492808.19596290565,4876778.8775453735,maple,11.0,0.0,False
POS136548,492808.0327982986,4876794.846921183,green_ash,17.0,0.0,False
POS136553,492808.55249182077,4876955.858790215,douglas_fir,44.0,0.0,False
POS136554,492808.66920812655,4876962.439695111,douglas_fir,36.0,0.0,False
POS136555,492808.51506043307,4876972.038318409,douglas_fir,38.0,0.0,False
POS136561,492808.59270724264,4877033.225691722,maple,25.0,0.0,False
POS136563,492804.43941808195,4877091.691905427,maple,35.0,0.0,False
POS136566,492807.72387634235,4877207.238762086,oak,43.0,0.0,False
POS136567,492807.7639010233,4877214.278389515,oak,32.0,0.0,False
POS136568,492808.26758996135,4877221.222550342,oak,34.0,0.0,False
POS136569,492808.0016533329,4877228.471653958,oak,38.0,0.0,False
POS136570,492807.8773200547,4877246.812549487,oak,36.0,0.0,False
POS136571,492811.35948303057,4877255.382747069,oak,27.0,0.0,False
POS136572,492811.1353364786,4877262.89360581,oak,27.0,0.0,False
POS136573,492811.22423043224,4877270.413506472,oak,40.0,0.0,False
POS136574,492810.7384248128,4877276.193599496,oak,7.0,0.0,False
POS136575,492810.5749925413,4877281.67000271,oak,4.0,0.0,False
POS136576,492809.5196677522,4877317.032572589,oak,7.0,0.0,False
POS136577,492809.90037218685,4877325.266203899,oak,16.0,0.0,False
POS136578,492809.6575571155,4877333.402624779,oak,9.0,0.0,False
POS136579,492809.6156611553,4877340.057492764,oak,14.0,0.0,False
POS136580,492809.8421435505,4877348.207918587,oak,12.0,0.0,False
POS136588,492742.0242198402,4876802.940470705,maple,2.0,0.0,False
POS136592,492807.55384543765,4876464.539330723,green_ash,19.0,0.0,False
POS136593,492807.1871457118,4876471.575933182,green_ash,19.0,0.0,False
POS136613,492803.36146852456,4876663.457516889,maple,14.0,0.0,False
POS136614,492803.757697229,4876656.94271685,maple,16.0,0.0,False
POS136615,492807.8851104546,4876722.48203939,maple,10.0,0.0,False
POS136634,492673.84856151073,4876681.96004198,oak,13.0,0.0,False
POS136635,492663.7154334366,4876681.754944827,oak,17.0,0.0,False
POS136651,492662.23757385864,4876559.433217503,sycamore,16.0,0.0,False
POS136652,492674.5100320659,4876559.130538582,sycamore,16.0,0.0,False
POS137192,492824.8908038722,4877454.800279649,dogwood,5.0,0.0,False
POS137193,492824.05390911124,4877450.610468798,dogwood,5.0,0.0,False
POS137194,492824.06081316347,4877446.120028795,dogwood,4.0,0.0,False
POS137195,492824.26639651094,4877438.041600978,maple,12.0,0.0,False
POS137196,492835.47786653653,4877427.583033623,maple,18.0,0.0,False
POS137197,492841.9985975443,4877427.451721414,maple,15.0,0.0,False
POS137206,492882.68906513666,4877412.3743199995,maple,16.0,0.0,False
POS137234,492666.9048528885,4877535.040990746,maple,12.0,0.0,False
POS137235,492681.8990412137,4877530.339390094,maple,25.0,0.0,False
POS137236,492686.37838615826,4877520.477342233,maple,11.0,0.0,False
POS137237,492686.0692683794,4877511.131615101,maple,9.0,0.0,False
POS137238,492686.32107045525,4877498.816830319,maple,12.0,0.0,False
POS137245,492686.79676925234,4877462.241038806,oak,13.0,0.0,False
POS137246,492686.8151550838,4877455.609871895,oak,14.0,0.0,False
POS137249,492664.0201767219,4877421.005104984,oak,40.0,0.0,False
POS137252,492658.03805132373,4877413.922057588,sycamore,6.0,0.0,False
POS137263,492845.87337754795,4877412.253257607,maple,17.0,0.0,False
POS137264,492832.51631465513,4877412.180452877,maple,16.0,0.0,False
POS137434,492983.4839980498,4877535.707273262,maple,1.0,0.0,False
POS137435,492993.2968309861,4877535.817315467,oak,1.0,0.0,False
POS137439,492931.1445890265,4877492.494044826,oak,25.0,0.0,False
POS137440,492931.0521541813,4877499.55891522,oak,23.0,0.0,False
POS137442,492931.28636914666,4877514.034773275,oak,21.0,0.0,False
POS137443,492931.1267157364,4877521.274442994,oak,17.0,0.0,False
POS137444,492931.1983433507,4877527.580084353,oak,18.0,0.0,False
POS137446,492913.5730412747,4877534.832639893,oak,22.0,0.0,False
POS137447,492905.0006450209,4877534.762918269,oak,23.0,0.0,False
POS137478,492748.8307472619,4877527.952072314,sycamore,19.0,0.0,False
POS137479,492748.6475285735,4877523.086847383,sycamore,16.0,0.0,False
POS137480,492748.8416504746,4877518.076578235,sycamore,18.0,0.0,False
POS137481,492748.9446576986,4877513.019788495,sycamore,24.0,0.0,False
POS137482,492741.29036311695,4877491.13596134,maple,6.0,0.0,False
POS137483,492746.5295108525,4877491.150107534,maple,9.0,0.0,False
POS137487,492768.7034172011,4877523.055351359,maple,12.0,0.0,False
POS137488,492768.5180436366,4877530.630864426,maple,9.0,0.0,False
POS137489,492767.3645663771,4877470.485193766,maple,24.0,0.0,False
POS137490,492749.44631814957,4877468.279108194,oak,32.0,0.0,False
POS137491,492723.9836535136,4877468.799773076,oak,19.0,0.0,False
POS137492,492718.1434408739,4877468.797190691,oak,12.0,0.0,False
POS137493,492712.4094878222,4877468.9870856125,oak,20.0,0.0,False
POS137494,492706.61185127567,4877505.819668824,maple,16.0,0.0,False
POS137503,492809.8222646923,4877524.4152612435,maple,14.0,0.0,False
POS137504,492809.7779662353,4877517.2474074345,maple,16.0,0.0,False
POS137505,492810.1012692501,4877508.434570204,maple,26.0,0.0,False
POS137506,492810.5507011958,4877498.836771292,maple,16.0,0.0,False
POS137507,492710.4933820051,4877526.056255491,douglas_fir,20.0,0.0,False
POS137508,492739.556477222,4877491.1872206945,maple,8.0,0.0,False
POS137510,492720.991995834,4877491.159722394,maple,24.0,0.0,False
POS137512,492713.00082475296,4877490.339125166,maple,7.0,0.0,False
POS137729,492745.2671408078,4877305.0633600475,maple,6.0,0.0,False
POS137730,492738.6940615857,4877289.376091183,maple,11.0,0.0,False
POS137731,492734.1832176049,4877289.523384194,maple,9.0,0.0,False
POS137732,492729.399420416,4877289.380622288,maple,5.0,0.0,False
POS137734,492767.23371077166,4877305.1555867465,oak,7.0,0.0,False
POS137735,492774.2686769187,4877305.365530488,oak,11.0,0.0,False
POS137736,492789.75399895717,4877305.546048461,oak,6.0,0.0,False
POS137737,492795.95359130343,4877305.449253299,oak,14.0,0.0,False
POS137738,492789.9346290834,4877290.06032948,oak,11.0,0.0,False
POS137739,492774.7137691416,4877290.451022327,oak,9.0,0.0,False
POS137740,492767.6788027419,4877290.241078552,oak,13.0,0.0,False
POS137741,492921.4747470504,4877289.665252426,oak,22.0,0.0,False
POS137742,492905.93997322343,4877291.26911242,oak,32.0,0.0,False
POS137743,492912.2779380929,4877305.09660615,maple,4.0,0.0,False
POS137744,492888.0785392246,4877305.348050482,maple,4.0,0.0,False
POS137838,492856.7720127348,4877290.992424098,maple,5.0,0.0,False
POS137839,492848.21234089154,4877290.754177575,maple,5.0,0.0,False
POS137854,492659.1631373858,4877183.420347834,maple,2.0,0.0,False
POS137855,492666.7948282633,4877183.432490589,oak,4.0,0.0,False
POS137856,492674.41819436353,4877183.375082749,oak,5.0,0.0,False
POS137857,492675.2132676,4877168.548616856,maple,13.0,0.0,False
POS137863,492715.2465642997,4877183.196966467,maple,15.0,0.0,False
POS137864,492724.25983718474,4877183.184438353,maple,15.0,0.0,False
POS137865,492734.2537673833,4877183.341980687,maple,22.0,0.0,False
POS137866,492747.76959171926,4877183.463421958,maple,12.0,0.0,False
POS137867,492790.30754637683,4877183.183826954,sycamore,7.0,0.0,False
POS137868,492801.7527198628,4877167.752761562,maple,14.0,0.0,False
POS137869,492795.84318651276,4877167.576403443,maple,14.0,0.0,False
POS137870,492789.64399174484,4877167.673210413,maple,10.0,0.0,False
POS137871,492783.8582476817,4877168.063665404,maple,10.0,0.0,False
POS137872,492778.0896934394,4877167.891514772,maple,12.0,0.0,False
POS137873,492767.520044948,4877168.139404278,maple,5.0,0.0,False
POS137874,492762.44066484855,4877168.287230768,maple,12.0,0.0,False
POS137875,492833.1170541338,4877168.09144852,maple,16.0,0.0,False
POS137876,492840.2926117389,4877168.023779881,maple,17.0,0.0,False
POS137877,492847.5228056759,4877167.710333679,maple,16.0,0.0,False
POS137878,492862.70471581037,4877168.162509246,maple,15.0,0.0,False
POS137879,492853.41143599036,4877168.0844753105,sycamore,7.0,0.0,False
POS137883,492907.71730280377,4877168.296788514,maple,16.0,0.0,False
POS138027,492700.99095722457,4877436.544581666,oak,24.0,0.0,False
POS138029,492701.1260336412,4877444.681777469,oak,13.0,0.0,False
POS138030,492700.93983686436,4877450.076596567,oak,16.0,0.0,False
POS138031,492701.2058425336,4877455.595814139,oak,14.0,0.0,False
POS138032,492701.14385195053,4877460.910137003,oak,16.0,0.0,False
POS138033,492701.74976221495,4877512.301585613,maple,11.0,0.0,False
POS138035,492712.24187284056,4877535.069324922,maple,12.0,0.0,False
POS138036,492726.04965188657,4877535.42678492,maple,12.0,0.0,False
POS138224,492827.25376852247,4876924.180505636,maple,32.0,0.0,False
POS139277,492810.3453928053,4877890.185037433,maple,14.0,0.0,False
POS139279,492755.3289400826,4877780.112066424,oak,13.0,0.0,False
POS139285,492716.53479590453,4877780.3336873185,oak,10.0,0.0,False
POS139286,492721.4101813589,4877780.4130797945,oak,15.0,0.0,False
POS139287,492729.308015586,4877780.185757775,oak,6.0,0.0,False
POS139288,492742.09485012677,4877780.188139686,oak,10.0,0.0,False
POS139289,492748.18293756875,4877780.148117893,oak,8.0,0.0,False
POS139290,492769.51643207663,4877780.063745762,oak,14.0,0.0,False
POS139291,492777.845282812,4877780.057494021,oak,8.0,0.0,False
POS139292,492784.6791033645,4877780.100929497,oak,12.0,0.0,False
POS139293,492702.3413206668,4877775.20076686,douglas_fir,38.0,0.0,False
POS139294,492701.83395166066,4877763.551056208,oak,21.0,0.0,False
POS139295,492702.5067819312,4877741.1693230085,oak,20.0,0.0,False
POS139296,492702.02995534206,4877752.54975567,oak,17.0,0.0,False
POS139297,492687.5498916239,4877752.838055438,maple,22.0,0.0,False
POS139299,492688.40577087284,4877718.089590034,maple,16.0,0.0,False
POS139300,492687.66421755636,4877694.499408143,sycamore,24.0,0.0,False
POS139800,492715.06832483906,4877902.770491161,oak,4.0,0.0,False
POS139801,492702.214868244,4877884.465646562,maple,8.0,0.0,False
POS139803,492688.32834694994,4877857.311794149,dogwood,5.0,0.0,False
POS139807,492701.9027474281,4877845.574106553,oak,6.0,0.0,False
POS139808,492702.276952287,4877864.815880382,maple,17.0,0.0,False
POS139809,492702.72407898115,4877871.671639428,maple,14.0,0.0,False
POS139865,492807.64932508866,4876714.003312316,maple,22.0,0.0,False
POS139868,492921.0696550337,4877794.773869547,oak,18.0,0.0,False
POS139869,492871.4975302864,4877901.976611287,maple,16.0,0.0,False
POS139871,492866.60733019,4877902.202684607,maple,17.0,0.0,False
POS139872,492859.53736596875,4877902.224202893,maple,8.0,0.0,False
POS139877,492845.8661948773,4877902.141824571,maple,13.0,0.0,False
POS139878,492839.95921615476,4877902.151648682,maple,11.0,0.0,False
POS139880,492914.6517294371,4877794.8751476165,oak,13.0,0.0,False
POS139881,492904.53700488346,4877794.922203496,oak,15.0,0.0,False
POS139882,492895.5189419526,4877794.884583699,oak,16.0,0.0,False
POS139883,492888.5094329648,4877795.105311835,oak,17.0,0.0,False
POS139884,492919.9166907844,4877779.0688649,oak,15.0,0.0,False
POS139885,492899.59228897264,4877779.271846474,oak,19.0,0.0,False
POS139886,492878.9923897065,4877779.3136025155,oak,18.0,0.0,False
POS139887,492872.6858219572,4877779.423104657,oak,18.0,0.0,False
POS139888,492853.8908895572,4877795.240925963,oak,29.0,0.0,False
POS139889,492863.5417486759,4877779.539830029,oak,22.0,0.0,False
POS139890,492850.4316555466,4877779.441894594,oak,14.0,0.0,False
POS139891,492842.32970975153,4877779.612421369,oak,24.0,0.0,False
POS139892,492835.0669484578,4877779.522983017,oak,22.0,0.0,False
POS139893,492833.363686927,4877795.313054712,oak,25.0,0.0,False
POS139912,492825.91417337704,4877690.587415699,maple,22.0,0.0,False
POS139913,492825.35549013,4877698.390692566,maple,17.0,0.0,False
POS139914,492825.10289244616,4877706.854924567,maple,22.0,0.0,False
POS139915,492825.79752184846,4877716.324555588,maple,22.0,0.0,False
POS139916,492932.6223084254,4877720.708174579,oak,25.0,0.0,False
POS139917,492932.368822436,4877715.657549111,oak,22.0,0.0,False
POS139918,492932.395665169,4877699.226426354,oak,25.0,0.0,False
POS139919,492932.7314512734,4877692.471731452,oak,22.0,0.0,False
POS139920,492932.060452366,4877685.4540833,oak,17.0,0.0,False
POS139921,492920.49663833296,4877675.814885141,maple,23.0,0.0,False
POS139922,492910.7300550687,4877675.854129824,maple,16.0,0.0,False
POS139923,492887.0041352568,4877676.067303371,maple,20.0,0.0,False
POS139924,492875.8537405553,4877675.927847257,maple,18.0,0.0,False
POS139925,492863.4678559596,4877676.148633352,maple,20.0,0.0,False
POS139926,492851.54463926825,4877672.453701604,oak,21.0,0.0,False
POS139927,492837.23025249015,4877671.700706861,oak,18.0,0.0,False
POS139928,492857.7600808206,4877654.698815248,maple,50.0,0.0,False
POS139929,492914.5345881387,4877657.792087911,maple,20.0,0.0,False
POS139930,492932.1284238254,4877603.500886581,oak,29.0,0.0,False
POS139931,492932.11369693535,4877593.07361192,oak,20.0,0.0,False
POS139932,492932.4342991665,4877582.330733812,oak,20.0,0.0,False
POS139933,492932.2876309583,4877571.583010863,oak,25.0,0.0,False
POS139934,492931.42603582976,4877560.178631408,oak,22.0,0.0,False
POS139963,492672.3054249213,4877673.458403903,maple,9.0,0.0,False
POS139964,492668.23126148724,4877673.499725562,maple,9.0,0.0,False
POS139965,492663.6639600842,4877673.689235969,maple,4.0,0.0,False
POS139966,492659.1014129699,4877673.716083096,maple,11.0,0.0,False
POS140076,492702.7267094261,4877647.437392673,maple,11.0,0.0,False
POS140077,492702.5809087063,4877633.329489338,maple,9.0,0.0,False
POS140078,492702.3263750717,4877625.2041328475,maple,6.0,0.0,False
POS140079,492702.5648043946,4877618.333827367,maple,9.0,0.0,False
POS140080,492702.5435290961,4877612.106792413,maple,11.0,0.0,False
POS140081,492701.82448452275,4877585.758487328,oak,21.0,0.0,False
POS140082,492702.171291588,4877571.560379221,oak,17.0,0.0,False
POS140083,492711.9806947681,4877553.535727372,oak,40.0,0.0,False
POS140084,492765.0791127767,4877549.939964027,maple,10.0,0.0,False
POS140103,492808.6653535468,4877744.4869943205,oak,27.0,0.0,False
POS140104,492808.9473174381,4877756.877102509,oak,25.0,0.0,False
POS140105,492809.19041748083,4877770.569491884,oak,40.0,0.0,False
POS140106,492678.27795668767,4877779.044398002,maple,23.0,0.0,False
POS140107,492669.55144974816,4877780.432728915,maple,22.0,0.0,False
POS140257,493413.6388455326,4876698.011486268,maple,5.0,0.0,False
POS140258,493413.6578215086,4876705.913523383,maple,6.0,0.0,False
POS140259,493413.16763057525,4876713.800464503,maple,6.0,0.0,False
POS140268,493414.2558965762,4876790.53306258,oak,2.0,0.0,False
POS140269,493414.2143904434,4876824.915893437,oak,20.0,0.0,False
POS140274,493414.28534803435,4876878.764937011,maple,16.0,0.0,False
POS140279,493428.0879541127,4876882.737689939,oak,2.0,0.0,False
POS140280,493427.8384620261,4876868.037146588,oregon_ash,11.0,0.0,False
POS140281,493428.07020643336,4876860.272099605,maple,13.0,0.0,False
POS140282,493428.5618670454,4876850.834752591,sycamore,8.0,0.0,False
POS140283,493428.02301263803,4876840.736628712,sycamore,8.0,0.0,False
POS140285,493428.2920133175,4876789.493014558,oak,23.0,0.0,False
POS140287,493427.742099242,4876740.607935348,sycamore,8.0,0.0,False
POS140289,493427.6498703603,4876699.856288165,oregon_ash,16.0,0.0,False
POS140290,493427.2566750078,4876669.189101575,sycamore,10.0,0.0,False
POS140295,493426.4573986246,4876600.087068993,maple,12.0,0.0,False
POS140302,493412.957326866,4876672.313965624,oregon_ash,18.0,0.0,False
POS140303,493426.98017055035,4876429.72365526,maple,12.0,0.0,False
POS140304,493426.76004541595,4876409.207268881,maple,8.0,0.0,False
POS140305,493426.7247238806,4876399.031558742,maple,12.0,0.0,False
POS140306,493427.01800684526,4876389.204567298,maple,10.0,0.0,False
POS140307,493426.50703446195,4876372.231223241,oak,2.0,0.0,False
POS140308,493426.18582210294,4876347.927884226,maple,9.0,0.0,False
POS140312,493426.9260202439,4876255.912432414,oregon_ash,24.0,0.0,False
POS140313,493425.9186523024,4876245.881214267,oak,1.0,0.0,False
POS140315,493426.1418909679,4876217.894285738,oak,1.0,0.0,False
POS140317,493426.2428858691,4876176.528931952,maple,10.0,0.0,False
POS140318,493425.8963313239,4876171.0919962805,maple,22.0,0.0,False
POS140339,493412.3780472835,4876288.397115655,maple,1.0,0.0,False
POS140436,493307.7056896176,4877220.7033735495,maple,24.0,0.0,False
POS140485,493292.85707497614,4877212.333766781,maple,9.0,0.0,False
POS140486,493293.014648405,4877207.053894758,maple,11.0,0.0,False
POS140487,493293.09310310043,4877191.768930492,maple,18.0,0.0,False
POS140498,493372.84588804626,4876938.109944403,maple,17.0,0.0,False
POS140499,493366.87583797245,4876938.329385201,maple,9.0,0.0,False
POS140500,493360.5088250989,4876938.537078976,maple,9.0,0.0,False
POS140501,493350.975994276,4876938.252577618,maple,9.0,0.0,False
POS140502,493342.02097805735,4876938.581441069,maple,12.0,0.0,False
POS140503,493333.077808837,4876938.513344887,maple,11.0,0.0,False
POS140504,493323.34032028576,4876938.421542998,maple,11.0,0.0,False
POS140505,493314.0988808048,4876938.275043216,maple,12.0,0.0,False
POS140508,493346.2893128055,4876923.998930663,maple,1.0,0.0,False
POS140511,493461.91442274075,4876924.3336982215,maple,13.0,0.0,False
POS140512,493466.42220826825,4876924.335926981,maple,11.0,0.0,False
POS140514,493486.2816692361,4876924.004494799,maple,1.0,0.0,False
POS140521,493251.3021630718,4876938.144384421,maple,12.0,0.0,False
POS140523,493228.9923206612,4876938.740509949,maple,17.0,0.0,False
POS140524,493217.17262100946,4876938.41216304,oak,25.0,0.0,False
POS140525,493195.99165308796,4876938.1760513205,oak,30.0,0.0,False
POS140527,493162.7809532787,4876937.6057271585,maple,24.0,0.0,False
POS140529,493111.23966625397,4876938.170307933,maple,6.0,0.0,False
POS140537,493306.7758866429,4876954.702454661,maple,19.0,0.0,False
POS140538,493306.78973159083,4876960.692269468,maple,21.0,0.0,False
POS140539,493307.25942411483,4876970.055301629,maple,21.0,0.0,False
POS140540,493307.18357062934,4876978.923336078,maple,20.0,0.0,False
POS140541,493307.10740549216,4876987.791761048,maple,9.0,0.0,False
POS140542,493307.02030144894,4876997.036772019,maple,12.0,0.0,False
POS140544,493306.8488716934,4877009.1106611155,maple,18.0,0.0,False
POS140549,493103.8731233081,4876938.371176686,maple,12.0,0.0,False
POS140553,493029.4293485892,4876938.252671873,maple,10.0,0.0,False
POS140554,493019.75796857,4876938.174050428,oak,26.0,0.0,False
POS140555,493004.6233578487,4876937.93278713,maple,16.0,0.0,False
POS140556,492985.9042633214,4876938.005265096,maple,11.0,0.0,False
POS140557,492977.27690956456,4876938.168209117,maple,12.0,0.0,False
POS140558,492954.14550461946,4876938.108709932,sycamore,4.0,0.0,False
POS140565,493193.0361714569,4876924.292782563,maple,27.0,0.0,False
POS140566,493214.4880758623,4876924.427476303,maple,1.0,0.0,False
POS140568,493585.39846750145,4877238.753610111,maple,29.0,0.0,False
POS140569,493585.345451414,4877252.17056986,maple,40.0,0.0,False
POS140618,493539.9380818851,4877167.32123698,maple,8.0,0.0,False
POS140619,493530.4052567285,4877167.03673201,maple,8.0,0.0,False
POS140623,493045.71048804355,4877640.085722714,oak,16.0,0.0,False
POS140624,493043.6404215053,4877654.561710095,oak,26.0,0.0,False
POS140625,493064.23561368557,4877698.58492956,maple,11.0,0.0,False
POS140626,493070.73660070833,4877720.892646569,maple,8.0,0.0,False
POS140629,493050.89332423627,4877809.472382358,maple,2.0,0.0,False
POS140630,493046.08407914237,4877812.809667795,maple,2.0,0.0,False
POS140631,493040.21568125027,4877817.343883306,maple,2.0,0.0,False
POS140632,493034.3411767969,4877822.082723088,maple,2.0,0.0,False
POS140633,493020.87077928835,4877826.957386937,maple,2.0,0.0,False
POS140634,493007.2886284093,4877836.632267695,maple,24.0,0.0,False
POS140635,493011.2945440823,4877839.618308197,maple,45.0,0.0,False
POS140636,493017.3951407327,4877841.028909437,maple,20.0,0.0,False
POS140637,493037.1930017845,4877836.29617741,maple,15.0,0.0,False
POS140638,493040.9608113114,4877833.542031393,maple,20.0,0.0,False
POS140639,492954.6512062405,4877777.014256444,maple,17.0,0.0,False
POS140640,492965.76037335576,4877776.903176277,maple,11.0,0.0,False
POS140641,492974.739599756,4877776.536525849,maple,14.0,0.0,False
POS140642,492984.34055046167,4877776.400936677,maple,11.0,0.0,False
POS140643,492992.8342515654,4877776.151901143,maple,18.0,0.0,False
POS140644,493033.1917210863,4877613.605581949,maple,11.0,0.0,False
POS140645,493030.46169176156,4877609.019563787,maple,13.0,0.0,False
POS140646,493034.4251759096,4877599.718845392,maple,10.0,0.0,False
POS140647,493030.318199738,4877590.716393529,maple,15.0,0.0,False
POS140648,493034.15871642786,4877584.688310355,maple,15.0,0.0,False
POS140649,493045.18727319536,4877418.884763729,oak,19.0,0.0,False
POS140650,493056.8039198294,4877418.503822038,oak,14.0,0.0,False
POS140651,493067.79565717105,4877418.005227911,oak,35.0,0.0,False
POS140652,493280.0450607552,4877418.223268466,oak,13.0,0.0,False
POS140653,493291.7341941463,4877418.737525787,oak,20.0,0.0,False
POS140656,492946.74467344064,4877557.422685848,maple,22.0,0.0,False
POS140657,492946.8797080118,4877563.982827056,maple,19.0,0.0,False
POS140658,492946.7784922659,4877569.820594634,maple,19.0,0.0,False
POS140659,492946.9358651368,4877599.641750533,maple,24.0,0.0,False
POS140660,492946.73650655354,4877613.821356701,maple,18.0,0.0,False
POS140661,492947.36804927245,4877627.582944985,maple,32.0,0.0,False
POS140662,492956.17540348606,4877675.713517613,maple,16.0,0.0,False
POS140663,492964.4389335905,4877675.778322708,maple,16.0,0.0,False
POS140664,492973.2272572151,4877675.97459325,maple,7.0,0.0,False
POS140665,492983.08688140486,4877675.73972037,maple,18.0,0.0,False
POS140666,492992.01822999824,4877675.543246974,maple,15.0,0.0,False
POS140667,493228.8701638438,4877060.7237592125,maple,16.0,0.0,False
POS140668,493220.84872505587,4877060.26705984,maple,4.0,0.0,False
POS140669,493206.29226264067,4877060.484058424,sycamore,15.0,0.0,False
POS140671,493184.5031965202,4877073.996059471,maple,12.0,0.0,False
POS140672,493184.98665462487,4877090.360333408,oak,3.0,0.0,False
POS140673,493184.34580443293,4877098.507280205,oak,22.0,0.0,False
POS140675,493185.3400649992,4877144.01126616,maple,39.0,0.0,False
POS140678,493171.1816496768,4877123.6092593875,pine,50.0,0.0,False
POS140679,493171.8227080677,4877102.128875136,maple,34.0,0.0,False
POS140680,493171.2557721913,4877084.738376198,maple,10.0,0.0,False
POS140684,493145.9118499659,4877060.745239316,maple,3.0,0.0,False
POS140691,493091.53433329135,4877047.013203631,maple,4.0,0.0,False
POS140694,493135.2800791154,4877045.877859858,maple,12.0,0.0,False
POS140695,493152.9642715332,4877047.037245251,oak,19.0,0.0,False
POS140715,493170.5034777908,4876991.220994433,maple,30.0,0.0,False
POS140753,493062.2785924957,4876969.237323354,maple,2.0,0.0,False
POS140755,493061.9993986263,4876998.02445941,douglas_fir,23.0,0.0,False
POS140757,493062.3681666074,4877011.563618972,oak,10.0,0.0,False
POS140770,493062.8400407995,4877128.535209517,maple,12.0,0.0,False
POS140771,493063.0447095115,4877216.27672745,oak,2.0,0.0,False
POS140773,493063.2520925924,4877238.433748223,maple,12.0,0.0,False
POS140774,493062.8894754095,4877250.584327639,maple,5.0,0.0,False
POS140785,493170.62428640807,4876947.086414665,maple,29.0,0.0,False
POS140786,493184.49011972407,4876946.906605765,oak,26.0,0.0,False
POS140789,493184.45469265996,4876955.375133826,oak,23.0,0.0,False
POS140791,493183.9142456477,4877009.868037034,maple,27.0,0.0,False
POS140792,493183.6876080129,4877017.462128199,maple,33.0,0.0,False
POS140793,493184.6500849499,4877034.664027765,maple,2.0,0.0,False
POS140795,493217.55518607516,4877046.921524415,maple,10.0,0.0,False
POS140796,493228.8638150563,4877046.390390462,maple,10.0,0.0,False
POS140798,493255.998410983,4877046.766083014,maple,5.0,0.0,False
POS140803,493286.6566255635,4877060.059265207,maple,26.0,0.0,False
POS140807,493248.1011707582,4877060.336258574,maple,5.0,0.0,False
POS140816,493050.8640383079,4877245.465488344,maple,15.0,0.0,False
POS140817,493050.7245316874,4877254.295216307,maple,6.0,0.0,False
POS140819,493050.38300607016,4877274.605593407,pine,36.0,0.0,False
POS140820,493050.50498495693,4877283.550027927,pine,44.0,0.0,False
POS140821,493062.41679158906,4877251.873364019,maple,6.0,0.0,False
POS140822,493064.1067801694,4877268.754153991,maple,10.0,0.0,False
POS140823,493062.93432445906,4877281.665789848,oak,8.0,0.0,False
POS140824,493056.7466333399,4877303.6071542865,green_ash,17.0,0.0,False
POS140825,493036.7787878755,4877303.228149765,green_ash,9.0,0.0,False
POS140827,493018.96751653973,4877303.348320202,maple,5.0,0.0,False
POS140828,492963.3107901531,4877290.989981012,maple,25.0,0.0,False
POS140829,492976.07609412196,4877291.664050441,maple,23.0,0.0,False
POS140830,492987.1109564604,4877292.025969399,maple,33.0,0.0,False
POS140834,493039.96846130496,4877290.944734083,oak,17.0,0.0,False
POS140836,493230.05630766996,4877168.825856049,maple,2.0,0.0,False
POS140837,493270.6816293121,4877168.987546529,maple,32.0,0.0,False
POS140838,493283.27490689367,4877168.921867479,pine,50.0,0.0,False
POS140843,493693.06008757575,4876963.618709775,sycamore,9.0,0.0,False
POS140847,493692.70118396374,4877004.494070541,maple,6.0,0.0,False
POS140848,493692.00002367026,4877012.486812785,maple,17.0,0.0,False
POS140850,493692.2212980704,4877033.899133199,maple,10.0,0.0,False
POS140851,493691.8152133487,4877040.844246145,maple,11.0,0.0,False
POS140856,493706.5436123997,4876913.666932726,oak,13.0,0.0,False
POS140858,493016.61318149936,4877046.512042938,maple,13.0,0.0,False
POS140859,493001.5524904411,4877046.062578961,maple,18.0,0.0,False
POS140862,492971.1858176536,4877046.895490567,oak,6.0,0.0,False
POS140863,492963.4168149735,4877046.806441777,maple,9.0,0.0,False
POS140865,492960.2882808333,4877060.016820894,oak,6.0,0.0,False
POS140866,492982.7998248293,4877060.419233412,maple,4.0,0.0,False
POS140868,492990.8809202773,4877060.431793614,maple,4.0,0.0,False
POS140871,493024.501174285,4877060.662014153,maple,12.0,0.0,False
POS140873,493024.12063781027,4877167.955932079,maple,12.0,0.0,False
POS140874,493016.20409899805,4877168.987216739,maple,25.0,0.0,False
POS140876,492991.69687423896,4877166.1426656805,oak,34.0,0.0,False
POS140877,492983.98343490175,4877166.021473702,oak,36.0,0.0,False
POS140878,492976.28803362045,4877166.485439594,oak,46.0,0.0,False
POS140879,492982.7179562249,4877182.368550968,maple,15.0,0.0,False
POS140880,492991.71259595983,4877182.427475008,maple,12.0,0.0,False
POS140881,493012.1666940715,4877182.939493113,maple,13.0,0.0,False
POS140882,493096.11202618247,4877182.405023411,maple,8.0,0.0,False
POS140883,493107.28821723943,4877181.858133318,maple,14.0,0.0,False
POS140884,493125.3934478133,4877182.651269711,maple,25.0,0.0,False
POS140885,493157.58638866374,4877182.709099907,maple,16.0,0.0,False
POS140886,493165.18024133163,4877182.528116286,maple,12.0,0.0,False
POS140887,493171.38361997355,4877200.911951699,maple,5.0,0.0,False
POS140888,493184.8451652687,4877212.834377686,maple,19.0,0.0,False
POS140889,493184.6967590294,4877186.5132778855,maple,26.0,0.0,False
POS140890,493191.28898942575,4877182.944191185,maple,11.0,0.0,False
POS140891,493197.97805352585,4877183.143819224,maple,14.0,0.0,False
POS140892,493204.04599954747,4877183.115503808,maple,16.0,0.0,False
POS140895,493267.3620152335,4877182.71613378,maple,25.0,0.0,False
POS140896,493154.73011887853,4877169.700129422,douglas_fir,44.0,0.0,False
POS140897,493142.489570075,4877168.716404023,maple,16.0,0.0,False
POS140898,493132.6338852084,4877168.443573579,maple,16.0,0.0,False
POS140899,493103.8834386864,4877167.364344835,maple,15.0,0.0,False
POS140900,493096.3581911521,4877167.1397634875,maple,22.0,0.0,False
POS140964,493680.1192110746,4876693.610835753,oak,9.0,0.0,False
POS140966,493636.39331679157,4876679.772100426,maple,19.0,0.0,False
POS140967,493624.07996186503,4876679.404607395,oak,6.0,0.0,False
POS140971,493667.1521134539,4876693.468538779,oak,9.0,0.0,False
POS140974,493611.3398392392,4876693.336568613,maple,26.0,0.0,False
POS140975,493601.7948563357,4876693.449012042,maple,26.0,0.0,False
POS140976,493588.8877314577,4876693.639418743,maple,26.0,0.0,False
POS140979,493581.84414404846,4876717.877040366,maple,25.0,0.0,False
POS140981,493583.0820605445,4876785.771102239,maple,27.0,0.0,False
POS140983,493582.23984769086,4876774.424880766,oak,11.0,0.0,False
POS140987,493581.40730448073,4876611.5011498155,maple,32.0,0.0,False
POS140988,493581.3169813295,4876598.2327965945,oak,1.0,0.0,False
POS140990,493580.9477499798,4876508.208461147,sycamore,1.0,0.0,False
POS140991,493580.8109713338,4876494.174591594,maple,32.0,0.0,False
POS140992,493580.5562180423,4876479.442776462,sycamore,1.0,0.0,False
POS141040,493434.12479320285,4876450.372197122,oak,10.0,0.0,False
POS141041,493441.0223599104,4876450.247341058,oak,12.0,0.0,False
POS141042,493452.2035332544,4876450.646641799,maple,12.0,0.0,False
POS141043,493462.1668517816,4876450.513579019,maple,12.0,0.0,False
POS141048,493526.31754630525,4876450.401072144,oak,6.0,0.0,False
POS141051,493568.45276210416,4876480.053782945,oak,3.0,0.0,False
POS141055,493569.5868522727,4876522.844715209,oak,27.0,0.0,False
POS141056,493569.2214034442,4876509.091031456,oak,27.0,0.0,False
POS141058,493537.0880450217,4876557.846237416,oak,14.0,0.0,False
POS141059,493520.3298922567,4876558.016216013,oak,12.0,0.0,False
POS141060,493509.61091011594,4876557.919417649,oak,24.0,0.0,False
POS141062,493478.33354610956,4876558.103090619,oak,9.0,0.0,False
POS141063,493466.95168970566,4876557.763402332,oak,17.0,0.0,False
POS141064,493459.8101033389,4876557.550263864,oak,10.0,0.0,False
POS141066,493447.5304634541,4876571.93239233,pine,45.0,0.0,False
POS141067,493461.3857484017,4876572.116490822,oak,18.0,0.0,False
POS141068,493470.7656885602,4876572.172924584,oak,19.0,0.0,False
POS141069,493478.13694832753,4876572.169410037,oak,13.0,0.0,False
POS141070,493485.2718698174,4876572.605857617,oak,18.0,0.0,False
POS141071,493515.6567877812,4876572.395850255,sycamore,7.0,0.0,False
POS141072,493536.2154566354,4876572.115789614,oak,27.0,0.0,False
POS141073,493547.18409402284,4876571.326408682,oak,29.0,0.0,False
POS141087,493582.39356846054,4876825.131493405,maple,13.0,0.0,False
POS141088,493582.6276616049,4876831.250487407,dogwood,4.0,0.0,False
POS141089,493582.33977163234,4876836.242465055,maple,7.0,0.0,False
POS141092,493582.50262919016,4876879.65659618,maple,18.0,0.0,False
POS141093,493582.69951287773,4876900.984992872,maple,18.0,0.0,False
POS141094,493582.719398508,4876911.9592568455,maple,19.0,0.0,False
POS141097,493604.9516767199,4876802.234338385,maple,18.0,0.0,False
POS141098,493593.1843708703,4876802.123951538,oak,6.0,0.0,False
POS141099,493614.2600484635,4876801.957727958,oregon_ash,3.0,0.0,False
POS141100,493632.9644179059,4876801.323320085,oak,9.0,0.0,False
POS141101,493642.8946108265,4876801.619687452,oak,7.0,0.0,False
POS141102,493651.6391526652,4876801.681862414,oak,6.0,0.0,False
POS141103,493666.6960159978,4876801.82422598,oak,6.0,0.0,False
POS141593,493322.57630444143,4876816.025198411,sycamore,11.0,0.0,False
POS141595,493344.52782020473,4876816.1636093315,oak,8.0,0.0,False
POS141867,492976.5945312447,4876679.923950776,maple,38.0,0.0,False
POS141871,493040.4014372796,4876681.441463906,douglas_fir,29.0,0.0,False
POS141872,493047.9438146204,4876675.0875300085,maple,37.0,0.0,False
POS141873,493047.741699562,4876662.407962354,maple,24.0,0.0,False
POS141878,493047.53936717234,4876604.354323005,maple,18.0,0.0,False
POS141880,493047.2185173715,4876588.827511376,maple,9.0,0.0,False
POS141891,493083.76554570376,4876680.703639879,oak,2.0,0.0,False
POS141905,493398.0647025119,4876206.702365431,oak,11.0,0.0,False
POS141906,493337.3407229915,4876192.81405865,maple,7.0,0.0,False
POS141940,493182.9985389811,4876597.367965196,oak,3.0,0.0,False
POS141942,493182.8209283188,4876617.96927593,oregon_ash,7.0,0.0,False
POS141944,493183.0739955141,4876633.746572151,oregon_ash,6.0,0.0,False
POS141945,493182.8432124345,4876641.479551281,maple,13.0,0.0,False
POS141964,493291.9201101246,4876579.886319948,green_ash,10.0,0.0,False
POS141969,493304.88947705814,4876620.531371501,maple,9.0,0.0,False
POS141970,493305.2777523334,4876637.953659217,oak,7.0,0.0,False
POS141971,493304.9830008671,4876651.472328171,oak,7.0,0.0,False
POS141977,493342.84290394775,4876680.986407473,oak,13.0,0.0,False
POS142036,493371.68773045886,4876680.492618069,sycamore,15.0,0.0,False
POS142039,493405.6534829481,4876680.771183564,sycamore,3.0,0.0,False
POS142085,492957.939001811,4876816.544496949,douglas_fir,22.0,0.0,False
POS142086,492981.88057704805,4876816.529071593,maple,23.0,0.0,False
POS142087,493006.8457866125,4876816.654400251,oak,4.0,0.0,False
POS142088,493015.15430665924,4876816.639747138,oak,4.0,0.0,False
POS142089,493025.32293770916,4876816.452598827,maple,24.0,0.0,False
POS142092,493047.59405497165,4876823.252958383,maple,20.0,0.0,False
POS142095,493046.5689144046,4876902.281045968,maple,9.0,0.0,False
POS142096,493046.6088793931,4876913.712225101,maple,9.0,0.0,False
POS142098,493062.1676802427,4876883.88663182,oak,8.0,0.0,False
POS142099,493061.97435215756,4876877.594349254,oak,8.0,0.0,False
POS142100,493061.73318607965,4876863.509074759,sycamore,1.0,0.0,False
POS142102,493061.932001634,4876829.627757485,maple,3.0,0.0,False
POS142107,493121.53289643914,4876816.503365125,oak,2.0,0.0,False
POS142108,493141.1183268059,4876816.853061804,oak,2.0,0.0,False
POS142109,493160.00381709816,4876816.4158444,maple,48.0,0.0,False
POS142110,493170.2951787468,4876826.779721089,oak,4.0,0.0,False
POS142111,493169.6596185302,4876836.823595407,oregon_ash,10.0,0.0,False
POS142119,493171.3083202137,4876914.133516352,oak,4.0,0.0,False
POS142120,493183.63281300245,4876902.959137798,maple,5.0,0.0,False
POS142122,493183.58325704397,4876881.401429538,maple,3.0,0.0,False
POS142123,493183.8952760223,4876858.467763955,maple,36.0,0.0,False
POS142124,493183.88940036687,4876845.894461995,oak,4.0,0.0,False
POS142125,493183.8953451246,4876830.773825862,maple,35.0,0.0,False
POS142129,493199.6160317059,4876816.835804156,maple,28.0,0.0,False
POS142130,493214.8709844441,4876816.3387410985,oak,5.0,0.0,False
POS142132,493281.1744827534,4876815.673821619,maple,6.0,0.0,False
POS142133,493291.7867476568,4876847.030890871,oak,21.0,0.0,False
POS142139,493305.927751218,4876902.09446888,oak,6.0,0.0,False
POS142142,493305.6161704151,4876836.236039205,oak,9.0,0.0,False
POS142143,493305.80588487326,4876827.617408153,oak,24.0,0.0,False
POS142144,492951.10922126507,4876573.6066390965,oak,2.0,0.0,False
POS142145,492963.3360585678,4876573.589417164,oak,2.0,0.0,False
POS142148,493028.53956631856,4876571.168371236,maple,10.0,0.0,False
POS142153,493151.27428230486,4876572.023943603,oregon_ash,11.0,0.0,False
POS142154,493160.07765911357,4876571.957859784,oregon_ash,12.0,0.0,False
POS142160,493254.82596099173,4876573.123177833,maple,7.0,0.0,False
POS142162,493325.2532577405,4876572.910049385,oak,18.0,0.0,False
POS142164,493355.5460189399,4876572.849285194,maple,11.0,0.0,False
POS142165,493362.8706485211,4876573.067884676,maple,15.0,0.0,False
POS142166,493377.53221110185,4876573.119637868,oak,20.0,0.0,False
POS142169,493395.8847812407,4876559.390167317,oak,19.0,0.0,False
POS142186,493355.40547378757,4876815.839124076,oak,3.0,0.0,False
POS142187,493367.30639174127,4876815.885589418,oak,5.0,0.0,False
POS142199,493579.40159216354,4876354.153939901,maple,13.0,0.0,False
POS142200,493579.8159333939,4876395.018937576,oak,4.0,0.0,False
POS142201,493579.5930608016,4876306.725186932,maple,26.0,0.0,False
POS142202,493579.2910911972,4876282.56482363,maple,16.0,0.0,False
POS142203,493579.28656191233,4876267.651562261,maple,21.0,0.0,False
POS142207,493579.22137530876,4876214.591740359,oak,6.0,0.0,False
POS142208,493447.824570136,4876206.53137281,oak,3.0,0.0,False
POS142209,493456.6827593994,4876206.672938683,oak,4.0,0.0,False
POS142215,493221.7652115167,4876559.2876630435,maple,4.0,0.0,False
POS142216,493201.23224381456,4876558.790279334,oak,1.0,0.0,False
POS142218,493182.862066336,4876547.2445579,sycamore,15.0,0.0,False
POS142229,493167.9988184815,4876463.453681176,sycamore,11.0,0.0,False
POS142232,493168.1486941883,4876497.221429997,oak,16.0,0.0,False
POS142234,493166.90871576464,4876519.371895355,oregon_ash,6.0,0.0,False
POS142235,493166.5980640172,4876529.781086023,oregon_ash,7.0,0.0,False
POS142236,493166.7421119307,4876537.88876617,oregon_ash,7.0,0.0,False
POS142237,493166.9204868073,4876544.839530464,pine,14.0,0.0,False
POS142238,493166.73639658454,4876551.007950508,oak,4.0,0.0,False
POS142239,493227.59783203405,4876328.97588629,maple,16.0,0.0,False
POS142242,493279.00556347024,4876329.3470694255,maple,14.0,0.0,False
POS142261,493290.1563527049,4876285.789610621,sycamore,7.0,0.0,False
POS142262,493289.9591733778,4876297.365834444,green_ash,11.0,0.0,False
POS142267,493250.8813379309,4876314.128716653,maple,3.0,0.0,False
POS142268,493242.9734238394,4876314.408029313,maple,5.0,0.0,False
POS142275,493181.98097064253,4876254.028895253,oak,17.0,0.0,False
POS142276,493182.13074021746,4876248.541370688,oak,17.0,0.0,False
POS142279,493182.10727919237,4876216.927950715,maple,18.0,0.0,False
POS142282,493168.2720203565,4876268.681097121,maple,4.0,0.0,False
POS142283,493167.93275035924,4876274.825189364,sycamore,26.0,0.0,False
POS142291,493060.0932196287,4876298.617290574,oak,1.0,0.0,False
POS142292,493060.2200011811,4876283.277632665,oak,3.0,0.0,False
POS142294,493060.8107142809,4876255.304572384,oak,24.0,0.0,False
POS142295,493060.1741331125,4876230.188185676,oak,24.0,0.0,False
POS142298,493045.8298511672,4876235.790011983,oak,24.0,0.0,False
POS142299,493047.21183723985,4876270.909596937,oak,16.0,0.0,False
POS142300,493047.0747075749,4876286.150343018,oak,1.0,0.0,False
POS142301,493046.86290576815,4876303.909948956,sycamore,2.0,0.0,False
POS142323,493223.24748912605,4876802.659856051,maple,15.0,0.0,False
POS142411,492940.4402113954,4876304.149232152,oak,2.0,0.0,False
POS142412,492940.2960301897,4876293.043437524,sycamore,23.0,0.0,False
POS142413,492940.0475331179,4876285.959171616,sycamore,24.0,0.0,False
POS142414,492940.4977441514,4876278.650948821,oak,12.0,0.0,False
POS142415,492939.82699770416,4876270.31123733,oak,18.0,0.0,False
POS142417,492926.92095761,4876218.679461108,oak,1.0,0.0,False
POS142418,492926.26047310286,4876229.307327633,oak,1.0,0.0,False
POS142419,492926.37817526626,4876236.867108121,oak,1.0,0.0,False
POS142422,492927.1006166893,4876270.205047633,oak,18.0,0.0,False
POS142423,492926.7295336155,4876287.528385794,oak,25.0,0.0,False
POS142426,493136.3174544372,4876558.724628115,oak,2.0,0.0,False
POS142435,493060.9392346816,4876482.666089826,oak,14.0,0.0,False
POS142441,493046.9297377876,4876521.322453654,maple,4.0,0.0,False
POS142442,493046.4937651637,4876530.274653993,oak,11.0,0.0,False
POS142443,493046.4885074845,4876541.776896293,maple,6.0,0.0,False
POS142444,493046.40033334226,4876550.401164053,maple,15.0,0.0,False
POS142445,493038.03599286283,4876558.609234502,maple,10.0,0.0,False
POS142446,493033.162528411,4876558.867106438,oak,12.0,0.0,False
POS142460,493765.2872899649,4876222.485207262,oak,9.0,0.0,False
POS142461,493765.8548529423,4876233.105521611,oak,9.0,0.0,False
POS142462,493764.79853871476,4876251.208636412,oak,7.0,0.0,False
POS142463,493765.1668534354,4876264.497497767,green_ash,5.0,0.0,False
POS142465,493290.63954987435,4876501.142073678,oak,11.0,0.0,False
POS142474,493304.2263947849,4876509.999257357,maple,10.0,0.0,False
POS142480,492951.9016825379,4876451.038425935,oregon_ash,12.0,0.0,False
POS142481,492957.4356462645,4876450.865166905,oregon_ash,5.0,0.0,False
POS142495,493141.8046737652,4876450.69792619,sycamore,12.0,0.0,False
POS142497,493190.0373217902,4876450.575126689,oregon_ash,9.0,0.0,False
POS142498,493201.03411512077,4876450.568104044,oregon_ash,10.0,0.0,False
POS142499,493211.10230638203,4876450.3556621885,oregon_ash,9.0,0.0,False
POS142502,493243.803406336,4876450.919984206,oregon_ash,6.0,0.0,False
POS142505,493282.2453288207,4876450.233689843,oak,19.0,0.0,False
POS142516,493326.8760472339,4876436.7780476725,maple,4.0,0.0,False
POS142519,493303.9578976346,4876413.940395945,green_ash,21.0,0.0,False
POS142532,493289.9097222498,4876403.012770032,green_ash,8.0,0.0,False
POS142545,493181.9600835367,4876424.152054657,pine,9.0,0.0,False
POS142547,493182.1890159246,4876401.435691844,pine,7.0,0.0,False
POS142548,493181.85876674636,4876391.565290466,pine,8.0,0.0,False
POS142554,493168.575576457,4876343.685499859,green_ash,12.0,0.0,False
POS142555,493168.77862637024,4876356.082295127,green_ash,8.0,0.0,False
POS142556,493168.7202191984,4876363.561614745,green_ash,7.0,0.0,False
POS142558,493168.30558882066,4876389.270042761,sycamore,11.0,0.0,False
POS142563,493168.5530822009,4876423.724234811,sycamore,8.0,0.0,False
POS142567,493089.47712977906,4876436.966544379,green_ash,10.0,0.0,False
POS142569,493069.5323757885,4876436.459120359,green_ash,7.0,0.0,False
POS142571,493060.41587233724,4876420.870214102,green_ash,13.0,0.0,False
POS142582,493046.4718398856,4876361.074790509,oak,23.0,0.0,False
POS142587,493046.64428701036,4876410.465768856,oak,21.0,0.0,False
POS142588,493046.76387052,4876427.13722086,oak,21.0,0.0,False
POS142596,492941.01596103865,4876385.090061284,maple,4.0,0.0,False
POS142597,492940.0770252589,4876375.184793564,maple,30.0,0.0,False
POS142598,492939.62601071806,4876368.352194282,maple,13.0,0.0,False
POS142601,492926.10567126493,4876339.9920178,oak,24.0,0.0,False
POS142602,492925.48601364833,4876346.969871237,oak,24.0,0.0,False
POS142603,492925.2774074134,4876353.959891741,oak,23.0,0.0,False
POS142604,492925.4921226172,4876360.550931025,oak,18.0,0.0,False
POS142605,492925.25897327205,4876368.363347763,oak,17.0,0.0,False
POS142606,492926.4515519032,4876381.715605907,oak,21.0,0.0,False
POS142607,492926.5090457726,4876390.870642818,oak,16.0,0.0,False
POS142608,492926.730497556,4876398.965035244,oak,20.0,0.0,False
POS142610,492926.9968848131,4876422.8747221995,oregon_ash,12.0,0.0,False
POS142621,493000.02298465086,4876329.912038905,maple,15.0,0.0,False
POS142624,493037.32431204396,4876329.888107166,maple,14.0,0.0,False
POS142626,493109.1262309577,4876329.590163029,oak,16.0,0.0,False
POS142634,493472.233733289,4876206.430928653,oak,7.0,0.0,False
POS142641,493567.5366980038,4876214.392816293,oak,7.0,0.0,False
POS142643,493567.9893992058,4876231.867545455,oak,6.0,0.0,False
POS142644,493568.14588298043,4876241.689363011,oak,8.0,0.0,False
POS142645,493567.9794947935,4876269.861992707,maple,12.0,0.0,False
POS142653,493605.6552523396,4876205.090996386,maple,16.0,0.0,False
POS142656,493397.1736739087,4876804.798854869,maple,6.0,0.0,False
POS142660,493643.7169785079,4876220.364454753,maple,14.0,0.0,False
POS142665,493657.1660298517,4876255.655278247,maple,18.0,0.0,False
POS142690,493133.615431264,4876208.625415915,maple,14.0,0.0,False
POS142691,493140.09448111156,4876208.500765191,maple,13.0,0.0,False
POS142693,493190.1645570976,4876208.587908456,green_ash,12.0,0.0,False
POS142694,493197.8349823817,4876208.763723561,green_ash,12.0,0.0,False
POS142714,493765.5843520003,4876276.758290309,green_ash,8.0,0.0,False
POS142715,493765.3985717977,4876289.409691749,green_ash,5.0,0.0,False
POS142716,493765.3697856891,4876305.174287785,green_ash,5.0,0.0,False
POS142717,493779.08200365613,4876289.642574164,maple,8.0,0.0,False
POS142718,493779.55789063114,4876264.064274799,maple,8.0,0.0,False
POS142719,493778.922961195,4876246.791615717,oak,10.0,0.0,False
POS142720,493779.57055142475,4876234.733516453,oak,8.0,0.0,False
POS142724,493822.1212879597,4876206.097408448,maple,5.0,0.0,False
POS142725,493827.3012351727,4876205.964596999,maple,7.0,0.0,False
POS142726,493840.82174124755,4876205.792804792,oak,18.0,0.0,False
POS142727,493850.606930199,4876205.509929943,oak,27.0,0.0,False
POS142728,493862.961063619,4876205.878647655,oak,24.0,0.0,False
POS142729,493875.0363251179,4876205.951232396,oak,26.0,0.0,False
POS142730,493887.6391240264,4876217.254659375,oak,22.0,0.0,False
POS142731,493887.0688993204,4876226.727176371,oak,19.0,0.0,False
POS142732,493886.8330884189,4876244.261358542,oak,28.0,0.0,False
POS142733,493886.541553703,4876254.029402785,oak,26.0,0.0,False
POS142734,493886.2414307846,4876264.085200636,oak,31.0,0.0,False
POS142740,493846.4218516307,4876191.582134203,maple,12.0,0.0,False
POS142741,493840.0838111171,4876191.967991551,maple,16.0,0.0,False
POS142742,493825.4230634086,4876191.818142345,green_ash,6.0,0.0,False
POS142743,493818.2317332951,4876191.891022874,green_ash,3.0,0.0,False
POS142744,493809.31667742366,4876191.912457923,green_ash,3.0,0.0,False
POS142745,493799.25259828346,4876191.899799922,maple,20.0,0.0,False
POS142770,493791.7828868314,4876191.676862267,maple,19.0,0.0,False
POS142771,493741.18323406926,4876191.316932048,maple,5.0,0.0,False
POS142772,493731.32351200684,4876190.870359203,maple,11.0,0.0,False
POS142773,493704.314487624,4876191.22440616,maple,18.0,0.0,False
POS142776,493625.56766730687,4876191.892095607,maple,2.0,0.0,False
POS142778,493612.038590266,4876192.351049185,maple,20.0,0.0,False
POS142780,493560.1117900895,4876191.9006302925,maple,2.0,0.0,False
POS142781,493551.6046442014,4876192.361160078,maple,2.0,0.0,False
POS142782,493544.7506996417,4876192.3947128365,maple,2.0,0.0,False
POS142817,493567.33495564276,4876158.2352020275,green_ash,11.0,0.0,False
POS142819,493568.1368158961,4876179.53828981,maple,24.0,0.0,False
POS142820,493567.9395956462,4876186.146438607,maple,24.0,0.0,False
POS142822,493578.3047333207,4876154.911665432,oak,11.0,0.0,False
POS142856,493643.19901339774,4876158.484500801,maple,10.0,0.0,False
POS142857,493643.18269526534,4876160.498885425,douglas_fir,12.0,0.0,False
POS142895,492790.52412229485,4876210.211373194,sycamore,12.0,0.0,False
POS142896,492798.3894577648,4876210.400497945,sycamore,11.0,0.0,False
POS142897,493171.40773393214,4877210.525189285,maple,8.0,0.0,False
POS142898,493171.450230095,4877194.400924059,maple,4.0,0.0,False
POS142911,493137.2985036058,4876802.236269858,maple,11.0,0.0,False
POS142912,493129.954065395,4876802.322993895,maple,10.0,0.0,False
POS142921,493026.8892852226,4876802.248259035,oak,2.0,0.0,False
POS142922,493018.600724651,4876802.364811014,maple,37.0,0.0,False
POS142925,492989.2090850046,4876803.170317585,maple,37.0,0.0,False
POS142926,492976.36762110336,4876802.939988623,douglas_fir,25.0,0.0,False
POS142927,492968.87457308953,4876802.869375276,douglas_fir,25.0,0.0,False
POS142928,492958.9018385735,4876804.159308569,douglas_fir,36.0,0.0,False
POS142929,492947.77185599954,4876802.698413319,douglas_fir,30.0,0.0,False
POS142933,493160.4156881391,4876801.549429826,oak,4.0,0.0,False
POS142934,492941.7814765092,4876706.157045292,oak,2.0,0.0,False
POS142935,492927.8224494707,4876702.375445044,maple,3.0,0.0,False
POS142936,492949.4451619685,4876695.372977948,sycamore,18.0,0.0,False
POS142937,492956.7803810525,4876695.591886139,sycamore,19.0,0.0,False
POS142941,493013.84642364184,4876695.153464219,maple,13.0,0.0,False
POS142942,493017.675973614,4876694.961841251,maple,12.0,0.0,False
POS142943,493021.6495710897,4876695.080427716,maple,12.0,0.0,False
POS142946,493048.14213784755,4876704.283450973,oak,5.0,0.0,False
POS142963,493125.2296664552,4876694.502718482,maple,16.0,0.0,False
POS142984,493182.83992877934,4876760.002718133,oak,51.0,0.0,False
POS142998,493291.5381744712,4876762.665501368,green_ash,7.0,0.0,False
POS143003,493305.42347950675,4876793.924449757,oak,18.0,0.0,False
POS143004,493305.429052632,4876784.971911067,oak,24.0,0.0,False
POS143008,493304.90175827686,4876724.974325785,oak,16.0,0.0,False
POS143011,493323.5155941035,4876694.052864425,oak,4.0,0.0,False
POS143013,493439.5288762978,4877417.957688248,oak,12.0,0.0,False
POS143015,492953.6504482592,4876681.471896355,maple,5.0,0.0,False
POS143109,493657.2180003011,4876157.657256091,maple,35.0,0.0,False
POS143133,493764.9389757921,4876174.007193375,maple,15.0,0.0,False
POS143382,494010.505084603,4876279.1875637,oak,11.0,0.0,False
POS143383,494010.4593739429,4876297.8375562355,oak,5.0,0.0,False
POS143384,494028.8987763284,4876308.845967876,maple,20.0,0.0,False
POS143385,494028.397152128,4876296.073547537,maple,22.0,0.0,False
POS143388,494026.7116532419,4876229.135782425,oak,17.0,0.0,False
POS143389,494027.5788592364,4876220.491958521,oak,16.0,0.0,False
POS143390,494406.86284862674,4876302.259262418,douglas_fir,28.0,0.0,False
POS143391,494406.7100821484,4876290.246280482,sycamore,5.0,0.0,False
POS143392,494406.37922874733,4876241.37338351,maple,13.0,0.0,False
POS143395,494388.25347071106,4876204.316993552,maple,20.0,0.0,False
POS143396,494380.1663212621,4876204.419628892,maple,8.0,0.0,False
POS143397,494371.45954610966,4876204.368265666,maple,12.0,0.0,False
POS143398,494366.09120939515,4876204.463646375,maple,11.0,0.0,False
POS143509,494353.4172591734,4876204.302875913,maple,10.0,0.0,False
POS143510,494346.39509462035,4876204.541302073,maple,21.0,0.0,False
POS143519,494261.09774373594,4876305.877216714,oak,31.0,0.0,False
POS143520,494260.68293370726,4876295.470170468,oak,17.0,0.0,False
POS143521,494260.9712951672,4876285.80873679,oak,25.0,0.0,False
POS143522,494259.9796047767,4876229.936368546,maple,18.0,0.0,False
POS143523,494260.2607526182,4876220.516626598,maple,26.0,0.0,False
POS143524,494250.2678223131,4876203.997497199,oak,3.0,0.0,False
POS143525,494233.1880650855,4876204.237150706,sycamore,11.0,0.0,False
POS143526,494193.05802207766,4876204.247950121,oak,2.0,0.0,False
POS143528,494170.81589682144,4876204.30952674,oak,1.0,0.0,False
POS143531,494152.49954462785,4876283.417461869,oak,1.0,0.0,False
POS143532,494152.48172461765,4876292.1196364,oak,1.0,0.0,False
POS143557,494138.2820729997,4876306.200638549,oak,3.0,0.0,False
POS143849,494133.15463637706,4876205.21174527,maple,22.0,0.0,False
POS143850,494125.4990457612,4876205.289464678,maple,25.0,0.0,False
POS143851,494099.93926360854,4876205.13792114,maple,17.0,0.0,False
POS143852,494092.7403676213,4876204.613249972,maple,17.0,0.0,False
POS143864,494028.6916103848,4876169.01234423,oak,1.0,0.0,False
POS143871,494408.13928780623,4876154.685045067,maple,16.0,0.0,False
POS143872,494407.9033429373,4876162.5901836855,maple,24.0,0.0,False
POS143874,494380.43558109447,4876189.635341711,maple,12.0,0.0,False
POS143875,494375.44681472715,4876189.65844835,maple,9.0,0.0,False
POS143877,494301.8121644391,4876190.212683185,douglas_fir,36.0,0.0,False
POS143878,494290.6314607558,4876190.222987683,maple,11.0,0.0,False
POS143994,494061.5699644838,4876190.440061895,maple,7.0,0.0,False
POS143995,494065.90817160584,4876190.515338951,maple,6.0,0.0,False
POS143996,494116.89260310866,4876191.580017405,oak,1.0,0.0,False
POS143997,494125.1279900229,4876191.389198022,oak,1.0,0.0,False
POS143998,494136.79734376667,4876183.691500494,oak,1.0,0.0,False
POS143999,494138.39722004475,4876174.155011054,maple,24.0,0.0,False
POS144014,494152.36120101024,4876157.801190189,maple,16.0,0.0,False
POS144015,494152.3561247061,4876169.497353951,maple,14.0,0.0,False
POS144017,494151.94319652923,4876177.56941637,maple,13.0,0.0,False
POS144018,494152.0073424045,4876181.183258994,maple,14.0,0.0,False
POS144019,494152.06625022803,4876184.969251362,maple,11.0,0.0,False
POS144020,494158.099185565,4876190.309395757,maple,7.0,0.0,False
POS144021,494162.73409055104,4876190.619637205,maple,9.0,0.0,False
POS144027,494261.1857869461,4876161.680450205,maple,5.0,0.0,False
POS144088,493914.5989457328,4876329.576928775,oak,20.0,0.0,False
POS144089,493971.6595942603,4876329.917206442,maple,8.0,0.0,False
POS144090,493978.8607713114,4876329.779020094,maple,18.0,0.0,False
POS144091,494406.75310332427,4876365.850517563,pine,6.0,0.0,False
POS144092,494406.66944564687,4876357.650233627,oak,4.0,0.0,False
POS144094,494392.08579216705,4876312.727595229,maple,19.0,0.0,False
POS144095,494374.172440217,4876312.735055467,maple,14.0,0.0,False
POS144096,494364.4929768605,4876312.558257328,sycamore,8.0,0.0,False
POS144098,494324.2310114999,4876312.529805691,maple,15.0,0.0,False
POS144099,494279.4474132844,4876312.343001306,sycamore,11.0,0.0,False
POS144100,494223.3885590539,4876312.8149089515,oak,32.0,0.0,False
POS144101,494212.5652330266,4876312.759479449,oak,20.0,0.0,False
POS144106,494406.9391903895,4876375.413606115,oak,4.0,0.0,False
POS144108,494406.98150965635,4876410.050879258,oak,4.0,0.0,False
POS144109,494406.9977800929,4876418.595762951,pine,6.0,0.0,False
POS144110,494407.2080209118,4876436.03084545,pine,5.0,0.0,False
POS144111,494407.19377602177,4876453.78013816,oak,3.0,0.0,False
POS144112,494407.3096593247,4876444.375869531,pine,8.0,0.0,False
POS144113,494407.29373280203,4876468.993150432,oak,4.0,0.0,False
POS144114,494407.4309978546,4876478.235268321,oak,4.0,0.0,False
POS144115,494407.32910338184,4876487.840960683,oak,4.0,0.0,False
POS144116,494407.38182100415,4876497.362664453,oak,5.0,0.0,False
POS144117,494407.36665166816,4876507.195452632,oak,5.0,0.0,False
POS144126,494428.34011331346,4876519.916266539,maple,5.0,0.0,False
POS144132,494460.66139035433,4876447.338608855,oak,1.0,0.0,False
POS144135,494511.60544202395,4876446.699369591,maple,16.0,0.0,False
POS144136,494523.17166262254,4876447.251596638,maple,17.0,0.0,False
POS144169,494533.30386751227,4876447.347008129,maple,14.0,0.0,False
POS144170,493655.66683945287,4877184.617010733,oak,29.0,0.0,False
POS144171,493665.9995779063,4877184.925392048,oak,5.0,0.0,False
POS144172,493680.27803223656,4877185.324733071,oak,16.0,0.0,False
POS144173,493693.01295117027,4877199.6458693,oregon_ash,25.0,0.0,False
POS144174,493692.1490922246,4877152.987843849,sycamore,9.0,0.0,False
POS144175,493692.9526839244,4877142.373874325,sycamore,11.0,0.0,False
POS144176,493691.9806467087,4877133.427567747,sycamore,13.0,0.0,False
POS144177,493691.89642396505,4877123.647429347,sycamore,12.0,0.0,False
POS144178,493691.81220421474,4877113.867190803,maple,11.0,0.0,False
POS144179,493692.4907522354,4877103.733704443,maple,8.0,0.0,False
POS144180,493692.77110114676,4877094.340258553,maple,7.0,0.0,False
POS144181,493692.82445354987,4877086.256581569,maple,9.0,0.0,False
POS144182,493693.04872973,4877078.741924474,maple,8.0,0.0,False
POS144183,493693.4663540356,4877071.044931478,maple,7.0,0.0,False
POS145010,493548.83627499617,4876815.828197351,sycamore,4.0,0.0,False
POS145017,493458.51573384623,4876815.368179341,oak,2.0,0.0,False
POS145018,493445.34266980016,4876815.727259749,oak,2.0,0.0,False
POS145021,493457.7699603376,4876802.55968716,oak,17.0,0.0,False
POS145024,493514.36787267943,4876802.55677787,sycamore,11.0,0.0,False
POS145031,493557.19305547746,4876694.429852646,maple,30.0,0.0,False
POS145036,493435.2448832863,4876694.144754685,oregon_ash,25.0,0.0,False
POS145042,493507.89562478225,4876679.201906871,douglas_fir,16.0,0.0,False
POS145044,493529.8871166372,4876679.482125835,maple,18.0,0.0,False
POS145049,493570.1778566818,4876592.135750915,sycamore,13.0,0.0,False
POS145050,493570.2557544248,4876605.820447875,sycamore,14.0,0.0,False
POS145051,493570.676253575,4876617.320793693,sycamore,6.0,0.0,False
POS145066,493901.5862305229,4876176.339156763,oak,7.0,0.0,False
POS145074,493935.54002876626,4876204.997616849,oak,2.0,0.0,False
POS145075,493927.16200703586,4876204.834270529,oak,1.0,0.0,False
POS145077,493909.48180701124,4876205.550434103,oak,1.0,0.0,False
POS145335,492917.73204477894,4876330.600398242,sycamore,4.0,0.0,False
POS145336,492909.26032702945,4876330.939494126,maple,20.0,0.0,False
POS145338,492844.14864373306,4876330.929113181,maple,12.0,0.0,False
POS145341,492821.15130603785,4876375.477789599,maple,9.0,0.0,False
POS145342,492821.04156823066,4876383.715603991,maple,8.0,0.0,False
POS145343,492821.41476413165,4876392.438747019,maple,12.0,0.0,False
POS145344,492821.26156318595,4876401.023776218,maple,8.0,0.0,False
POS145345,492821.19120188773,4876408.830150069,maple,11.0,0.0,False
POS145351,492770.6938475013,4876331.552689359,sycamore,9.0,0.0,False
POS145352,492775.9990484139,4876331.505305616,oregon_ash,5.0,0.0,False
POS145354,492777.4702899884,4876331.549212002,oregon_ash,5.0,0.0,False
POS145355,492778.3454309406,4876331.374621839,oregon_ash,6.0,0.0,False
POS145357,492793.9987313487,4876331.6410578685,sycamore,11.0,0.0,False
POS145450,492676.03684087517,4876194.8475043755,maple,8.0,0.0,False
POS145451,492686.48074217443,4876176.278608544,maple,15.0,0.0,False
POS145452,492686.91123172233,4876161.3809243655,maple,16.0,0.0,False
POS145476,492740.29271153716,4876193.809183563,pine,13.0,0.0,False
POS145477,492738.94604552706,4876196.148779614,pine,12.0,0.0,False
POS145493,492685.6509933895,4876420.919187152,maple,11.0,0.0,False
POS145533,492685.88846071856,4876229.665431482,maple,1.0,0.0,False
POS145534,492685.69735757954,4876218.727640375,maple,1.0,0.0,False
POS145535,492675.23697046493,4876211.4129236555,oak,4.0,0.0,False
POS145536,492663.3477463654,4876211.402927606,maple,17.0,0.0,False
POS145547,492807.01073482697,4876271.298633372,green_ash,16.0,0.0,False
POS145552,492772.7800975329,4876210.46586404,pine,2.0,0.0,False
POS145553,492764.68792113784,4876210.787188516,pine,5.0,0.0,False
POS145560,492700.4359750817,4876219.994512864,maple,1.0,0.0,False
POS145564,492821.6710937577,4876270.509801786,maple,8.0,0.0,False
POS145567,492821.63712348073,4876229.228225903,maple,4.0,0.0,False
POS145568,492821.63539523736,4876220.134651691,maple,8.0,0.0,False
POS146897,494655.51251262083,4876189.153233204,sycamore,9.0,0.0,False
POS146898,494648.69141991274,4876189.620663677,sycamore,6.0,0.0,False
POS146899,494640.0887665512,4876190.16172348,sycamore,6.0,0.0,False
POS146902,494601.81516101776,4876190.454901682,oregon_ash,3.0,0.0,False
POS146903,494590.7326939139,4876190.239622148,oregon_ash,3.0,0.0,False
POS147487,494540.8748299615,4876154.98559733,maple,10.0,0.0,False
POS147489,494542.00217928883,4876173.496801227,oak,10.0,0.0,False
POS147776,494426.10757554416,4876180.221132271,sycamore,9.0,0.0,False
POS147790,494557.6154769685,4876180.397345049,oak,6.0,0.0,False
POS147923,494440.35237046395,4876678.21743584,oak,7.0,0.0,False
POS147924,494451.691617101,4876678.50027692,sycamore,11.0,0.0,False
POS147925,494464.13983681344,4876678.175495992,oak,11.0,0.0,False
POS147926,494471.6600124468,4876678.211744957,oak,13.0,0.0,False
POS147927,494507.1513809868,4876676.638570953,oak,32.0,0.0,False
POS147928,494571.0651492826,4876678.00290374,oak,4.0,0.0,False
POS148004,494418.3239339285,4876736.666973167,oak,14.0,0.0,False
POS148005,494417.30992077955,4876748.935927259,oak,16.0,0.0,False
POS148006,494416.9052769971,4876762.493212052,oak,16.0,0.0,False
POS148007,494416.7557137824,4876776.60092824,oak,15.0,0.0,False
POS148008,494417.12391453155,4876791.538025287,oak,15.0,0.0,False
POS148009,494418.62954773364,4876832.019835694,oak,19.0,0.0,False
POS148010,494418.49597185384,4876845.585208317,oak,19.0,0.0,False
POS148012,494417.9417563313,4876873.250502602,oak,21.0,0.0,False
POS148015,494470.746826408,4876922.590786407,oak,21.0,0.0,False
POS148016,494478.6181828438,4876922.554214264,oak,20.0,0.0,False
POS148017,494492.46666365035,4876922.289028497,oak,27.0,0.0,False
POS148018,494499.93136267207,4876922.24051922,oak,12.0,0.0,False
POS148019,494506.1798544443,4876922.020005179,oak,14.0,0.0,False
POS148020,494511.75437419134,4876921.643670507,oak,24.0,0.0,False
POS148036,494408.2278918981,4876882.730403389,maple,3.0,0.0,False
POS148688,494647.0283242637,4876432.953370943,sycamore,17.0,0.0,False
POS148694,494574.6744896166,4876433.379381781,sycamore,6.0,0.0,False
POS148695,494567.6543743101,4876432.962942533,sycamore,16.0,0.0,False
POS148698,494557.8159934232,4876393.679633014,oak,19.0,0.0,False
POS148704,494558.2864866799,4876361.250941709,oak,1.0,0.0,False
POS148718,494592.6875006512,4876203.881548938,maple,1.0,0.0,False
POS148723,494559.10708311154,4876241.176913368,oak,21.0,0.0,False
POS148724,494542.17363717663,4876212.541801065,sycamore,15.0,0.0,False
POS148725,494542.0733401681,4876222.837671511,sycamore,13.0,0.0,False
POS148726,494542.10595851904,4876242.53134046,maple,24.0,0.0,False
POS148737,494542.2730020482,4876361.673913347,pine,14.0,0.0,False
POS148738,494542.8805160995,4876375.964045311,oak,1.0,0.0,False
POS148739,494542.6708092423,4876382.990031965,pine,1.0,0.0,False
POS148740,494542.31063940394,4876392.842426469,oak,1.0,0.0,False
POS148741,494541.9154293887,4876401.376028888,oak,1.0,0.0,False
POS148742,494542.25454896805,4876417.726220744,pine,2.0,0.0,False
POS148743,494542.43565553287,4876424.363557471,oak,1.0,0.0,False
POS148745,494529.1736979224,4876433.262347751,oregon_ash,10.0,0.0,False
POS148756,494428.0929594317,4876403.45994095,green_ash,10.0,0.0,False
POS148758,494428.0929677633,4876389.6018572,maple,4.0,0.0,False
POS148762,494427.83990059484,4876356.500546206,maple,8.0,0.0,False
POS148763,494427.2599274999,4876348.20974589,maple,4.0,0.0,False
POS148764,494427.679355334,4876334.157171472,maple,5.0,0.0,False
POS148767,494427.6574855489,4876286.377540108,sycamore,12.0,0.0,False
POS148768,494427.694602538,4876271.279516323,maple,8.0,0.0,False
POS148770,494426.69819190784,4876225.406558972,maple,10.0,0.0,False
POS148772,494426.5269316146,4876214.241052831,maple,8.0,0.0,False
POS148777,494493.8294382642,4876203.756398428,maple,6.0,0.0,False
POS148779,494509.23741139605,4876203.802369291,maple,3.0,0.0,False
POS148780,494516.37307367293,4876203.80874202,maple,4.0,0.0,False
POS148815,494567.74455854023,4876447.179729111,sycamore,14.0,0.0,False
POS148817,494583.44552142965,4876446.931236885,sycamore,11.0,0.0,False
POS148818,494605.52284476033,4876447.180674062,sycamore,17.0,0.0,False
POS148819,494614.7309470903,4876447.409111008,sycamore,3.0,0.0,False
POS148820,494625.30606185383,4876447.400840416,sycamore,4.0,0.0,False
POS148821,494634.7665426175,4876447.32539984,sycamore,4.0,0.0,False
POS148822,494644.5026053476,4876447.2508846745,sycamore,5.0,0.0,False
POS148823,494653.47018055595,4876447.433041973,sycamore,5.0,0.0,False
POS150951,492961.78852881456,4878146.580301209,dogwood,5.0,0.0,False
POS150952,492948.5480701878,4878119.45603941,sycamore,21.0,0.0,False
POS150953,492948.43101475254,4878107.896989217,oak,21.0,0.0,False
POS150955,492948.2798946178,4878063.762113379,oak,17.0,0.0,False
POS151108,493412.5269596268,4876305.107348709,maple,3.0,0.0,False
POS152118,494274.91553449596,4876247.888674659,maple,14.0,0.0,False
POS152120,494406.62547035376,4876263.750522134,maple,3.0,0.0,False
POS152124,494028.5824548607,4876249.211625921,oak,1.0,0.0,False
POS152128,494010.541132964,4876254.069553699,oak,1.0,0.0,False
POS152129,494010.46056865214,4876267.668529057,douglas_fir,3.0,0.0,False
POS152163,494153.21591024316,4876254.125109434,sycamore,4.0,0.0,False
POS152164,494153.06634848274,4876247.559813984,sycamore,3.0,0.0,False
POS152166,494160.9294187835,4876203.938547902,oak,3.0,0.0,False
POS152175,494259.6235366049,4876237.316202197,maple,22.0,0.0,False
POS152184,493568.6009547527,4876412.673655864,oak,7.0,0.0,False
POS152185,493567.8130107094,4876426.0136065865,oak,5.0,0.0,False
POS152189,493568.4632641379,4876347.048447597,maple,17.0,0.0,False
POS152190,493568.6256484265,4876341.500298943,maple,25.0,0.0,False
POS152192,493446.40429169004,4876328.876606945,oak,31.0,0.0,False
POS152193,493459.35788787925,4876328.851788763,oak,24.0,0.0,False
POS152194,493487.8534202391,4876328.746897408,oak,35.0,0.0,False
POS152199,493554.6745195814,4876313.904672347,oak,7.0,0.0,False
POS152200,493544.7867532992,4876313.891882467,oak,5.0,0.0,False
POS152210,493453.2684083621,4877417.412006805,oak,22.0,0.0,False
POS152211,493470.0123368159,4877415.737151072,oak,30.0,0.0,False
POS152321,493484.1867531668,4877414.83393754,oak,33.0,0.0,False
POS152606,494260.41008637723,4876212.554701943,maple,4.0,0.0,False
POS152608,494152.6332825224,4876303.325653954,sycamore,3.0,0.0,False
POS152613,493413.3898208114,4876721.742467317,maple,5.0,0.0,False
POS152615,493426.8499267926,4876420.449944327,maple,4.0,0.0,False
POS153098,492934.20220437506,4878133.664744585,sycamore,22.0,0.0,False
POS153099,492934.642122171,4878123.468123515,sycamore,23.0,0.0,False
POS153100,492837.9200949023,4877290.992343294,maple,5.0,0.0,False
POS153101,492900.6497111286,4877305.433204855,maple,4.0,0.0,False
POS155075,493056.0330658164,4878063.328812781,maple,15.0,0.0,False
POS155076,493055.359103311,4878073.530416126,maple,15.0,0.0,False
POS155077,493056.31056860316,4878082.918500903,maple,13.0,0.0,False
POS155078,493055.9600560134,4878098.795231779,oak,19.0,0.0,False
POS155079,493055.7691116924,4878105.193431233,oak,16.0,0.0,False
POS155080,493056.07023836847,4878111.606515691,oak,15.0,0.0,False
POS155081,493056.17508816137,4878128.728172997,oak,24.0,0.0,False
POS155082,493055.74711139506,4878138.937215774,oak,15.0,0.0,False
POS155520,492915.5870121557,4878038.421098436,pine,16.0,0.0,False
POS155524,492827.1840994874,4878099.545266978,oak,23.0,0.0,False
POS155525,492826.7648643177,4878109.401260919,maple,10.0,0.0,False
POS155526,492826.7762755761,4878117.396348483,oak,21.0,0.0,False
POS159489,494428.9120660443,4878144.337293164,oak,17.0,0.0,False
POS159490,494434.967559006,4878142.222859857,oak,25.0,0.0,False
POS160400,494576.90465063765,4878078.795257179,oak,2.0,0.0,False
POS160522,494563.89725528366,4878092.161563764,oak,2.0,0.0,False
POS160523,494570.294883257,4878085.771111915,oak,2.0,0.0,False
POS160693,493776.69123384845,4877216.3653378775,oak,23.0,0.0,False
POS160699,493837.08025649656,4877191.307786774,sycamore,31.0,0.0,False
POS160913,493801.2350865945,4877192.962090305,oak,25.0,0.0,False
POS160914,493770.5713567161,4877192.464683212,oak,7.0,0.0,False
SITE001,493673.3742748788,4877155.156350974,PlHi,,,True
SITE002,493639.6010876333,4877153.664304487,PlHi,,,True
