tree_id,species,dbh_in,x,y,is_initial_case,infected_at_step,risk_at_infection,infected
SITE002,PlHi,,493639.6010876333,4877153.664304487,True,0,,True
SITE001,PlHi,,493673.3742748788,4877155.156350974,True,0,,True
POS144178,maple,11.0,493691.81220421474,4877113.867190803,False,1,0.04306497992101265,True
POS144177,sycamore,12.0,493691.89642396505,4877123.647429347,False,1,0.04791265485123151,True
POS144176,sycamore,13.0,493691.9806467087,4877133.427567747,False,1,0.07139349596555945,True
POS144175,sycamore,11.0,493692.9526839244,4877142.373874325,False,1,0.075263310766469,True
POS144174,sycamore,9.0,493692.1490922246,4877152.987843849,False,1,0.08045337168143368,True
POS144172,oak,16.0,493680.27803223656,4877185.324733071,False,1,0.03902430282784561,True
POS144171,oak,5.0,493665.9995779063,4877184.925392048,False,1,0.03712850264465536,True
POS144170,oak,29.0,493655.66683945287,4877184.617010733,False,1,0.04248346075295102,True
POS55109,sycamore,31.0,493713.91228596,4877187.843102798,False,1,0.0863228764116717,True
POS99658,maple,9.0,493628.20509842027,4877186.645308586,False,1,0.04364484552009038,True
POS4741,oak,27.0,493643.074131269,4877184.429087029,False,1,0.03515278175069228,True
POS144183,maple,7.0,493693.4663540356,4877071.044931478,False,2,0.04097671010412983,True
POS144182,maple,8.0,493693.04872973,4877078.741924474,False,2,0.03911365341526854,True
POS144181,maple,9.0,493692.82445354987,4877086.256581569,False,2,0.062026581101138026,True
POS144180,maple,7.0,493692.77110114676,4877094.340258553,False,2,0.07421356755715124,True
POS144179,maple,8.0,493692.4907522354,4877103.733704443,False,2,0.07096539875772788,True
POS75224,maple,19.0,493706.6874968143,4877245.996803719,False,2,0.04434533341147185,True
POS4740,oak,27.0,493611.30803264107,4877184.045346812,False,2,0.04084144804463884,True
POS4739,oak,27.0,493598.87584772345,4877185.1200568825,False,3,0.04649896189482595,True
POS75225,oak,16.0,493705.94574257085,4877253.030998228,False,3,0.09462918062403289,True
POS75226,oak,16.0,493705.42705273395,4877260.696570564,False,3,0.08733255431694524,True
POS140851,maple,11.0,493691.8152133487,4877040.844246145,False,3,0.040763746215486334,True
POS140850,maple,10.0,493692.2212980704,4877033.899133199,False,4,0.06581269460967053,True
POS140848,maple,17.0,493692.00002367026,4877012.486812785,False,4,0.03695609661854605,True
POS140843,sycamore,9.0,493693.06008757575,4876963.618709775,False,4,0.04460383654967459,True
POS60585,oak,2.0,493692.6152241494,4876974.077984633,False,5,0.08461268934199653,True
POS140847,maple,6.0,493692.70118396374,4877004.494070541,False,5,0.0581321242009851,True
POS427,maple,17.0,493414.22006145096,4877034.962545419,False,,,False
POS546,maple,16.0,493414.1804831461,4876998.347437289,False,,,False
POS547,maple,19.0,493414.895105954,4876987.045184744,False,,,False
POS548,oak,23.0,493428.775402735,4876951.977942636,False,,,False
POS549,oak,33.0,493428.77563615644,4876964.622775097,False,,,False
POS993,oak,11.0,493426.1866439429,4876455.35056783,False,,,False
POS994,oak,10.0,493426.18352318386,4876462.491823608,False,,,False
POS995,oak,9.0,493426.6002282077,4876469.646108819,False,,,False
POS1493,maple,20.0,493413.3815754223,4877075.703683486,False,,,False
POS1497,maple,11.0,493414.2549272225,4877110.876419463,False,,,False
POS1530,maple,17.0,493414.5014389229,4877025.534427082,False,,,False
POS1531,maple,18.0,493413.8990966747,4877007.775855989,False,,,False
POS1899,oak,13.0,493429.3447415294,4877084.6726796,False,,,False
POS1900,oak,34.0,493429.1196352115,4877092.215313063,False,,,False
POS1902,oak,30.0,493429.452174706,4877131.670150185,False,,,False
POS4296,maple,9.0,493048.9831780534,4876948.42705212,False,,,False
POS4297,maple,8.0,493048.8396985046,4876975.517599163,False,,,False
POS4487,maple,8.0,493049.21464392997,4877004.405442936,False,,,False
POS4488,maple,21.0,493049.35950630694,4877012.573040157,False,,,False
POS4528,maple,18.0,493049.1281036846,4877073.328268688,False,,,False
POS4529,maple,18.0,493048.7515058135,4877085.052621543,False,,,False
POS39366,maple,1.0,493267.9292022285,4876329.206752019,False,,,False
POS39449,oak,38.0,493662.30026338395,4877346.19999279,False,,,False
POS39450,oak,33.0,493682.20191089815,4877334.020141197,False,,,False
POS39455,oak,31.0,493772.95418747136,4877265.99024249,False,,,False
POS39457,oak,19.0,493829.50203581015,4877226.874492523,False,,,False
POS39458,oak,24.0,493848.9926308518,4877215.151993268,False,,,False
POS39534,maple,1.0,494389.0181393166,4878115.512540119,False,,,False
POS39536,douglas_fir,1.0,494415.432368371,4878115.60579729,False,,,False
POS39537,pine,2.0,494409.45577120024,4878102.334712327,False,,,False
POS39540,douglas_fir,1.0,494444.36889247445,4878093.296746837,False,,,False
POS39602,douglas_fir,1.0,494451.1816336564,4878078.553324981,False,,,False
POS39604,maple,1.0,494461.68455607514,4878064.383957459,False,,,False
POS39606,maple,1.0,494459.1310212392,4878049.013569859,False,,,False
POS39610,douglas_fir,1.0,494434.246951881,4878076.859941575,False,,,False
POS39611,oak,1.0,494431.8517506004,4878066.192725436,False,,,False
POS39612,douglas_fir,1.0,494443.4380044592,4878063.308038643,False,,,False
POS39613,oak,1.0,494446.063417117,4878038.124318046,False,,,False
POS39614,douglas_fir,1.0,494446.05462235125,4878010.277792969,False,,,False
POS39615,douglas_fir,1.0,494456.45422797254,4878003.868780246,False,,,False
POS39616,pine,2.0,494437.4905978128,4878009.311461783,False,,,False
POS39617,maple,2.0,494432.4556368977,4878017.8186525665,False,,,False
POS39618,douglas_fir,1.0,494425.92321918695,4878011.550292408,False,,,False
POS39619,pine,2.0,494422.6860611281,4878016.105617805,False,,,False
POS39620,douglas_fir,1.0,494415.2560984827,4878013.945597168,False,,,False
POS39621,maple,1.0,494411.36558990943,4878018.739830232,False,,,False
POS39622,pine,1.0,494406.45768233726,4878014.329012871,False,,,False
POS39623,douglas_fir,1.0,494401.51509446994,4878019.737964898,False,,,False
POS39624,douglas_fir,1.0,494396.9254896047,4878017.662720068,False,,,False
POS39625,oak,1.0,494425.9138148507,4878050.832227928,False,,,False
POS39928,oak,6.0,494263.7896738544,4876325.08153368,False,,,False
POS39929,oak,6.0,494270.084529232,4876325.268014055,False,,,False
POS40071,maple,32.0,493377.48934474966,4877561.537761557,False,,,False
POS40105,maple,3.0,494045.47831457976,4876191.608746226,False,,,False
POS40359,pine,1.0,494374.2700144817,4878003.612913877,False,,,False
POS40360,pine,1.0,494369.9834909505,4877998.724127613,False,,,False
POS40361,pine,1.0,494364.4584520571,4878002.334940814,False,,,False
POS40362,oak,1.0,494349.57683608035,4878000.41352869,False,,,False
POS40363,pine,2.0,494338.7685459638,4878005.015690698,False,,,False
POS40364,pine,3.0,494333.0255654775,4877999.427014175,False,,,False
POS40365,oak,1.0,494325.6032666374,4878006.100297964,False,,,False
POS44556,oak,7.0,493643.80522019346,4876680.289819602,False,,,False
POS49934,oak,36.0,494643.0246908115,4876977.151070629,False,,,False
POS49935,oak,25.0,494619.09124248545,4876982.174175755,False,,,False
POS50526,oak,9.0,493570.67738833115,4876789.4988251785,False,,,False
POS50527,oak,8.0,493582.3438077936,4876794.222657592,False,,,False
POS50529,sycamore,6.0,493582.8217192858,4876863.121259419,False,,,False
POS50548,maple,31.0,493356.47084522364,4877981.8876160225,False,,,False
POS52487,maple,1.0,492904.7859949009,4878023.383521204,False,,,False
POS52953,oak,4.0,493183.250079394,4878135.437537746,False,,,False
POS52971,oak,8.0,493286.0129615714,4876576.098000493,False,,,False
POS53209,pine,2.0,493517.78164028574,4878024.222606262,False,,,False
POS53241,maple,12.0,493280.7284357482,4876920.710568979,False,,,False
POS53242,maple,13.0,493270.29480484134,4876920.666294817,False,,,False
POS53533,sycamore,15.0,492793.8382733032,4876316.781245766,False,,,False
POS53535,sycamore,18.0,492776.1488280087,4876316.544048031,False,,,False
POS53554,maple,1.0,493199.6810129017,4878096.6199860275,False,,,False
POS53603,oak,5.0,493334.0018968241,4876802.310109348,False,,,False
POS53620,maple,5.0,492833.8596583198,4876331.060572037,False,,,False
POS53621,sycamore,13.0,492782.06916714454,4876316.90493575,False,,,False
POS53736,oak,13.0,492810.9464650376,4878017.681663891,False,,,False
POS53737,oak,21.0,492811.04624842043,4878014.338037509,False,,,False
POS53738,oak,18.0,492811.3231125207,4877999.454435899,False,,,False
POS53739,oak,19.0,492811.08868313633,4877996.100835497,False,,,False
POS53740,oak,19.0,492826.37175136764,4878016.635951989,False,,,False
POS53741,oak,15.0,492826.20676643983,4878010.9419511985,False,,,False
POS54000,oregon_ash,17.0,492813.0501788787,4878117.020123443,False,,,False
POS54001,douglas_fir,22.0,492812.1737727569,4878137.41689935,False,,,False
POS54221,oak,18.0,492810.9458255393,4878010.897233529,False,,,False
POS54346,maple,4.0,493079.01589918014,4878146.859759706,False,,,False
POS54347,maple,4.0,493069.24731819576,4878138.625886597,False,,,False
POS54348,maple,6.0,493087.98608644004,4878147.127461544,False,,,False
POS54349,maple,5.0,493096.1092638958,4878146.851769856,False,,,False
POS54350,maple,7.0,493102.29876712215,4878146.998785408,False,,,False
POS54351,dogwood,8.0,493107.8776312705,4878146.513158492,False,,,False
POS54352,dogwood,6.0,493130.233865546,4878146.7696362045,False,,,False
POS54801,oak,7.0,493275.9059732038,4876693.734127449,False,,,False
POS54843,maple,23.0,492807.8522618156,4876174.355206257,False,,,False
POS54844,maple,5.0,494273.69662922027,4876284.921301017,False,,,False
POS55050,oak,19.0,493388.31560556364,4878040.823101478,False,,,False
POS55053,maple,18.0,493384.2770915354,4878032.787429392,False,,,False
POS55054,oak,24.0,493382.66917289025,4878043.649780762,False,,,False
POS55055,oak,22.0,493377.0163770029,4878046.689676819,False,,,False
POS55056,maple,13.0,493369.22650987376,4878028.234128762,False,,,False
POS55057,maple,12.0,493371.62970730744,4878021.514939409,False,,,False
POS55058,maple,23.0,493376.5531668762,4878010.282722627,False,,,False
POS55059,maple,21.0,493420.2939301146,4877909.908761389,False,,,False
POS55097,maple,21.0,493776.7652901975,4877728.249518837,False,,,False
POS55120,douglas_fir,20.0,493967.46572415996,4877737.357276854,False,,,False
POS55129,oregon_ash,7.0,494062.7697826223,4877770.828976821,False,,,False
POS55130,oregon_ash,7.0,494062.82389357314,4877775.656944405,False,,,False
POS55131,maple,10.0,494062.5598237559,4877780.078502983,False,,,False
POS55132,oregon_ash,8.0,494062.67613265297,4877785.040630997,False,,,False
POS55137,oregon_ash,8.0,494058.03021207725,4877785.561864998,False,,,False
POS55280,maple,3.0,493047.05400562956,4876516.605598241,False,,,False
POS55763,pine,3.0,493527.1428413764,4877997.074135091,False,,,False
POS55765,pine,3.0,493525.5809817033,4878011.023857237,False,,,False
POS55766,pine,3.0,493516.78351597366,4878038.205252477,False,,,False
POS55767,pine,3.0,493508.22406142723,4878052.542951565,False,,,False
POS55768,pine,4.0,493505.3562104498,4878068.3574541025,False,,,False
POS55819,maple,4.0,492661.239106745,4876803.388112852,False,,,False
POS55857,maple,5.0,493584.0054220705,4876959.728446186,False,,,False
POS55858,maple,5.0,493584.01619036257,4876951.000773927,False,,,False
POS55947,oak,2.0,492798.0745321805,4876572.721610297,False,,,False
POS55950,oak,3.0,493068.4548141917,4876680.92163355,False,,,False
POS55958,oak,1.0,492791.53000726923,4876803.285632029,False,,,False
POS56012,maple,4.0,493379.61127667874,4876795.2557073785,False,,,False
POS56163,maple,2.0,492913.7623620448,4876694.566718463,False,,,False
POS56164,oak,1.0,492860.18047535204,4876694.438782178,False,,,False
POS56238,oak,5.0,494562.1038423996,4876677.878937533,False,,,False
POS56240,oak,4.0,494556.2268915872,4876677.736527449,False,,,False
POS56427,oregon_ash,1.0,494000.3977795594,4877742.945805432,False,,,False
POS56429,maple,1.0,493979.5175652177,4877742.190314858,False,,,False
POS56465,maple,1.0,493972.90864255675,4877741.993066596,False,,,False
POS56567,maple,3.0,493501.3597477204,4878142.47847189,False,,,False
POS56570,oak,29.0,493527.4395151122,4878147.328236298,False,,,False
POS56646,maple,27.0,493400.77063440194,4878138.518420036,False,,,False
POS56647,maple,29.0,493403.7346391692,4878103.40129355,False,,,False
POS56648,maple,30.0,493400.96668810176,4878091.823031024,False,,,False
POS56680,maple,27.0,493410.62893297145,4878060.977131014,False,,,False
POS56685,oak,36.0,493534.9925585284,4878070.795786742,False,,,False
POS56721,oak,34.0,493553.2454922731,4878020.927076682,False,,,False
POS56753,oak,37.0,493480.44326196634,4878012.766838147,False,,,False
POS56754,oak,30.0,493483.8325202948,4878019.573897237,False,,,False
POS56755,maple,32.0,493503.03005238815,4877966.14085758,False,,,False
POS56757,maple,25.0,493491.12850235426,4877967.701620971,False,,,False
POS56804,maple,23.0,493457.0502818127,4877913.87612308,False,,,False
POS56813,douglas_fir,24.0,493446.7359375213,4877890.337368817,False,,,False
POS56814,douglas_fir,22.0,493556.34314725857,4877953.242614925,False,,,False
POS56815,douglas_fir,22.0,493547.8200842687,4877953.946176708,False,,,False
POS56816,douglas_fir,22.0,493543.85061471444,4877962.569282011,False,,,False
POS56847,maple,32.0,493413.899701122,4878012.10982562,False,,,False
POS56857,douglas_fir,23.0,493455.8441650086,4877897.302308815,False,,,False
POS56858,pine,24.0,493464.1561687489,4877902.548232864,False,,,False
POS56945,dogwood,4.0,492825.25663711695,4877943.392787831,False,,,False
POS57159,maple,5.0,493168.7854381404,4876217.091092771,False,,,False
POS57160,maple,7.0,493168.6082630971,4876223.366227817,False,,,False
POS57171,maple,8.0,493169.3390413602,4876235.002048707,False,,,False
POS57370,maple,20.0,492727.3487252409,4877902.971065812,False,,,False
POS57375,douglas_fir,18.0,493563.3832471822,4876332.832440539,False,,,False
POS57377,maple,36.0,493582.7719628791,4876188.872592015,False,,,False
POS57462,maple,7.0,492950.0943372738,4877870.99243796,False,,,False
POS57463,maple,7.0,492950.1560692145,4877855.690998245,False,,,False
POS57745,oak,4.0,492989.209450343,4876816.7795919,False,,,False
POS57750,oak,5.0,492969.4684221721,4876816.550263078,False,,,False
POS57763,oak,5.0,492760.52046792855,4876816.73590434,False,,,False
POS57800,oak,2.0,493498.2969461459,4876693.36063199,False,,,False
POS57801,oak,2.0,493484.9368460092,4876694.226546616,False,,,False
POS57817,maple,5.0,492797.338690198,4876816.807335588,False,,,False
POS57819,maple,6.0,492807.9543661018,4876825.851136913,False,,,False
POS57820,maple,6.0,492807.6661690823,4876865.211274163,False,,,False
POS57933,western_hemlock,8.0,493047.42724325927,4876890.355157219,False,,,False
POS57936,oak,1.0,493153.323603298,4876816.170779127,False,,,False
POS57939,maple,1.0,493093.9296854145,4876924.421466439,False,,,False
POS57940,maple,1.0,493101.85569749563,4876924.309396607,False,,,False
POS57941,maple,4.0,493068.64291564375,4876924.589546518,False,,,False
POS58040,oak,5.0,493569.0672372388,4876420.455454012,False,,,False
POS58046,oak,2.0,493438.4759054241,4876557.890685782,False,,,False
POS58095,maple,3.0,493363.97553746315,4876797.8360713115,False,,,False
POS58114,oak,2.0,492945.19550716894,4877146.570602855,False,,,False
POS58115,maple,4.0,493051.0152896779,4877147.071044252,False,,,False
POS58121,oak,35.0,493252.36934481066,4877166.1250479,False,,,False
POS58124,maple,6.0,493273.7441528614,4877046.791272451,False,,,False
POS58125,maple,6.0,493285.40437975514,4877047.306067833,False,,,False
POS58152,green_ash,11.0,493054.1772342021,4876443.663733076,False,,,False
POS58157,oak,6.0,493566.0104645394,4877341.658210413,False,,,False
POS58158,oak,4.0,493566.0996512206,4877353.836999714,False,,,False
POS58161,maple,3.0,493414.42668195156,4877352.914229618,False,,,False
POS58162,maple,3.0,493414.7535413665,4877335.314108434,False,,,False
POS58170,maple,4.0,492820.80456117133,4876631.964795731,False,,,False
POS58171,maple,4.0,492820.90433279035,4876626.405062698,False,,,False
POS58172,maple,4.0,492820.72420235985,4876619.141782453,False,,,False
POS58173,oak,2.0,492893.57848446263,4876559.006247802,False,,,False
POS58174,green_ash,11.0,492963.8246996906,4876330.273830422,False,,,False
POS58176,oak,5.0,493065.3749281745,4876451.203165771,False,,,False
POS58177,oak,7.0,493064.02428913396,4876451.266561256,False,,,False
POS58178,oak,5.0,493073.73881199415,4876450.895156094,False,,,False
POS58215,oak,34.0,493161.6844571576,4878067.74806798,False,,,False
POS58216,oak,21.0,493171.25851165026,4878070.547471258,False,,,False
POS58698,maple,8.0,492701.2997201291,4877381.170688808,False,,,False
POS58699,oak,2.0,492701.5414089094,4877401.123253138,False,,,False
POS59015,pine,2.0,494292.65613945655,4878056.221823486,False,,,False
POS59016,pine,2.0,494302.3737542583,4878060.171673267,False,,,False
POS59017,pine,2.0,494313.4489496717,4878064.6194564365,False,,,False
POS59019,pine,2.0,494349.03490166826,4878075.5170786865,False,,,False
POS59020,oak,2.0,494343.2430478118,4878039.661808852,False,,,False
POS59021,oak,2.0,494348.49718408653,4878051.815198064,False,,,False
POS59022,oak,2.0,494356.49775077135,4878040.057416931,False,,,False
POS59023,pine,3.0,494377.37240462657,4878030.38743705,False,,,False
POS59026,pine,2.0,494394.0997350677,4878098.3630765565,False,,,False
POS59380,maple,1.0,493533.8929161511,4876802.339671714,False,,,False
POS59381,maple,1.0,493543.6274950068,4876802.4184914315,False,,,False
POS59382,oak,1.0,493552.737181937,4876802.161250761,False,,,False
POS59400,oak,3.0,493402.6552030756,4876799.617066473,False,,,False
POS59401,oak,4.0,493170.0565127355,4876893.149149344,False,,,False
POS59404,oak,3.0,493493.97273761407,4876680.073425731,False,,,False
POS59405,oak,4.0,493152.2473580432,4876681.137244997,False,,,False
POS60286,maple,41.0,493122.5376602518,4878075.615464008,False,,,False
POS60373,maple,4.0,492930.35692092986,4877091.219441067,False,,,False
POS60378,oak,8.0,493765.405426791,4876215.233176245,False,,,False
POS60437,maple,11.0,492700.98269697255,4877348.51215913,False,,,False
POS60438,oak,8.0,492702.6916020517,4877344.385420547,False,,,False
POS60439,oak,9.0,492702.90914963896,4877337.678692595,False,,,False
POS60440,sycamore,9.0,492700.3810059265,4877117.84885359,False,,,False
POS60441,oak,10.0,492702.5477152785,4877072.651933013,False,,,False
POS60447,oak,17.0,492686.12851338234,4877096.327883307,False,,,False
POS60448,oak,22.0,492686.4510494964,4877119.623918561,False,,,False
POS60450,sycamore,17.0,492679.18728469993,4876573.811625086,False,,,False
POS60451,sycamore,13.0,492670.91911634215,4876573.894791274,False,,,False
POS60452,sycamore,18.0,492664.44429888064,4876573.566160049,False,,,False
POS60453,sycamore,15.0,492657.03214324283,4876573.753775034,False,,,False
POS60459,maple,1.0,492779.72583514126,4877549.928249517,False,,,False
POS60463,pine,10.0,492751.33656590246,4877309.328323165,False,,,False
POS60558,maple,4.0,493291.81525101257,4877120.7681392785,False,,,False
POS60569,maple,8.0,493027.2758570264,4877839.276219113,False,,,False
POS60581,oak,3.0,493351.51079760963,4877549.572289827,False,,,False
POS60588,oak,2.0,493581.77525868843,4876650.365268992,False,,,False
POS60589,oak,1.0,493581.0265954961,4876620.424095471,False,,,False
POS60594,oak,2.0,493523.2302655357,4876572.670081061,False,,,False
POS60603,oak,3.0,493103.042006284,4876680.747255716,False,,,False
POS60604,oak,3.0,493399.7845976512,4876192.962905698,False,,,False
POS60605,oak,36.0,493379.62497089943,4876192.929770328,False,,,False
POS60606,oak,5.0,493365.9877510606,4876193.031491868,False,,,False
POS60615,oak,5.0,493306.2598724437,4876892.413553155,False,,,False
POS60616,oak,5.0,493305.882194243,4876885.449346413,False,,,False
POS60619,oak,5.0,493580.1372692156,4876422.621692557,False,,,False
POS60640,oak,4.0,493159.7396701444,4876558.865219873,False,,,False
POS60641,oak,24.0,493146.43993573124,4876558.988321306,False,,,False
POS60643,dogwood,1.0,493023.34994220245,4876559.371290693,False,,,False
POS60645,oak,8.0,493667.2432447799,4876205.765991397,False,,,False
POS60652,oak,16.0,493372.85056452284,4876436.251565198,False,,,False
POS60654,maple,6.0,493189.66473839525,4876436.8456283165,False,,,False
POS60675,maple,3.0,493725.0501837663,4876191.902572531,False,,,False
POS60717,oak,3.0,493764.62396269594,4876161.730255853,False,,,False
POS60730,oak,5.0,494407.22894883115,4876230.410757095,False,,,False
POS60775,oak,24.0,493962.55084225,4876330.069062038,False,,,False
POS60777,maple,28.0,494353.49196796166,4876312.672927043,False,,,False
POS60778,sycamore,13.0,494305.38642097026,4876312.65807962,False,,,False
POS60910,pine,6.0,494426.8831702794,4876254.141019425,False,,,False
POS60911,pine,6.0,494427.0414205535,4876244.670741829,False,,,False
POS61059,maple,4.0,492948.2013335147,4878142.26349543,False,,,False
POS61118,oak,3.0,494406.9180099589,4876250.6723921,False,,,False
POS61119,douglas_fir,6.0,494028.6715233189,4876237.937885959,False,,,False
POS62128,oak,2.0,494142.30896011373,4876325.676206614,False,,,False
POS62129,oak,2.0,494148.86412226234,4876325.755550336,False,,,False
POS62642,maple,10.0,492821.6471308317,4876286.75066079,False,,,False
POS62693,oak,2.0,493581.90364472696,4876641.409292538,False,,,False
POS62694,oak,2.0,493581.29493697436,4876561.151357522,False,,,False
POS62695,oak,1.0,493579.91401650955,4876414.222836368,False,,,False
POS62800,oak,1.0,494259.94286875165,4876177.953331943,False,,,False
POS62808,maple,2.0,493197.4033607169,4876436.783570037,False,,,False
POS62846,oak,2.0,493094.16259285354,4876681.149161825,False,,,False
POS73655,maple,30.0,493961.6665296345,4876329.917664513,False,,,False
POS73656,oak,13.0,493965.77074997284,4876329.871552881,False,,,False
POS73670,maple,8.0,493406.54595143854,4876311.626843427,False,,,False
POS73671,maple,4.0,493393.05852979695,4876311.237457763,False,,,False
POS73672,maple,4.0,493390.78796674666,4876311.501605491,False,,,False
POS73673,maple,4.0,493395.0856337578,4876311.176051512,False,,,False
POS73675,maple,4.0,493365.85933055327,4876311.2053377945,False,,,False
POS73691,douglas_fir,9.0,494026.5947223517,4876239.5035590585,False,,,False
POS73692,oak,4.0,494028.48372721655,4876213.162904999,False,,,False
POS74319,maple,2.0,492946.71381696255,4877592.451992964,False,,,False
POS74348,sycamore,2.0,492812.9110438451,4878106.3147405535,False,,,False
POS74351,dogwood,3.0,492824.75723333895,4877960.127208311,False,,,False
POS74356,maple,2.0,492666.7207241486,4878075.283720758,False,,,False
POS74357,maple,1.0,492659.642181347,4878076.613402983,False,,,False
POS74387,maple,1.0,492674.502771777,4878060.453143288,False,,,False
POS74393,maple,4.0,492704.02011650865,4878055.01264991,False,,,False
POS74397,maple,7.0,492713.1438017025,4878053.283462288,False,,,False
POS74399,dogwood,2.0,492720.7111032384,4878051.257220491,False,,,False
POS74401,maple,9.0,492732.23920332355,4878049.137973032,False,,,False
POS74402,dogwood,2.0,492740.89916487725,4878049.05779893,False,,,False
POS74404,maple,4.0,492755.2074565345,4878046.512804698,False,,,False
POS74408,dogwood,3.0,492770.5906684547,4878044.464203974,False,,,False
POS74409,dogwood,2.0,492774.8294051285,4878043.559267543,False,,,False
POS74412,maple,19.0,493071.5872031304,4878060.96121447,False,,,False
POS74418,maple,6.0,493070.0527969231,4878116.21983318,False,,,False
POS74419,maple,7.0,493069.68498839845,4878123.276774589,False,,,False
POS74420,maple,7.0,493070.27505479736,4878131.176627292,False,,,False
POS74429,maple,18.0,493140.794605674,4878138.210933801,False,,,False
POS74433,maple,36.0,493126.6481309337,4878081.156403037,False,,,False
POS74434,maple,3.0,493127.7299629623,4878088.434612989,False,,,False
POS74435,maple,3.0,493127.7275437924,4878086.07956795,False,,,False
POS74436,maple,1.0,493125.57648639113,4878083.619698492,False,,,False
POS74442,maple,10.0,493316.0871067742,4877566.32147095,False,,,False
POS74444,maple,9.0,493182.3675815533,4877557.48588806,False,,,False
POS74452,maple,10.0,493287.8780935271,4877541.036109725,False,,,False
POS74473,maple,9.0,493193.7334308251,4877651.33119073,False,,,False
POS74475,maple,8.0,493184.5484471293,4877659.681251269,False,,,False
POS74476,maple,9.0,493184.5118476741,4877651.106284807,False,,,False
POS74477,maple,8.0,493181.4860335285,4877644.522015457,False,,,False
POS74478,maple,6.0,493205.328005097,4877651.837506372,False,,,False
POS74492,maple,13.0,493174.493686358,4877537.110551388,False,,,False
POS74493,maple,11.0,493172.2743636056,4877547.650879742,False,,,False
POS74510,maple,11.0,493074.1464668895,4877548.015939875,False,,,False
POS74511,maple,11.0,493081.99094690674,4877537.707907237,False,,,False
POS74516,oak,4.0,493109.20903356234,4877755.861275506,False,,,False
POS74517,oak,7.0,493109.54679329804,4877764.231322484,False,,,False
POS74518,pine,9.0,493113.83065203676,4877760.477545278,False,,,False
POS74519,pine,9.0,493113.8725003561,4877756.439295814,False,,,False
POS74520,pine,11.0,493120.10803009983,4877755.3212155895,False,,,False
POS74522,pine,,493124.29916756996,4877752.043886491,False,,,False
POS74530,maple,8.0,493206.41195927403,4877686.286771718,False,,,False
POS74532,maple,,493201.49958109536,4877690.114194061,False,,,False
POS74533,maple,,493211.0900003457,4877682.507257615,False,,,False
POS74550,oak,2.0,493068.5878520636,4877712.551556734,False,,,False
POS74552,maple,,493276.7095079166,4877613.485834255,False,,,False
POS74560,maple,,493280.359438688,4877627.066394902,False,,,False
POS74561,maple,,493284.637190485,4877623.728449416,False,,,False
POS74562,maple,,493288.75540694233,4877620.4987463895,False,,,False
POS74563,sycamore,,493301.9653284283,4877592.793983159,False,,,False
POS74564,sycamore,,493297.9404938129,4877596.20867901,False,,,False
POS74565,sycamore,,493293.6162178604,4877599.617738416,False,,,False
POS74566,maple,,493289.41632814694,4877603.094412091,False,,,False
POS74567,maple,,493285.5438410702,4877606.366949951,False,,,False
POS74568,maple,,493281.1690216434,4877610.14601291,False,,,False
POS74570,oregon_ash,3.0,493355.8261897984,4877565.54728982,False,,,False
POS74577,maple,15.0,493038.58588440524,4877834.096675113,False,,,False
POS74578,maple,5.0,493018.80481727514,4877797.8980148705,False,,,False
POS74579,oak,1.0,492987.49059397966,4877809.489989232,False,,,False
POS75222,green_ash,7.0,492862.6961074856,4876316.311895539,False,,,False
POS75228,oak,5.0,493580.5078193676,4876430.957142305,False,,,False
POS75232,oak,4.0,493580.14854392764,4876385.087316313,False,,,False
POS75233,oak,4.0,493428.31495291693,4876771.524686799,False,,,False
POS75234,oak,4.0,493428.33551457437,4876778.566040493,False,,,False
POS75235,maple,5.0,492945.0328527248,4876566.732467474,False,,,False
POS75237,oak,3.0,492856.0602166797,4876571.951699785,False,,,False
POS75238,maple,4.0,493291.720926163,4877110.106469477,False,,,False
POS75664,maple,2.0,492822.1013918695,4877071.837911369,False,,,False
POS75748,douglas_fir,50.0,492682.37241805677,4876822.998535617,False,,,False
POS76115,maple,1.0,492700.3300759243,4876226.646088744,False,,,False
POS76224,pine,3.0,493079.3341674707,4876209.005322489,False,,,False
POS77350,oak,1.0,493549.9761108397,4878088.03152721,False,,,False
POS77351,oak,1.0,493546.9830648358,4878083.358784117,False,,,False
POS77410,douglas_fir,30.0,493784.8934583253,4876279.448054557,False,,,False
POS77527,oak,28.0,493367.7487029888,4877186.624428332,False,,,False
POS77528,oak,38.0,493382.2281892119,4877186.620845173,False,,,False
POS77623,pine,1.0,494318.2096381649,4878031.072104567,False,,,False
POS77626,oak,1.0,494370.71275395853,4878062.597870915,False,,,False
POS77627,oak,1.0,494361.1118766206,4878052.032899217,False,,,False
POS77628,oak,1.0,494369.13148755603,4878046.636383515,False,,,False
POS78198,oak,5.0,492767.73753756325,4876817.003184862,False,,,False
POS78479,oak,23.0,494599.51580882166,4876990.108220049,False,,,False
POS78480,oak,20.0,494577.95423995936,4876994.3486416545,False,,,False
POS78481,oak,24.0,494555.89446836675,4877002.36658862,False,,,False
POS78482,oak,24.0,494533.5882673337,4877007.097261194,False,,,False
POS78483,oak,23.0,494488.5180862927,4877018.501632892,False,,,False
POS78484,oak,22.0,494465.7678441993,4877024.634567494,False,,,False
POS78486,oak,23.0,494257.57300347986,4877086.562519201,False,,,False
POS78487,oak,21.0,494236.02420438174,4877090.7143953685,False,,,False
POS78488,oak,23.0,494214.11883798265,4877096.284715792,False,,,False
POS78489,oak,19.0,494191.4900397669,4877101.928934627,False,,,False
POS78490,oak,23.0,494169.34813415795,4877108.4237473775,False,,,False
POS78491,oak,19.0,494099.7692207649,4877131.462713076,False,,,False
POS78492,oak,16.0,494082.3193840671,4877135.773563404,False,,,False
POS78493,oak,23.0,494061.30608308944,4877140.987292555,False,,,False
POS78501,oak,1.0,493581.74399514945,4876586.404632062,False,,,False
POS78773,oak,25.0,493516.22646267817,4878123.196055057,False,,,False
POS79000,oak,3.0,492939.9964097949,4876238.8859807085,False,,,False
POS79001,oak,3.0,492939.7321150532,4876247.742007208,False,,,False
POS79002,oak,3.0,492939.9123817206,4876254.525626965,False,,,False
POS79167,maple,13.0,492661.0996821082,4877234.581031994,False,,,False
POS79168,maple,13.0,492665.84455978364,4877234.553526109,False,,,False
POS79170,maple,10.0,492674.8895199443,4877233.686914225,False,,,False
POS79171,maple,19.0,492679.3704593511,4877234.340654654,False,,,False
POS79442,oak,2.0,492942.6921582021,4876915.820262043,False,,,False
POS79712,sycamore,4.0,494594.03186367085,4876447.290613388,False,,,False
POS80299,maple,5.0,493401.9772020828,4878082.243592112,False,,,False
POS81145,oregon_ash,16.0,494421.4764252383,4877251.983816864,False,,,False
POS81237,pine,7.0,494406.80781185225,4876393.738615304,False,,,False
POS81240,pine,8.0,494407.0983178319,4876427.077721671,False,,,False
POS81476,douglas_fir,15.0,493214.6237336359,4878144.800305968,False,,,False
POS81477,douglas_fir,28.0,493197.29880797473,4878108.034146737,False,,,False
POS81478,douglas_fir,29.0,493197.44617697963,4878104.20192632,False,,,False
POS81479,douglas_fir,23.0,493197.16260017443,4878099.298512117,False,,,False
POS81480,maple,32.0,493203.49029089184,4878095.971245813,False,,,False
POS81481,maple,23.0,493203.87802282895,4878095.927015489,False,,,False
POS81482,maple,22.0,493204.74155723065,4878096.911916282,False,,,False
POS81483,maple,15.0,493208.9643869799,4878099.485417249,False,,,False
POS81484,maple,20.0,493207.7822097271,4878102.526031579,False,,,False
POS81485,maple,20.0,493208.72622105695,4878104.141753511,False,,,False
POS81486,douglas_fir,19.0,493224.5713328412,4878094.031405543,False,,,False
POS81489,maple,20.0,493212.8736436906,4878110.351116347,False,,,False
POS81490,maple,23.0,493212.6225488143,4878108.78917473,False,,,False
POS81491,maple,34.0,493211.4226517042,4878110.208610132,False,,,False
POS81492,maple,22.0,493211.035428509,4878108.774810009,False,,,False
POS81493,maple,12.0,493210.6502732288,4878107.275069555,False,,,False
POS81494,maple,53.0,493210.00741043524,4878106.958174881,False,,,False
POS81498,maple,4.0,493283.3978782886,4877802.116499089,False,,,False
POS81501,green_ash,9.0,493219.991025703,4877937.547649635,False,,,False
POS82509,maple,126.0,493226.4068210394,4878135.353356848,False,,,False
POS82510,maple,12.0,493258.2549652554,4878143.513951558,False,,,False
POS82511,maple,8.0,493258.7619460558,4878142.0407360485,False,,,False
POS82512,maple,22.0,493251.44691033626,4878127.806594942,False,,,False
POS82513,oregon_ash,14.0,493253.19162797957,4878124.775269118,False,,,False
POS82515,maple,15.0,493248.4824202616,4878116.333171903,False,,,False
POS82517,maple,11.0,493241.8866604399,4878094.638164901,False,,,False
POS82519,oregon_ash,8.0,493242.730935652,4878094.164045942,False,,,False
POS82521,maple,14.0,493240.40377911547,4878087.257383161,False,,,False
POS82523,maple,7.0,493241.7848546801,4878052.196112988,False,,,False
POS82527,oregon_ash,6.0,493243.48335408163,4878012.000853039,False,,,False
POS82528,maple,22.0,493238.4594671043,4878003.239352636,False,,,False
POS82529,maple,12.0,493238.0745727008,4878001.285205413,False,,,False
POS82532,oregon_ash,9.0,493243.3596225043,4877985.003819924,False,,,False
POS82533,oak,15.0,493237.3111553651,4877964.31147009,False,,,False
POS82534,oak,12.0,493239.17537395196,4877963.903991212,False,,,False
POS82536,douglas_fir,35.0,493240.16717153083,4877956.1612476,False,,,False
POS82537,oak,21.0,493248.40477548615,4877930.693085995,False,,,False
POS82538,oak,7.0,493248.80264822464,4877927.370355696,False,,,False
POS82610,oregon_ash,12.0,493287.35257743916,4877868.086243289,False,,,False
POS82611,oregon_ash,10.0,493290.03572991234,4877861.187899902,False,,,False
POS82614,oregon_ash,13.0,493292.06868416263,4877855.129878933,False,,,False
POS82615,oregon_ash,12.0,493293.09664204984,4877853.487104685,False,,,False
POS82631,oregon_ash,4.0,493294.45227583306,4877851.73490587,False,,,False
POS82636,oregon_ash,10.0,493296.97729370685,4877844.3014261685,False,,,False
POS82638,maple,1.0,493276.2553734288,4877821.574802796,False,,,False
POS82640,maple,2.0,493272.4745151188,4877822.517700084,False,,,False
POS82645,maple,2.0,493279.28630371264,4877819.402286549,False,,,False
POS82654,oak,13.0,493309.8553009728,4877796.6824434195,False,,,False
POS82660,maple,24.0,493314.565290561,4877789.339372214,False,,,False
POS82661,maple,1.0,493274.04949803354,4877826.802337644,False,,,False
POS82663,maple,1.0,493271.7431293557,4877835.048668614,False,,,False
POS82666,maple,17.0,493330.69727128354,4877758.164114689,False,,,False
POS82679,maple,30.0,493349.84540722764,4877726.135840358,False,,,False
POS82681,maple,19.0,493374.70141474827,4877698.005030645,False,,,False
POS82683,maple,22.0,493373.7025679245,4877692.402943212,False,,,False
POS82684,oregon_ash,9.0,493382.099274552,4877693.9932797495,False,,,False
POS82686,maple,38.0,493391.1977840071,4877679.252339943,False,,,False
POS82688,maple,24.0,493394.8111104048,4877674.852333454,False,,,False
POS82692,pine,15.0,493410.61611992173,4877670.620073794,False,,,False
POS82693,maple,46.0,493412.66798336105,4877665.292338341,False,,,False
POS82695,oregon_ash,13.0,493422.319508394,4877665.28507291,False,,,False
POS82696,maple,55.0,493429.3327380146,4877647.502103769,False,,,False
POS82697,oregon_ash,12.0,493424.6059261643,4877664.03036747,False,,,False
POS82937,maple,4.0,493287.8005572721,4877797.008894974,False,,,False
POS82967,green_ash,5.0,493186.4027328371,4877933.571553112,False,,,False
POS83424,maple,20.0,493203.28557368496,4878095.438820005,False,,,False
POS83480,maple,19.0,493230.7028327249,4878140.621624728,False,,,False
POS83483,maple,39.0,493233.46770982386,4878140.809542604,False,,,False
POS83737,oregon_ash,12.0,493285.2537296452,4877872.203836627,False,,,False
POS83738,oregon_ash,11.0,493289.7492333047,4877860.1420170395,False,,,False
POS83754,oregon_ash,5.0,493308.08475762414,4877826.534747736,False,,,False
POS84692,maple,5.0,492892.81810685253,4878023.274654199,False,,,False
POS85145,oak,2.0,493942.82564223243,4876205.267164339,False,,,False
POS85146,oak,1.0,494002.0969219283,4876204.570886081,False,,,False
POS85951,green_ash,13.0,494419.96028971055,4877270.441472497,False,,,False
POS85955,green_ash,15.0,494420.98690737627,4877262.316946165,False,,,False
POS85964,green_ash,16.0,494420.79397400585,4877241.624907959,False,,,False
POS85973,green_ash,17.0,494418.7061077608,4877211.473301044,False,,,False
POS85986,green_ash,14.0,494418.3941374979,4877200.438626177,False,,,False
POS85994,green_ash,18.0,494417.2941058489,4877190.52756769,False,,,False
POS85998,green_ash,18.0,494419.30510260555,4877180.70946354,False,,,False
POS86000,green_ash,15.0,494419.23657588434,4877172.03573169,False,,,False
POS86002,green_ash,16.0,494419.17864315014,4877161.050339385,False,,,False
POS86004,green_ash,12.0,494418.93811401544,4877142.06353205,False,,,False
POS86018,maple,4.0,494399.24862563884,4877156.06838068,False,,,False
POS86027,oregon_ash,8.0,494399.060558343,4877146.590272456,False,,,False
POS87044,green_ash,16.0,494398.6061098913,4877298.491557467,False,,,False
POS87045,green_ash,13.0,494383.1550432642,4877300.148761577,False,,,False
POS87047,green_ash,14.0,494377.6683226782,4877301.835461123,False,,,False
POS91773,douglas_fir,17.0,493560.2143257469,4878126.298611337,False,,,False
POS91774,maple,5.0,493572.60274614993,4878152.091621976,False,,,False
POS91776,oregon_ash,43.0,493567.819516724,4878131.0816261405,False,,,False
POS91777,maple,45.0,493577.2367870937,4878135.009394029,False,,,False
POS91778,maple,20.0,493573.17852527247,4878140.190939517,False,,,False
POS91779,maple,26.0,493585.19770492695,4878143.326933979,False,,,False
POS91780,maple,10.0,493577.5439002317,4878141.885070968,False,,,False
POS91781,maple,10.0,493573.2398735882,4878137.404884676,False,,,False
POS91782,oregon_ash,25.0,493589.82032306906,4878151.795150889,False,,,False
POS91784,maple,60.0,493582.9477445678,4878135.877857451,False,,,False
POS91785,maple,26.0,493590.714873157,4878136.139566293,False,,,False
POS91865,maple,27.0,493609.0064789962,4878130.294378409,False,,,False
POS91866,douglas_fir,33.0,493629.93298001605,4878136.035683519,False,,,False
POS91867,douglas_fir,22.0,493642.85656116996,4878142.85168376,False,,,False
POS91868,douglas_fir,27.0,493635.6639162437,4878135.229492396,False,,,False
POS91869,douglas_fir,24.0,493646.9673465747,4878136.530171469,False,,,False
POS91872,douglas_fir,22.0,493658.3627235811,4878148.6590278195,False,,,False
POS91873,douglas_fir,19.0,493658.96001123573,4878139.17406167,False,,,False
POS91875,douglas_fir,22.0,493663.90294781444,4878144.559244267,False,,,False
POS91876,douglas_fir,22.0,493677.1722906575,4878153.745837165,False,,,False
POS91877,douglas_fir,22.0,493672.0291406381,4878147.18144312,False,,,False
POS91878,douglas_fir,30.0,493685.7671405797,4878137.870454358,False,,,False
POS91879,douglas_fir,26.0,493729.78079754225,4878140.044969952,False,,,False
POS91882,maple,7.0,493771.34895073465,4878134.071455442,False,,,False
POS91883,douglas_fir,26.0,493748.51040376566,4878097.931943016,False,,,False
POS91884,maple,26.0,493725.3314129482,4878059.9706118945,False,,,False
POS91885,maple,17.0,493723.7444220701,4878065.182410713,False,,,False
POS91886,douglas_fir,26.0,493733.66683284007,4878010.357537486,False,,,False
POS91887,douglas_fir,33.0,493724.32888235606,4878010.584061051,False,,,False
POS91888,douglas_fir,40.0,493711.1962203457,4878005.362065631,False,,,False
POS91889,maple,33.0,493621.5202710607,4878058.085109702,False,,,False
POS91892,oak,9.0,493605.94849460764,4878066.944361429,False,,,False
POS91893,maple,33.0,493596.5243310164,4878095.589193166,False,,,False
POS91911,maple,49.0,494011.40673096216,4878140.598576534,False,,,False
POS91913,maple,44.0,494019.0896978043,4878141.076688368,False,,,False
POS91915,douglas_fir,9.0,494027.55393043463,4878126.820564259,False,,,False
POS91916,douglas_fir,13.0,494014.6228350747,4878129.236311495,False,,,False
POS91917,maple,34.0,494022.1911518105,4878121.319243461,False,,,False
POS91918,douglas_fir,9.0,494023.79268398153,4878119.956099068,False,,,False
POS91919,maple,96.0,494019.81687750656,4878131.870508032,False,,,False
POS91920,douglas_fir,10.0,494025.9989347813,4878118.277992752,False,,,False
POS91921,douglas_fir,13.0,494031.9559212532,4878116.09661131,False,,,False
POS91922,douglas_fir,17.0,494033.8840356495,4878123.928596717,False,,,False
POS91923,oregon_ash,15.0,494061.1521549243,4878100.890203077,False,,,False
POS91924,oregon_ash,12.0,494039.9032061077,4878118.742278836,False,,,False
POS91925,oregon_ash,30.0,494067.46319484303,4878099.189903619,False,,,False
POS91926,oregon_ash,18.0,494088.7216353609,4878096.489779126,False,,,False
POS91929,douglas_fir,26.0,494127.1899400081,4878094.41510558,False,,,False
POS91930,oregon_ash,21.0,494074.6233120579,4878108.675689622,False,,,False
POS91933,oregon_ash,26.0,494128.18423821806,4878103.275253595,False,,,False
POS91935,oregon_ash,60.0,494144.053620241,4878108.395235662,False,,,False
POS91936,douglas_fir,19.0,494176.62445989414,4878094.100279399,False,,,False
POS91937,oak,28.0,494191.7171126612,4878093.293199075,False,,,False
POS91939,douglas_fir,18.0,494216.5158740198,4878105.509602799,False,,,False
POS91940,douglas_fir,14.0,494222.73536036164,4878105.506425589,False,,,False
POS91942,maple,20.0,494309.2779206179,4878118.95914434,False,,,False
POS91943,maple,25.0,494314.18231461296,4878120.870877695,False,,,False
POS91944,maple,33.0,494321.14646351885,4878125.93578269,False,,,False
POS91945,maple,16.0,494325.6806638636,4878126.071112894,False,,,False
POS91951,maple,77.0,494262.153823518,4878057.88951762,False,,,False
POS91952,oregon_ash,27.0,494248.38430074294,4878062.908614928,False,,,False
POS91953,douglas_fir,13.0,494247.5095570029,4878070.628946262,False,,,False
POS91954,maple,9.0,494242.92551107233,4878069.881910338,False,,,False
POS91955,oregon_ash,26.0,494246.77008432726,4878062.525526086,False,,,False
POS91959,maple,7.0,494223.9698730376,4878069.180049889,False,,,False
POS91960,oregon_ash,10.0,494217.24319669465,4878068.1168568535,False,,,False
POS91963,maple,18.0,494188.8305441231,4878068.126072008,False,,,False
POS91965,maple,180.0,494206.2538374704,4878059.821419222,False,,,False
POS91966,oregon_ash,15.0,494159.62188464217,4878068.389339973,False,,,False
POS91968,douglas_fir,29.0,494146.8549503207,4878054.703385119,False,,,False
POS91969,oregon_ash,27.0,494098.39268000895,4878057.1349971155,False,,,False
POS91970,oregon_ash,27.0,494094.9752270426,4878055.6991585735,False,,,False
POS91972,maple,22.0,493594.3011043229,4878106.092467602,False,,,False
POS91973,maple,22.0,493612.90057826287,4878097.249774983,False,,,False
POS91978,maple,19.0,493632.17122240306,4878094.80541095,False,,,False
POS91979,maple,24.0,493624.48521763517,4878101.914649765,False,,,False
POS91980,maple,6.0,493634.65809606836,4878110.859024237,False,,,False
POS91982,maple,35.0,493608.82096213615,4878110.930645385,False,,,False
POS91983,maple,21.0,493613.7514159167,4878115.474229312,False,,,False
POS91984,maple,24.0,493617.3829163308,4878120.725269205,False,,,False
POS91985,maple,20.0,493623.9847896639,4878116.534465778,False,,,False
POS91988,douglas_fir,20.0,493655.41680461745,4878142.16621025,False,,,False
POS91989,douglas_fir,20.0,493645.66215017426,4878132.779203831,False,,,False
POS91990,douglas_fir,24.0,493645.77836350905,4878127.407606766,False,,,False
POS91991,douglas_fir,27.0,493647.192893231,4878122.066957502,False,,,False
POS91992,douglas_fir,27.0,493658.62734367093,4878131.757405376,False,,,False
POS91993,douglas_fir,27.0,493665.6344570726,4878125.3173274845,False,,,False
POS91994,douglas_fir,22.0,493665.53625510354,4878131.502787136,False,,,False
POS91995,douglas_fir,22.0,493671.69991645194,4878135.876470143,False,,,False
POS91996,douglas_fir,24.0,493677.6412796435,4878135.146661948,False,,,False
POS91997,douglas_fir,24.0,493688.78523099096,4878131.862641633,False,,,False
POS91998,douglas_fir,20.0,493681.0452315053,4878131.3587331055,False,,,False
POS91999,douglas_fir,20.0,493669.8385823282,4878130.60495824,False,,,False
POS92000,douglas_fir,20.0,493680.0099651186,4878126.9503008835,False,,,False
POS92001,douglas_fir,20.0,493675.02163594094,4878122.539893177,False,,,False
POS92002,douglas_fir,20.0,493672.93869581266,4878117.600077691,False,,,False
POS92003,douglas_fir,20.0,493676.55340636615,4878118.119471248,False,,,False
POS92004,oak,24.0,493717.78126717545,4878151.992421272,False,,,False
POS92012,maple,10.0,493756.2070285254,4878117.56764809,False,,,False
POS92013,douglas_fir,26.0,493742.69965857314,4878110.539614632,False,,,False
POS92016,maple,16.0,493776.2268861845,4878079.046337781,False,,,False
POS92017,maple,32.0,493776.892677149,4878071.645579145,False,,,False
POS92019,maple,34.0,493760.169678646,4878010.695204833,False,,,False
POS92020,maple,3.0,493781.9425864249,4877984.967301753,False,,,False
POS92021,pine,4.0,493789.9501764583,4877982.784614911,False,,,False
POS92022,pine,4.0,493795.18819394027,4877981.415697461,False,,,False
POS92023,pine,4.0,493806.5844405176,4877979.167641137,False,,,False
POS92024,maple,3.0,493802.3072285113,4877979.760008898,False,,,False
POS92025,pine,4.0,493813.08065425244,4877979.224218371,False,,,False
POS92026,pine,4.0,493818.702874528,4877980.918162865,False,,,False
POS92028,sycamore,4.0,493756.9192007462,4877992.014116074,False,,,False
POS92029,maple,22.0,493743.3360095342,4877991.051406198,False,,,False
POS92034,maple,26.0,493676.25108618994,4877989.7424740065,False,,,False
POS92036,maple,27.0,493658.75382379204,4877967.437090403,False,,,False
POS92037,maple,30.0,493660.0813526321,4877980.549017741,False,,,False
POS92038,maple,12.0,493659.9239068733,4877986.374000295,False,,,False
POS92039,maple,12.0,493663.86257093976,4877990.158963653,False,,,False
POS92040,maple,27.0,493647.59016250836,4877977.610439152,False,,,False
POS92041,maple,27.0,493649.942316554,4877983.2638128735,False,,,False
POS92043,maple,12.0,493650.15368142875,4877996.634736958,False,,,False
POS92044,maple,21.0,493653.22738800745,4877997.14368446,False,,,False
POS92045,maple,18.0,493654.13397480606,4877999.5509155,False,,,False
POS92046,maple,16.0,493656.1852989434,4877998.4800019115,False,,,False
POS92047,maple,19.0,493658.4687186456,4877996.82309677,False,,,False
POS92048,maple,23.0,493662.3368192629,4877998.0065732235,False,,,False
POS92049,maple,24.0,493636.8895718917,4878007.062207464,False,,,False
POS92050,maple,24.0,493662.29459472426,4878013.246586753,False,,,False
POS92051,maple,26.0,493634.6757894219,4878037.433982277,False,,,False
POS92052,maple,32.0,493638.36050101597,4878030.447731956,False,,,False
POS92053,maple,32.0,493642.87821088004,4878038.922821147,False,,,False
POS92054,maple,34.0,493683.31807073805,4878015.819192154,False,,,False
POS92055,green_ash,34.0,493696.6621158594,4878026.885676461,False,,,False
POS92056,maple,7.0,493705.3609744485,4878030.977313075,False,,,False
POS92057,maple,28.0,493698.5929494689,4878030.244004635,False,,,False
POS92060,maple,25.0,493700.5180905164,4878043.717976457,False,,,False
POS92061,maple,25.0,493708.3175824255,4878043.468337669,False,,,False
POS92062,maple,15.0,493722.25827877887,4878059.315176497,False,,,False
POS92063,maple,10.0,493723.4377425662,4878054.908040201,False,,,False
POS92064,maple,28.0,493720.2012030962,4878053.287598241,False,,,False
POS92065,maple,13.0,493716.4613918117,4878057.174307066,False,,,False
POS92066,maple,13.0,493716.4617293873,4878062.266174707,False,,,False
POS92067,maple,31.0,493717.3879697827,4878075.601729915,False,,,False
POS92068,maple,15.0,493714.0085268938,4878073.793617457,False,,,False
POS92069,maple,24.0,493708.11598204524,4878074.010166272,False,,,False
POS92070,maple,11.0,493704.30957938574,4878076.643348923,False,,,False
POS92071,maple,16.0,493699.9852861998,4878076.906702392,False,,,False
POS92072,maple,22.0,493695.1773163944,4878078.726869115,False,,,False
POS92073,maple,20.0,493686.62662288884,4878080.185426595,False,,,False
POS92074,maple,24.0,493676.19956252276,4878078.038874479,False,,,False
POS92075,maple,29.0,493660.7392654381,4878076.528330289,False,,,False
POS92076,maple,44.0,493684.3289266978,4878097.975403265,False,,,False
POS92077,maple,13.0,493689.78998500586,4878102.331717849,False,,,False
POS92078,maple,15.0,493690.9906604025,4878095.933853528,False,,,False
POS92079,maple,15.0,493694.6690828278,4878089.573836369,False,,,False
POS92081,maple,17.0,493712.31078205083,4878082.91073144,False,,,False
POS92082,maple,12.0,493710.7050847554,4878088.839793893,False,,,False
POS92083,douglas_fir,32.0,493722.1619678609,4878092.293421352,False,,,False
POS92084,douglas_fir,30.0,493726.53867075,4878097.518301606,False,,,False
POS92086,maple,30.0,493694.31651421974,4878115.812123495,False,,,False
POS92175,oak,7.0,493804.34895691526,4877754.800877599,False,,,False
POS92176,oak,9.0,493807.64979225205,4877762.483032324,False,,,False
POS92177,oak,9.0,493850.89310646144,4877756.195605937,False,,,False
POS92178,oak,9.0,493854.7199964735,4877763.618452617,False,,,False
POS92179,oregon_ash,40.0,493788.76381304354,4877741.349422453,False,,,False
POS92180,maple,40.0,493790.3302373148,4877732.842801488,False,,,False
POS92181,douglas_fir,6.0,493804.2151935147,4877729.856794477,False,,,False
POS92182,maple,28.0,493809.718601217,4877729.865740622,False,,,False
POS92183,maple,9.0,493812.34211390076,4877727.830873197,False,,,False
POS92184,maple,10.0,493814.3843503473,4877726.990795867,False,,,False
POS92185,maple,20.0,493816.17813335464,4877725.090069919,False,,,False
POS92186,oak,20.0,493822.70537860814,4877720.498325968,False,,,False
POS92187,oregon_ash,20.0,493828.8442511163,4877716.079496798,False,,,False
POS92189,douglas_fir,8.0,493816.7333118763,4877738.450662928,False,,,False
POS92190,pine,24.0,493843.9515821076,4877726.347693153,False,,,False
POS92191,pine,24.0,493844.1316366601,4877722.750752579,False,,,False
POS92192,pine,24.0,493844.5781245348,4877718.50294286,False,,,False
POS92195,douglas_fir,6.0,493823.23859752965,4877737.355674697,False,,,False
POS92199,douglas_fir,16.0,493828.5502817164,4877741.814940366,False,,,False
POS92200,douglas_fir,23.0,493874.1891620671,4877732.307908404,False,,,False
POS92203,maple,4.0,493831.7181398532,4877740.559843545,False,,,False
POS92206,douglas_fir,14.0,493887.29001802957,4877734.819577547,False,,,False
POS92208,maple,5.0,493844.1442193235,4877736.968379364,False,,,False
POS92209,oregon_ash,31.0,493889.2368386123,4877746.129538249,False,,,False
POS92210,maple,8.0,493838.9064920412,4877743.886281525,False,,,False
POS92211,douglas_fir,25.0,493892.8553292341,4877754.661200978,False,,,False
POS92212,douglas_fir,7.0,493849.0260150034,4877735.911540535,False,,,False
POS92213,douglas_fir,25.0,493886.4064687628,4877759.833201154,False,,,False
POS92214,douglas_fir,25.0,493883.3675090893,4877764.2783454005,False,,,False
POS92215,douglas_fir,25.0,493887.2573121047,4877769.234691794,False,,,False
POS92216,douglas_fir,25.0,493888.2819918586,4877777.060320466,False,,,False
POS92217,douglas_fir,12.0,493849.3152178854,4877737.714428841,False,,,False
POS92218,douglas_fir,25.0,493895.9663531812,4877778.2156936675,False,,,False
POS92220,douglas_fir,25.0,493902.68341195735,4877784.972475274,False,,,False
POS92221,douglas_fir,25.0,493903.39178946987,4877794.701023843,False,,,False
POS92222,douglas_fir,13.0,493854.09817727143,4877736.879847409,False,,,False
POS92223,douglas_fir,30.0,493896.12221599225,4877793.097515589,False,,,False
POS92224,douglas_fir,25.0,493891.709216751,4877795.04627293,False,,,False
POS92226,douglas_fir,17.0,493863.80350173736,4877743.151797057,False,,,False
POS92227,douglas_fir,24.0,493870.434408463,4877748.714069729,False,,,False
POS92231,douglas_fir,25.0,493881.5642612214,4877768.22515314,False,,,False
POS92237,douglas_fir,25.0,493888.9163684655,4877811.841951527,False,,,False
POS92238,douglas_fir,25.0,493881.3139870155,4877811.632255052,False,,,False
POS92241,douglas_fir,30.0,493896.34993158316,4877822.248231246,False,,,False
POS92242,douglas_fir,24.0,493887.67094147234,4877838.657127042,False,,,False
POS92243,douglas_fir,22.0,493883.10704133764,4877846.633670328,False,,,False
POS92244,douglas_fir,27.0,493890.35332637955,4877851.359581258,False,,,False
POS92245,douglas_fir,26.0,493895.174032541,4877843.342901154,False,,,False
POS92246,douglas_fir,23.0,493896.4523442603,4877852.782748711,False,,,False
POS92248,douglas_fir,32.0,493893.03062611155,4877909.842018631,False,,,False
POS92254,douglas_fir,26.0,493891.540851596,4877920.142979183,False,,,False
POS92255,douglas_fir,30.0,493912.1408001184,4877923.563883562,False,,,False
POS92256,douglas_fir,27.0,493908.47475904226,4877902.850823872,False,,,False
POS92257,douglas_fir,26.0,493910.702800577,4877893.335820904,False,,,False
POS92261,douglas_fir,30.0,493897.76586598856,4877875.129152103,False,,,False
POS92262,douglas_fir,19.0,493904.9213505617,4877868.0169815235,False,,,False
POS92263,douglas_fir,22.0,493904.64055233425,4877871.896723002,False,,,False
POS92264,douglas_fir,20.0,493912.6139370095,4877865.344980025,False,,,False
POS92265,douglas_fir,22.0,493915.9759817768,4877857.834783142,False,,,False
POS92267,douglas_fir,26.0,493909.7186332622,4877857.910237187,False,,,False
POS92268,douglas_fir,19.0,493912.3190618939,4877850.289206501,False,,,False
POS92269,douglas_fir,22.0,493921.4551222449,4877847.167270876,False,,,False
POS92276,douglas_fir,24.0,493921.7448535898,4877821.574012183,False,,,False
POS92277,douglas_fir,23.0,493926.65562822483,4877815.327675774,False,,,False
POS92278,douglas_fir,26.0,493928.7573220139,4877808.60528818,False,,,False
POS92279,douglas_fir,28.0,493932.3131207386,4877802.309811275,False,,,False
POS92287,oak,9.0,493860.011941157,4877785.770688783,False,,,False
POS92288,douglas_fir,13.0,493860.3572446607,4877787.788057949,False,,,False
POS92289,douglas_fir,13.0,493858.02889823605,4877791.291980276,False,,,False
POS92292,oregon_ash,18.0,493877.2077643488,4877922.285381394,False,,,False
POS92303,oak,30.0,493792.31288371095,4877958.2260631835,False,,,False
POS92304,maple,39.0,493630.5782386759,4877944.829713422,False,,,False
POS92305,maple,39.0,493638.3361846321,4877932.073242595,False,,,False
POS92307,douglas_fir,31.0,493640.01467522245,4877917.358775132,False,,,False
POS92308,douglas_fir,40.0,493639.6649377226,4877910.577725282,False,,,False
POS92309,maple,47.0,493716.2623375639,4877840.96271744,False,,,False
POS92312,oregon_ash,11.0,493699.52028752613,4877840.842861543,False,,,False
POS92313,oregon_ash,14.0,493696.91549004446,4877852.34648564,False,,,False
POS92314,maple,40.0,493688.48792504135,4877841.838541862,False,,,False
POS92315,oregon_ash,8.0,493659.73320839286,4877848.597397104,False,,,False
POS92316,oregon_ash,7.0,493652.0618710515,4877850.356408944,False,,,False
POS92317,oregon_ash,13.0,493644.1908513755,4877857.965045581,False,,,False
POS92318,maple,22.0,493636.2420818031,4877862.663470409,False,,,False
POS92319,maple,26.0,493624.8024341199,4877869.753288914,False,,,False
POS92320,maple,13.0,493621.2440593261,4877875.304267368,False,,,False
POS92321,maple,13.0,493618.47934372816,4877880.505620713,False,,,False
POS92322,maple,13.0,493615.5826864612,4877884.961012951,False,,,False
POS92323,maple,13.0,493613.81198611896,4877887.770456479,False,,,False
POS92326,oregon_ash,11.0,493576.4337831546,4877899.361810049,False,,,False
POS92327,maple,18.0,493567.81492417626,4877894.181128055,False,,,False
POS92328,maple,38.0,493565.79181236314,4877896.424421073,False,,,False
POS92329,maple,55.0,493563.4094358304,4877898.602490223,False,,,False
POS92330,maple,36.0,493556.8062842091,4877902.025134537,False,,,False
POS92334,oregon_ash,15.0,493603.0401966148,4877871.403670494,False,,,False
POS92338,douglas_fir,21.0,493619.55556488014,4877841.918626285,False,,,False
POS92339,douglas_fir,21.0,493632.0042989991,4877840.808110616,False,,,False
POS92341,oregon_ash,9.0,493639.233639913,4877848.216196005,False,,,False
POS92342,maple,10.0,493643.14841357275,4877837.056477107,False,,,False
POS92343,douglas_fir,16.0,493649.83062964416,4877834.03390591,False,,,False
POS92345,oregon_ash,26.0,493660.6943333264,4877836.749307968,False,,,False
POS92347,maple,30.0,493680.67030066304,4877832.814247829,False,,,False
POS92348,maple,30.0,493692.473666272,4877830.733643002,False,,,False
POS92349,maple,13.0,493687.9707341263,4877831.463780045,False,,,False
POS92351,maple,27.0,493698.6672341112,4877826.938164946,False,,,False
POS92352,oregon_ash,26.0,493705.35636783426,4877827.460112765,False,,,False
POS92357,maple,27.0,493757.8741924247,4877787.503704383,False,,,False
POS92358,oregon_ash,28.0,493780.4465726643,4877768.680465868,False,,,False
POS92359,oregon_ash,17.0,493786.1907730979,4877769.2595160175,False,,,False
POS92360,maple,55.0,493791.2135619291,4877762.426401554,False,,,False
POS92361,maple,8.0,493787.52595322445,4877783.016298735,False,,,False
POS92362,oak,6.0,493797.81205492513,4877772.006632594,False,,,False
POS92366,douglas_fir,16.0,493816.3353441139,4877778.76826274,False,,,False
POS92367,oak,7.0,493826.3995718244,4877786.15625738,False,,,False
POS92368,oak,10.0,493831.53590419795,4877782.183322777,False,,,False
POS92374,douglas_fir,22.0,493963.08008798136,4877793.7824739795,False,,,False
POS92375,douglas_fir,17.0,493967.7449056909,4877801.386134419,False,,,False
POS92376,douglas_fir,28.0,493965.06551995035,4877790.670730477,False,,,False
POS92501,maple,10.0,494459.69236884476,4878131.787574387,False,,,False
POS92502,oak,9.0,494463.98133124004,4878137.090445431,False,,,False
POS92503,maple,14.0,494399.7925919894,4877954.356923975,False,,,False
POS92504,maple,14.0,494402.98154028546,4877947.741294648,False,,,False
POS92507,maple,30.0,494429.6317183106,4877862.200317475,False,,,False
POS92509,maple,5.0,494430.41190144006,4877834.66693801,False,,,False
POS92510,oregon_ash,30.0,494426.33770265774,4877820.037479645,False,,,False
POS92511,maple,9.0,494424.3771179325,4877812.512927319,False,,,False
POS92512,maple,21.0,494420.0902051123,4877804.879640113,False,,,False
POS92515,maple,43.0,494387.92668305157,4877779.646896624,False,,,False
POS92516,maple,38.0,494384.0135339955,4877775.214965578,False,,,False
POS92517,maple,44.0,494378.47563118476,4877771.004249455,False,,,False
POS92518,maple,30.0,494375.85342814197,4877768.498708573,False,,,False
POS92519,maple,43.0,494362.589706216,4877761.090708477,False,,,False
POS92520,maple,27.0,494353.81828109984,4877756.783482603,False,,,False
POS92521,maple,45.0,494345.6102957186,4877754.345132262,False,,,False
POS92522,maple,29.0,494335.0378474101,4877751.423897775,False,,,False
POS92523,oregon_ash,36.0,494413.5903736963,4877788.322124819,False,,,False
POS92524,maple,14.0,494424.6187704361,4877795.845814384,False,,,False
POS92525,maple,16.0,494442.54547178926,4877845.188006238,False,,,False
POS92528,maple,19.0,494468.29418503435,4877712.794921308,False,,,False
POS92529,maple,8.0,494466.5831865839,4877715.976055783,False,,,False
POS92530,maple,20.0,494462.24301250465,4877762.941706402,False,,,False
POS92531,maple,6.0,494460.15075820393,4877788.737075679,False,,,False
POS92532,oregon_ash,14.0,494461.18933394045,4877793.322517642,False,,,False
POS92533,maple,13.0,494462.0503646543,4877798.93119281,False,,,False
POS92534,maple,26.0,494463.74176077486,4877811.175960039,False,,,False
POS92535,maple,18.0,494466.3117027644,4877818.598696231,False,,,False
POS92536,maple,9.0,494472.84056854586,4877836.130008238,False,,,False
POS92537,oregon_ash,10.0,494488.9041734159,4877868.931672819,False,,,False
POS92538,oregon_ash,6.0,494491.6690827847,4877874.744076639,False,,,False
POS92546,maple,3.0,494111.9206471725,4877730.89582343,False,,,False
POS92547,douglas_fir,57.0,494148.45234012883,4877740.986738336,False,,,False
POS92548,maple,39.0,494192.9904326911,4877737.140868284,False,,,False
POS92549,maple,16.0,494226.26954810123,4877737.892719787,False,,,False
POS92550,maple,32.0,494239.21329224325,4877731.3713246975,False,,,False
POS92551,maple,16.0,494244.99015469826,4877729.096965671,False,,,False
POS92557,maple,15.0,494374.1969873572,4877699.135072644,False,,,False
POS92560,maple,37.0,494404.1680672331,4877689.943591813,False,,,False
POS92561,maple,26.0,494433.9838359294,4877673.538648034,False,,,False
POS92562,maple,24.0,494448.1797034858,4877668.197367035,False,,,False
POS92564,oregon_ash,4.0,494463.40061025857,4877654.218204512,False,,,False
POS92565,oregon_ash,4.0,494467.4822128531,4877651.833548014,False,,,False
POS92566,maple,45.0,494506.4601781691,4877651.393872559,False,,,False
POS92568,oregon_ash,6.0,494518.7250704074,4877646.907488935,False,,,False
POS92569,oregon_ash,6.0,494526.0935907881,4877643.892514687,False,,,False
POS92570,oregon_ash,12.0,494541.1402968439,4877636.523866132,False,,,False
POS92571,maple,43.0,494457.3676244911,4877668.779408004,False,,,False
POS92572,maple,35.0,494407.99821008655,4877705.2615924645,False,,,False
POS92573,maple,56.0,494364.11402589804,4877711.24202346,False,,,False
POS92574,douglas_fir,49.0,494334.3571504472,4877707.647894052,False,,,False
POS92576,maple,23.0,494265.8090001681,4877725.311294191,False,,,False
POS92577,oak,25.0,494252.53351821733,4877739.459529372,False,,,False
POS92580,maple,22.0,494210.32741286175,4877754.0503322,False,,,False
POS92581,oregon_ash,37.0,494185.33322379674,4877741.803784165,False,,,False
POS92582,maple,35.0,494145.1812119512,4877746.204476102,False,,,False
POS92583,maple,43.0,494136.92688029225,4877746.505033387,False,,,False
POS92584,maple,45.0,494128.7258363928,4877744.698514472,False,,,False
POS92585,maple,37.0,494124.47061596526,4877745.2408338655,False,,,False
POS92591,maple,15.0,494384.17023891874,4877739.987228244,False,,,False
POS92592,maple,8.0,494483.77868774196,4877984.421902095,False,,,False
POS92593,maple,3.0,494485.17730633373,4877983.32041108,False,,,False
POS92594,maple,3.0,494486.9907336139,4877982.13529786,False,,,False
POS92595,maple,7.0,494488.85319548025,4877981.113253205,False,,,False
POS92596,maple,15.0,494490.8931832925,4877979.557790427,False,,,False
POS92597,maple,9.0,494493.04560071835,4877977.843978301,False,,,False
POS92598,maple,6.0,494494.78598608205,4877976.97849503,False,,,False
POS92599,maple,15.0,494496.5487744573,4877975.68406707,False,,,False
POS92600,maple,5.0,494498.0325331884,4877974.939828283,False,,,False
POS92601,maple,8.0,494499.1254951184,4877974.198425838,False,,,False
POS92602,maple,8.0,494500.7252149569,4877972.953032457,False,,,False
POS92603,maple,10.0,494501.92877631774,4877972.342435044,False,,,False
POS92604,maple,11.0,494502.6036417497,4877971.392747595,False,,,False
POS92605,maple,18.0,494508.28256735206,4877968.868162741,False,,,False
POS92606,maple,14.0,494513.691490183,4877964.557563852,False,,,False
POS92607,maple,14.0,494533.3377845156,4877946.207358212,False,,,False
POS92608,maple,12.0,494536.2868143643,4877945.70685982,False,,,False
POS92609,maple,11.0,494540.24617759197,4877944.124082289,False,,,False
POS92610,maple,18.0,494544.75587772625,4877941.19708835,False,,,False
POS92611,oregon_ash,5.0,494548.51475140284,4877940.628958675,False,,,False
POS92612,maple,12.0,494550.3207068757,4877937.1109498795,False,,,False
POS92613,maple,5.0,494546.0667975966,4877913.435447949,False,,,False
POS92615,oregon_ash,6.0,494543.31675675197,4877905.074408438,False,,,False
POS92620,maple,28.0,494515.67157121666,4877855.323247846,False,,,False
POS92622,douglas_fir,10.0,494510.5673074712,4877834.697557582,False,,,False
POS92623,maple,50.0,494528.45023576124,4877855.900759639,False,,,False
POS92624,douglas_fir,9.0,494506.3763607405,4877827.581550423,False,,,False
POS92628,oak,5.0,494509.1632161729,4877816.690084466,False,,,False
POS92629,maple,28.0,494492.9137282562,4877793.630974383,False,,,False
POS92630,maple,30.0,494507.7147621285,4877810.947572955,False,,,False
POS92633,maple,16.0,494502.22469227895,4877757.128017315,False,,,False
POS92635,douglas_fir,9.0,494518.67217633897,4877699.677889856,False,,,False
POS92637,oregon_ash,13.0,494524.1560844842,4877699.358453184,False,,,False
POS92640,oregon_ash,13.0,494562.9577877561,4877663.314689847,False,,,False
POS92641,maple,30.0,494638.2877507279,4877634.200184804,False,,,False
POS92643,pine,30.0,494644.05040011986,4877641.213903129,False,,,False
POS92689,douglas_fir,32.0,494572.42239514214,4877915.533728357,False,,,False
POS92791,maple,49.0,494578.90344185196,4877626.497833761,False,,,False
POS92792,oak,8.0,494631.491591203,4877611.971133708,False,,,False
POS93384,maple,8.0,493351.51132031553,4876787.5856477795,False,,,False
POS93386,maple,8.0,493354.65067890496,4876781.327923586,False,,,False
POS93387,maple,5.0,493358.25540108676,4876780.406469282,False,,,False
POS93388,maple,5.0,493365.5159057021,4876780.133138082,False,,,False
POS93389,maple,8.0,493368.9556968894,4876780.284798353,False,,,False
POS93390,maple,4.0,493376.3946001502,4876780.604811595,False,,,False
POS93391,maple,4.0,493379.43063150503,4876780.553615451,False,,,False
POS93392,maple,4.0,493384.4035867008,4876780.93943872,False,,,False
POS93393,maple,9.0,493389.513375412,4876782.041370035,False,,,False
POS93394,maple,10.0,493397.93024580413,4876781.0266240975,False,,,False
POS93395,maple,1.0,493408.37158402253,4876781.100932665,False,,,False
POS94351,pine,21.0,493583.2296821184,4877365.42324021,False,,,False
POS94357,pine,21.0,493712.48803467583,4877289.903259509,False,,,False
POS94360,oak,42.0,493779.9786705602,4877238.271371525,False,,,False
POS94363,oak,32.0,493827.8705020076,4877207.221951932,False,,,False
POS94364,oak,34.0,493843.21305107314,4877198.485254225,False,,,False
POS94365,sycamore,42.0,493858.4056593253,4877190.339501539,False,,,False
POS94366,western_hemlock,6.0,493851.41086476337,4877160.959372922,False,,,False
POS94367,douglas_fir,51.0,493860.0261676357,4877160.422675052,False,,,False
POS94368,douglas_fir,28.0,493867.6786529553,4877156.68223634,False,,,False
POS94371,maple,8.0,493885.9331495801,4877161.19588418,False,,,False
POS94372,douglas_fir,57.0,493884.7474516609,4877152.164398252,False,,,False
POS94373,oak,50.0,493906.42876639543,4877161.5430803215,False,,,False
POS94374,dogwood,12.0,493926.606627399,4877159.2347062,False,,,False
POS94375,dogwood,10.0,493935.0285648136,4877156.310959891,False,,,False
POS94376,douglas_fir,56.0,493943.7701055775,4877151.544591171,False,,,False
POS94377,douglas_fir,41.0,493952.84903122584,4877148.772757886,False,,,False
POS94378,western_hemlock,14.0,493978.373231082,4877144.639586183,False,,,False
POS94379,western_hemlock,15.0,493979.65442164865,4877145.237742962,False,,,False
POS94381,pine,21.0,493996.3778510136,4877139.833972545,False,,,False
POS94382,pine,12.0,494002.62092696223,4877139.111272609,False,,,False
POS94400,pine,29.0,494179.0209883432,4877086.332102373,False,,,False
POS94404,douglas_fir,22.0,494217.61316408846,4877074.320501213,False,,,False
POS94406,western_hemlock,8.0,494229.98961915495,4877074.094574649,False,,,False
POS94408,douglas_fir,25.0,494233.4094438435,4877072.5428892635,False,,,False
POS94409,western_hemlock,7.0,494238.8268227327,4877072.770781168,False,,,False
POS94410,douglas_fir,18.0,494241.541368527,4877070.470421513,False,,,False
POS94411,douglas_fir,21.0,494249.2216018744,4877070.236634201,False,,,False
POS94417,oak,48.0,494323.20688194025,4877038.147061599,False,,,False
POS94419,oak,39.0,494335.46507264004,4877041.886476335,False,,,False
POS94543,oak,14.0,494169.4836398862,4877133.277240809,False,,,False
POS94544,oak,14.0,494163.85769215884,4877134.49846506,False,,,False
POS94545,oak,32.0,494150.97731228673,4877152.456360829,False,,,False
POS94547,oak,29.0,494138.0233563291,4877153.883991131,False,,,False
POS94548,oak,33.0,494119.4904516037,4877155.527856764,False,,,False
POS94549,oak,20.0,494110.3467045352,4877167.052648119,False,,,False
POS94551,oak,38.0,494090.1554691854,4877157.104290764,False,,,False
POS94552,oak,42.0,494075.8003666923,4877161.560733268,False,,,False
POS94553,oak,44.0,494061.65032974887,4877164.309106899,False,,,False
POS94554,oak,43.0,494046.16997213603,4877168.405284624,False,,,False
POS94555,oak,29.0,494031.5643978731,4877170.96659263,False,,,False
POS94556,oak,57.0,494016.4378172901,4877175.8981792815,False,,,False
POS94557,oak,36.0,494001.41673627746,4877180.098372294,False,,,False
POS94558,oak,38.0,493986.85972661694,4877183.50295667,False,,,False
POS94560,oak,33.0,493949.0375583216,4877194.675513611,False,,,False
POS94561,oak,28.0,493931.98758837016,4877200.403839638,False,,,False
POS94562,oak,20.0,493933.4103439886,4877205.939322056,False,,,False
POS94563,oak,20.0,493924.97327512334,4877208.979144523,False,,,False
POS94567,oak,17.0,493909.73089770315,4877215.781532437,False,,,False
POS94568,oak,19.0,493885.20796605875,4877220.310694943,False,,,False
POS94569,oak,19.0,493872.2900413351,4877227.598404783,False,,,False
POS94570,maple,8.0,493872.2352379853,4877235.1777189365,False,,,False
POS94571,maple,40.0,493856.7661417445,4877232.758070639,False,,,False
POS94572,oak,25.0,493861.3528392124,4877241.032731154,False,,,False
POS94573,oak,36.0,493852.84281049896,4877245.30649384,False,,,False
POS94574,oak,15.0,493842.058739043,4877247.598923737,False,,,False
POS95131,oak,2.0,493426.8836309538,4876369.92978153,False,,,False
POS95419,oak,1.0,492948.09682671016,4878050.93005214,False,,,False
POS95429,sycamore,3.0,492812.5917547971,4878089.750099899,False,,,False
POS95606,douglas_fir,36.0,493542.6543937575,4877188.845914654,False,,,False
POS95685,green_ash,14.0,494402.9327565081,4877304.224177694,False,,,False
POS95859,oak,2.0,492685.93292552483,4876307.218902929,False,,,False
POS95892,dogwood,12.0,493955.9038975893,4877087.885607245,False,,,False
POS95896,douglas_fir,43.0,493945.1784386057,4877083.301955508,False,,,False
POS95982,oak,1.0,492670.119548606,4876317.483665535,False,,,False
POS96244,maple,5.0,492707.241922639,4877559.075592965,False,,,False
POS96245,maple,5.0,492708.39820641384,4877557.452146089,False,,,False
POS96250,maple,4.0,492727.8052530068,4877560.896297561,False,,,False
POS96251,maple,4.0,492728.58650111634,4877563.810905396,False,,,False
POS96252,maple,4.0,492728.927606114,4877566.713078168,False,,,False
POS96255,maple,4.0,492728.9090253726,4877571.229569283,False,,,False
POS96256,maple,4.0,492728.4192625601,4877574.247051138,False,,,False
POS96257,maple,5.0,492727.74506008654,4877577.138324898,False,,,False
POS96258,maple,4.0,492726.00580614986,4877580.000014666,False,,,False
POS96259,maple,17.0,492742.394637316,4877488.845940629,False,,,False
POS96260,maple,3.0,492726.03717175324,4877557.8242357625,False,,,False
POS96487,sycamore,20.0,492738.04408636625,4877529.453727264,False,,,False
POS96577,oak,1.0,494065.50905518106,4876205.362053265,False,,,False
POS96670,oak,15.0,494403.79114122037,4877326.198515652,False,,,False
POS96671,oak,17.0,494403.6939460197,4877333.602956692,False,,,False
POS96672,oak,17.0,494403.5201096089,4877344.955639041,False,,,False
POS96711,pine,2.0,493621.05512769945,4877959.46296312,False,,,False
POS96770,maple,1.0,493177.81848277635,4877862.089155073,False,,,False
POS96772,maple,1.0,493165.1875391399,4877861.976792288,False,,,False
POS96773,maple,1.0,493176.9128138855,4877852.53685883,False,,,False
POS96774,maple,1.0,493160.3807090954,4877847.942251081,False,,,False
POS96775,maple,1.0,493171.41255549074,4877841.788979979,False,,,False
POS96783,maple,1.0,493163.7522273398,4877854.657676906,False,,,False
POS96992,maple,11.0,492708.09351986134,4877184.138838129,False,,,False
POS98713,maple,,494490.3735616944,4878013.6127388785,False,,,False
POS98714,maple,,494490.2750047342,4878012.448561255,False,,,False
POS98715,maple,,494488.77903322614,4878024.749193592,False,,,False
POS99086,pine,38.0,494406.95954230125,4876242.475942444,False,,,False
POS99087,maple,4.0,494557.8720208668,4876300.627677367,False,,,False
POS99088,maple,3.0,494558.4425736283,4876327.822567557,False,,,False
POS99166,maple,47.0,492672.64233247953,4878139.874412464,False,,,False
POS99199,douglas_fir,46.0,492666.0925633956,4878130.8355781045,False,,,False
POS99225,oak,2.0,493644.3587801998,4876283.101125512,False,,,False
POS99255,oregon_ash,1.0,493764.23462057975,4876331.578737929,False,,,False
POS99265,maple,5.0,494161.3151040008,4878054.609348626,False,,,False
POS99266,maple,2.0,494178.7332534412,4878056.334551079,False,,,False
POS99267,maple,3.0,494190.44154451316,4878056.745701138,False,,,False
POS99268,maple,17.0,494193.9127597104,4878072.386083843,False,,,False
POS99269,maple,15.0,494195.8917238625,4878070.167878154,False,,,False
POS99270,oregon_ash,32.0,494199.56687883055,4878070.005659327,False,,,False
POS99271,oregon_ash,14.0,494202.89849930943,4878067.830525466,False,,,False
POS99272,oregon_ash,18.0,494206.3112520025,4878068.421998492,False,,,False
POS99279,maple,3.0,494336.59994362504,4878084.6934320135,False,,,False
POS99282,oregon_ash,3.0,494345.8879987752,4878089.458987179,False,,,False
POS99283,oregon_ash,3.0,494356.35519396723,4878093.674917829,False,,,False
POS99286,douglas_fir,27.0,494241.4059921297,4878111.187133008,False,,,False
POS99362,oregon_ash,36.0,494020.47854947083,4878137.162818227,False,,,False
POS99374,oak,1.0,492993.23035131337,4876938.603713928,False,,,False
POS99376,oak,1.0,492766.2132543871,4876938.581420134,False,,,False
POS99377,oregon_ash,7.0,494017.4578042245,4878147.648786554,False,,,False
POS99378,maple,13.0,494009.6265584695,4878149.749828586,False,,,False
POS99379,maple,10.0,494009.17561781115,4878151.509824361,False,,,False
POS99421,maple,8.0,493722.5436122605,4877525.810035207,False,,,False
POS99422,maple,17.0,493648.90502826724,4877547.3925523665,False,,,False
POS99445,maple,45.0,494043.2430759218,4877817.630479826,False,,,False
POS99485,oak,4.0,493103.7932809796,4876558.391103033,False,,,False
POS99543,maple,1.0,493395.7806131707,4876793.7215040475,False,,,False
POS99544,maple,1.0,493392.08459865104,4876800.050817609,False,,,False
POS99545,maple,1.0,493409.8466907447,4876787.167361732,False,,,False
POS99606,maple,14.0,493052.2682976894,4877434.693674997,False,,,False
POS99624,maple,1.0,492685.89744588645,4876246.977213515,False,,,False
POS99625,maple,1.0,492685.84279094264,4876240.689159609,False,,,False
POS99771,oak,4.0,494407.55663099216,4876623.833549102,False,,,False
POS99772,oak,4.0,494407.7391104924,4876632.44633418,False,,,False
POS99773,oak,4.0,494407.7917713348,4876641.0084192995,False,,,False
POS99774,oak,4.0,494407.7414993834,4876650.911619207,False,,,False
POS99775,oak,4.0,494407.9374332349,4876660.66078287,False,,,False
POS99776,oak,4.0,494407.9658425775,4876669.857383929,False,,,False
POS100314,oak,1.0,493441.19137363735,4876937.9899082435,False,,,False
POS100480,maple,1.0,492898.26334642724,4878023.703119164,False,,,False
POS100563,maple,2.0,492891.75781859126,4878038.442984559,False,,,False
POS100564,maple,2.0,492896.9156499725,4878038.454005604,False,,,False
POS100565,maple,2.0,492902.91895583965,4878038.255650988,False,,,False
POS100718,douglas_fir,31.0,493960.81625710096,4877819.219412842,False,,,False
POS100719,douglas_fir,26.0,493958.18395441095,4877812.883952707,False,,,False
POS100723,douglas_fir,28.0,493970.39050952636,4877806.37794938,False,,,False
POS101356,oak,1.0,492939.7980437894,4876360.10463842,False,,,False
POS101662,maple,1.0,492930.1257259809,4877248.9547762405,False,,,False
POS101823,pine,2.0,492775.7114991063,4877047.10231604,False,,,False
POS102305,oak,4.0,493275.1510817631,4876559.387468715,False,,,False
POS102343,maple,1.0,492863.9797308877,4877047.398031688,False,,,False
POS102360,maple,3.0,493060.3542208779,4876738.118751177,False,,,False
POS102537,maple,10.0,492820.9962729698,4876582.33397571,False,,,False
POS102681,oregon_ash,5.0,493241.79097276554,4878066.523839554,False,,,False
POS102682,maple,6.0,493241.4509404419,4878061.38433277,False,,,False
POS102685,oregon_ash,6.0,493243.3869521946,4878018.823188258,False,,,False
POS102686,oregon_ash,6.0,493241.63352648704,4878044.322352698,False,,,False
POS102689,maple,6.0,493240.9538941947,4878010.003104256,False,,,False
POS102690,oregon_ash,8.0,493243.4921907243,4878007.767485055,False,,,False
POS102691,oregon_ash,5.0,493244.39352395275,4878004.801791255,False,,,False
POS102699,oregon_ash,4.0,493300.74702924903,4877838.751852029,False,,,False
POS102700,oregon_ash,6.0,493303.56233553996,4877833.389900594,False,,,False
POS102702,oregon_ash,3.0,493308.57564047724,4877828.137547806,False,,,False
POS102703,maple,7.0,493320.6563655979,4877790.626690077,False,,,False
POS102705,oregon_ash,5.0,493408.2575856949,4877674.318005073,False,,,False
POS102886,maple,1.0,492785.2865083853,4877550.049094551,False,,,False
POS103241,maple,9.0,492821.75980678643,4876297.323896705,False,,,False
POS103242,maple,10.0,492821.6198443474,4876304.232163761,False,,,False
POS103455,maple,2.0,492908.28526503505,4878038.311194988,False,,,False
POS104092,maple,1.0,492700.8159817507,4876252.643510853,False,,,False
POS104108,maple,1.0,492872.4318723343,4877550.127791373,False,,,False
POS104109,maple,1.0,492880.3072521032,4877550.039806736,False,,,False
POS104112,maple,1.0,492902.56556146505,4877550.003242008,False,,,False
POS104113,maple,1.0,492908.40963868675,4877550.08404482,False,,,False
POS104172,oak,1.0,493425.8187538659,4876236.258633568,False,,,False
POS104192,maple,2.0,493136.87788030534,4878146.216394576,False,,,False
POS104656,pine,1.0,493050.57447954506,4877263.421339137,False,,,False
POS104703,oak,1.0,493887.2473925924,4876157.663454684,False,,,False
POS104767,maple,8.0,493062.582937069,4877269.4308007965,False,,,False
POS105442,maple,1.0,493200.04525549314,4877675.982841793,False,,,False
POS105451,sycamore,1.0,492927.54768681916,4876600.404733529,False,,,False
POS105452,oak,1.0,492940.7083027009,4876496.188562606,False,,,False
POS105501,sycamore,3.0,492808.3539268212,4877068.423444717,False,,,False
POS105681,oak,1.0,492942.46061606664,4876869.166272721,False,,,False
POS105709,oak,1.0,493643.8949818822,4876296.289048638,False,,,False
POS105710,maple,1.0,493060.6759149056,4876744.1777586695,False,,,False
POS105711,maple,1.0,493060.8405955141,4876732.011456874,False,,,False
POS105823,oak,1.0,493171.09794581897,4877070.705597707,False,,,False
POS105925,sycamore,1.0,493307.61139977927,4877547.132310662,False,,,False
POS106295,maple,1.0,493403.3282589059,4876328.914064783,False,,,False
POS106296,maple,1.0,493397.2450994672,4876328.831818928,False,,,False
POS106297,sycamore,2.0,494383.030094128,4876312.7068189895,False,,,False
POS106362,pine,21.0,492869.271634762,4876214.557024353,False,,,False
POS106373,pine,1.0,493998.67363894894,4876310.966072974,False,,,False
POS106376,sycamore,1.0,493971.3929268727,4876311.215790582,False,,,False
POS106382,maple,1.0,493698.5208794444,4876329.83101592,False,,,False
POS106383,maple,1.0,493677.313370066,4876329.978251279,False,,,False
POS106385,maple,1.0,493589.93373992055,4876330.18985859,False,,,False
POS106390,oak,1.0,493497.211126002,4876328.945373451,False,,,False
POS106549,maple,1.0,492851.2246112866,4876330.863208404,False,,,False
POS125498,maple,3.0,494336.59994362504,4878084.6934320135,False,,,False
POS125640,oak,1.0,493425.69598354114,4876225.646982037,False,,,False
POS125990,maple,1.0,492686.1331887464,4877230.285731977,False,,,False
POS126077,sycamore,1.0,493061.7354620625,4876856.809413447,False,,,False
POS126117,maple,1.0,492930.637784681,4877389.290185017,False,,,False
POS126119,pine,2.0,492942.11565961095,4876796.941622719,False,,,False
POS126120,oak,2.0,492928.44992770546,4876794.99693867,False,,,False
POS126236,maple,1.0,493412.52574928897,4876271.837539273,False,,,False
POS126237,maple,1.0,493412.7881291657,4876265.482045186,False,,,False
POS126238,maple,1.0,493412.6334061726,4876259.122803027,False,,,False
POS126240,maple,1.0,493412.4785336445,4876253.184071181,False,,,False
POS126532,maple,7.0,493409.087373321,4876309.224486,False,,,False
POS126627,maple,1.0,492806.7485247425,4876672.641209684,False,,,False
POS126628,oak,1.0,492807.33547454566,4876702.118738524,False,,,False
POS126803,maple,1.0,493412.27361574606,4876247.712562238,False,,,False
POS126944,maple,1.0,492663.59606394236,4876939.2323587695,False,,,False
POS127034,pine,12.0,493788.01513429737,4877162.719519182,False,,,False
POS127035,pine,10.0,493781.08785459795,4877162.865283603,False,,,False
POS127081,pine,1.0,493429.7451402112,4877630.165432428,False,,,False
POS127087,oak,,493443.76932827284,4877612.224195836,False,,,False
POS127088,oak,1.0,493451.10264704085,4877618.809765307,False,,,False
POS127173,oak,12.0,494548.2221141309,4878107.317886997,False,,,False
POS127174,oak,12.0,494557.31146200607,4878100.473858764,False,,,False
POS127952,maple,1.0,492824.6852366704,4877617.789519194,False,,,False
POS127954,maple,1.0,492824.4963182567,4877586.7724057585,False,,,False
POS127960,sycamore,1.0,493311.0530048413,4877603.14862084,False,,,False
POS127961,sycamore,1.0,493306.5142633709,4877606.720484942,False,,,False
POS127962,sycamore,1.0,493301.7372525547,4877610.381541209,False,,,False
POS127964,sycamore,1.0,493231.6644884813,4877665.590413502,False,,,False
POS127979,oak,1.0,493359.04827187076,4877598.622553694,False,,,False
POS127980,oak,2.0,493351.63991417683,4877604.272060565,False,,,False
POS128152,oak,2.0,492942.68618843175,4876854.724074843,False,,,False
POS128436,oak,5.0,492681.38413849164,4877590.841576542,False,,,False
POS128437,oak,5.0,492669.09237341443,4877598.04860195,False,,,False
POS128438,oak,5.0,492668.60957355273,4877590.974066741,False,,,False
POS128439,oak,6.0,492681.54552478006,4877598.3116329685,False,,,False
POS128440,sycamore,6.0,492669.2278805434,4877560.272428576,False,,,False
POS128441,sycamore,6.0,492675.83661512367,4877560.20134179,False,,,False
POS128442,oak,5.0,492675.2929452451,4877590.744302115,False,,,False
POS128443,sycamore,6.0,492680.42423025344,4877560.386749817,False,,,False
POS128444,sycamore,5.0,492681.0229441905,4877577.249260146,False,,,False
POS128445,sycamore,6.0,492669.4599690155,4877566.827665929,False,,,False
POS128446,sycamore,6.0,492674.6690437402,4877567.095521918,False,,,False
POS128448,sycamore,5.0,492680.89410544693,4877566.942683145,False,,,False
POS128449,sycamore,6.0,492675.27989690844,4877577.371982054,False,,,False
POS128654,oak,1.0,493557.003287057,4878061.351676688,False,,,False
POS128655,oak,1.0,493576.6745245983,4877999.930935016,False,,,False
POS128667,maple,1.0,492867.4725894077,4877168.3462989675,False,,,False
POS129274,sycamore,1.0,492700.1805618055,4877125.494773954,False,,,False
POS129319,maple,6.0,493129.3065627036,4877999.885314769,False,,,False
POS129321,maple,6.0,493156.05784987804,4877994.977793794,False,,,False
POS129758,maple,1.0,492945.0062642452,4877244.28198647,False,,,False
POS129759,oak,1.0,492942.0513732246,4876741.63293597,False,,,False
POS129760,oak,1.0,492942.19334864046,4876732.442569023,False,,,False
POS133182,oregon_ash,9.0,493580.0159732434,4878142.0091508385,False,,,False
POS133539,oak,1.0,493290.14395920036,4876388.896835908,False,,,False
POS134363,maple,1.0,493160.6417958195,4877756.86867802,False,,,False
POS134369,maple,1.0,493237.8211800536,4877694.900424603,False,,,False
POS134370,maple,1.0,493244.9403876654,4877689.052870931,False,,,False
POS134377,maple,1.0,493320.54053764686,4877628.729842651,False,,,False
POS134433,oak,1.0,493346.0119947123,4877408.0003012605,False,,,False
POS134434,oak,1.0,493333.34593458753,4877408.035405578,False,,,False
POS134435,oak,1.0,493325.7413974545,4877408.0752627,False,,,False
POS134982,oak,1.0,493413.78426168143,4876729.210002794,False,,,False
POS135121,maple,1.0,493284.2152133674,4876385.462213836,False,,,False
POS135122,maple,1.0,493268.8336729988,4876389.964284196,False,,,False
POS135675,maple,4.0,492941.0596727883,4876518.165412847,False,,,False
POS135676,maple,5.0,492941.1576997071,4876525.3724886635,False,,,False
POS135678,maple,18.0,492940.8762413135,4876550.1844505705,False,,,False
POS135679,oak,3.0,492941.39157397446,4876580.506579906,False,,,False
POS135680,oak,2.0,492941.3666643119,4876592.801461892,False,,,False
POS135681,maple,5.0,492942.1587266385,4876604.669309161,False,,,False
POS135682,oak,1.0,492942.0848106701,4876619.950031028,False,,,False
POS135686,oak,1.0,492941.6843832181,4876664.568218915,False,,,False
POS135694,maple,16.0,492942.33275872946,4876827.204231954,False,,,False
POS135696,maple,12.0,492942.74338746606,4876839.58210694,False,,,False
POS135698,oak,1.0,492942.7056635131,4876858.51232407,False,,,False
POS135700,sycamore,1.0,492928.94589757564,4876882.786523359,False,,,False
POS135701,maple,5.0,492942.72595629,4876878.755616198,False,,,False
POS135702,maple,37.0,492943.6870318826,4876895.27095635,False,,,False
POS135703,maple,11.0,492942.7863424766,4876953.596047834,False,,,False
POS135704,maple,14.0,492942.6275715266,4876958.916189036,False,,,False
POS135705,maple,6.0,492943.29101870785,4876978.669152995,False,,,False
POS135706,sycamore,10.0,492943.4020924251,4877016.927853264,False,,,False
POS135708,oak,1.0,492943.450185357,4877036.306638284,False,,,False
POS135709,maple,15.0,492943.56251475465,4877074.523269274,False,,,False
POS135710,maple,10.0,492943.35265421344,4877092.057192084,False,,,False
POS135711,maple,11.0,492943.4973703713,4877097.699799035,False,,,False
POS135713,oak,2.0,492821.5224318693,4876756.807580717,False,,,False
POS135715,maple,34.0,492821.4009583794,4876829.700242027,False,,,False
POS135718,maple,35.0,492821.9568796815,4876863.544981939,False,,,False
POS135719,sycamore,14.0,492821.8123925322,4876878.88849061,False,,,False
POS135720,sycamore,7.0,492822.4336889951,4876910.542603333,False,,,False
POS135725,maple,10.0,492822.73790119775,4876973.822317301,False,,,False
POS135726,oak,1.0,492822.4203624385,4876984.462599437,False,,,False
POS135732,maple,8.0,492822.34660675353,4877079.766094093,False,,,False
POS135733,maple,13.0,492822.32602439704,4877085.589474429,False,,,False
POS135734,maple,23.0,492823.0079531321,4877137.593058332,False,,,False
POS135735,maple,16.0,492822.84636231005,4877144.632970327,False,,,False
POS135736,maple,16.0,492822.9502927774,4877151.055885398,False,,,False
POS135737,maple,16.0,492823.0829942715,4877157.694266108,False,,,False
POS135738,maple,14.0,492823.34268690634,4877399.196369512,False,,,False
POS135739,maple,13.0,492823.0012746605,4877393.70080166,False,,,False
POS135740,maple,16.0,492823.0381520171,4877389.465963852,False,,,False
POS135744,maple,19.0,492822.71670941194,4877257.914353265,False,,,False
POS135747,maple,13.0,492824.79972448514,4877230.099696325,False,,,False
POS135748,maple,12.0,492825.35527189967,4877221.972606309,False,,,False
POS135749,maple,14.0,492825.39743358723,4877210.071270742,False,,,False
POS135753,maple,12.0,492943.7108683004,4877155.017978458,False,,,False
POS135754,oak,35.0,492944.74817833444,4877216.401368865,False,,,False
POS135755,oak,29.0,492944.9252204849,4877221.42991849,False,,,False
POS135756,oak,37.0,492944.8007589694,4877229.9331852915,False,,,False
POS135757,maple,22.0,492945.51478466153,4877312.483612607,False,,,False
POS135758,maple,19.0,492945.78855707037,4877320.094832481,False,,,False
POS135760,maple,22.0,492945.8243344082,4877335.432903274,False,,,False
POS135772,oak,2.0,492881.476822205,4876558.855334086,False,,,False
POS135775,sycamore,10.0,492919.1299903998,4876572.900378044,False,,,False
POS135778,maple,10.0,492829.24281621294,4876572.212119528,False,,,False
POS135779,maple,9.0,492837.33808029676,4876572.142297133,False,,,False
POS135780,maple,9.0,492846.67717375193,4876572.109794757,False,,,False
POS135781,oak,2.0,492788.18094928464,4876573.151880461,False,,,False
POS135790,oak,1.0,492767.43778145703,4876559.438089109,False,,,False
POS135791,oak,3.0,492779.2189758816,4876559.437697638,False,,,False
POS135796,oak,1.0,492832.79634646146,4876802.557380033,False,,,False
POS135797,maple,33.0,492842.58608492714,4876802.584027569,False,,,False
POS135799,maple,23.0,492863.46776298835,4876803.680919435,False,,,False
POS135803,maple,2.0,492910.8783524368,4876803.125539051,False,,,False
POS135806,dogwood,3.0,492882.95319769904,4876681.2045161,False,,,False
POS135833,oak,1.0,492918.99805708183,4876938.951855858,False,,,False
POS135836,oak,1.0,492898.50180052913,4876939.439917199,False,,,False
POS135839,douglas_fir,35.0,492736.1035298816,4876938.035470184,False,,,False
POS135840,douglas_fir,45.0,492761.1483242123,4876938.469469036,False,,,False
POS135841,maple,16.0,492727.5520711764,4876938.852106351,False,,,False
POS135842,maple,17.0,492715.10838109115,4876938.348446835,False,,,False
POS135843,maple,15.0,492706.6495787811,4876938.409322948,False,,,False
POS135848,pine,9.0,492778.2565022375,4876816.51037471,False,,,False
POS135849,pine,8.0,492785.76736904675,4876816.734521572,False,,,False
POS135850,maple,42.0,492835.2800478699,4876816.604077501,False,,,False
POS135949,maple,6.0,492686.49606499774,4877148.49874835,False,,,False
POS135950,maple,10.0,492686.64943486144,4877156.478690541,False,,,False
POS135951,oak,6.0,492685.95759021747,4877204.690444687,False,,,False
POS135952,oak,10.0,492685.8332109386,4877211.076644509,False,,,False
POS135953,oak,23.0,492687.3314022415,4877266.393781083,False,,,False
POS135954,oak,19.0,492687.0947616059,4877274.323380744,False,,,False
POS135955,oak,17.0,492686.8474520049,4877282.37256582,False,,,False
POS135956,oak,15.0,492684.0999195851,4877313.307192574,False,,,False
POS135957,oak,16.0,492684.241030928,4877318.805984258,False,,,False
POS135958,oak,16.0,492684.0589975011,4877324.905752413,False,,,False
POS135959,oak,22.0,492686.46249237994,4877370.462270165,False,,,False
POS135960,oak,18.0,492685.7937285607,4877379.29360203,False,,,False
POS135961,oak,12.0,492686.3418401465,4877387.03801181,False,,,False
POS135963,oak,2.0,492701.3707487695,4877376.160044557,False,,,False
POS135964,oak,1.0,492701.3984613835,4877366.384751686,False,,,False
POS135967,oak,4.0,492703.15931255784,4877319.065346897,False,,,False
POS135968,oak,8.0,492703.29583635484,4877314.490570704,False,,,False
POS135969,maple,14.0,492701.3472517312,4877277.4961042525,False,,,False
POS135970,maple,14.0,492701.501981912,4877272.3112507975,False,,,False
POS135971,maple,10.0,492701.6749124991,4877266.516520301,False,,,False
POS135972,maple,15.0,492701.51560102496,4877261.6276049195,False,,,False
POS135973,maple,6.0,492701.9752667472,4877256.451951381,False,,,False
POS135974,maple,15.0,492702.12999398366,4877251.267197582,False,,,False
POS135975,maple,30.0,492703.30371282576,4877229.486303775,False,,,False
POS135976,maple,19.0,492700.7520734282,4877212.1935862135,False,,,False
POS135977,maple,17.0,492700.5679261693,4877197.561106221,False,,,False
POS135978,maple,17.0,492700.6417528166,4877192.017725575,False,,,False
POS135983,green_ash,11.0,492686.2060122976,4876714.943143145,False,,,False
POS135985,oak,15.0,492686.33521140186,4876745.447544262,False,,,False
POS135986,maple,11.0,492685.9405031697,4876758.569914569,False,,,False
POS135987,oak,3.0,492686.07677999773,4876768.074306331,False,,,False
POS135988,oak,13.0,492686.0086213321,4876777.180883562,False,,,False
POS135989,maple,11.0,492685.9692398305,4876793.633670102,False,,,False
POS135990,maple,16.0,492715.1756902065,4876816.599626048,False,,,False
POS135993,maple,3.0,492699.69351446704,4876880.17317071,False,,,False
POS135995,oak,36.0,492700.08403963497,4876896.3346724445,False,,,False
POS135999,oak,32.0,492685.9172311997,4876891.402942741,False,,,False
POS136000,oak,41.0,492686.2135754118,4876879.016466248,False,,,False
POS136001,oak,9.0,492686.50384565385,4876864.370531413,False,,,False
POS136002,oak,37.0,492685.54299783084,4876835.994693626,False,,,False
POS136003,oak,19.0,492686.3106402122,4876827.392108667,False,,,False
POS136018,oak,19.0,492664.3099601305,4876817.045217866,False,,,False
POS136019,oak,22.0,492676.1381165567,4876817.469004859,False,,,False
POS136020,maple,6.0,492669.8658981538,4876803.555756797,False,,,False
POS136272,green_ash,10.0,492927.22909056995,4876512.522479008,False,,,False
POS136273,green_ash,10.0,492927.40781487705,4876527.94624865,False,,,False
POS136274,oak,2.0,492927.3135317345,4876537.958182698,False,,,False
POS136276,sycamore,7.0,492927.5887541671,4876578.601304894,False,,,False
POS136277,sycamore,11.0,492927.57306088594,4876586.221100271,False,,,False
POS136284,green_ash,12.0,492927.99931546574,4876751.126293291,False,,,False
POS136285,oak,28.0,492928.0861015203,4876763.971022284,False,,,False
POS136286,douglas_fir,20.0,492928.0252579981,4876776.498234422,False,,,False
POS136289,sycamore,1.0,492928.8062901093,4876830.853694311,False,,,False
POS136321,oak,12.0,492748.1894025633,4876680.606762573,False,,,False
POS136323,oak,19.0,492725.47725215,4876680.240476307,False,,,False
POS136324,oak,17.0,492715.82723012206,4876680.263602507,False,,,False
POS136325,oak,19.0,492706.6530695378,4876681.273763459,False,,,False
POS136326,oak,24.0,492699.51424944174,4876673.977777106,False,,,False
POS136327,oak,13.0,492699.73433770105,4876666.696694327,False,,,False
POS136328,oak,16.0,492699.7244120831,4876659.174539083,False,,,False
POS136329,oak,24.0,492699.8801711614,4876634.619940665,False,,,False
POS136330,oak,22.0,492700.27153402905,4876622.464200023,False,,,False
POS136331,oak,20.0,492700.1529457231,4876614.679292209,False,,,False
POS136332,oak,23.0,492700.175124544,4876608.544342033,False,,,False
POS136333,oak,19.0,492700.05387610086,4876601.170268782,False,,,False
POS136334,oak,24.0,492700.05975138803,4876594.140700924,False,,,False
POS136335,oak,23.0,492699.81767898984,4876586.696919397,False,,,False
POS136336,oak,3.0,492699.6674981527,4876729.897870806,False,,,False
POS136337,oak,24.0,492699.8883575199,4876786.869910491,False,,,False
POS136338,oak,7.0,492700.2599645718,4876760.7021057615,False,,,False
POS136340,oak,3.0,492699.76285342005,4876742.6634537345,False,,,False
POS136341,oak,18.0,492700.46239797183,4876542.339820915,False,,,False
POS136342,oak,20.0,492700.05906614085,4876521.95627637,False,,,False
POS136343,maple,5.0,492700.19054034015,4876511.941151379,False,,,False
POS136344,oak,19.0,492685.70723439794,4876581.203148063,False,,,False
POS136345,oak,20.0,492685.86942652805,4876595.090168928,False,,,False
POS136346,oak,21.0,492685.67995996674,4876603.69421254,False,,,False
POS136347,oak,22.0,492685.49617991934,4876611.39729453,False,,,False
POS136348,oak,22.0,492685.1415432618,4876619.484090972,False,,,False
POS136349,oak,24.0,492685.54486457753,4876635.9707959825,False,,,False
POS136350,oak,13.0,492685.530918191,4876648.552013707,False,,,False
POS136351,oak,8.0,492685.70823893946,4876658.822359203,False,,,False
POS136353,maple,10.0,492686.0362765512,4876673.746862293,False,,,False
POS136354,green_ash,14.0,492686.1261957072,4876704.444900912,False,,,False
POS136365,maple,13.0,492666.31945141335,4876437.58928307,False,,,False
POS136366,maple,12.0,492657.3664204169,4876437.328499887,False,,,False
POS136453,oregon_ash,8.0,492940.26531341305,4876460.821909993,False,,,False
POS136454,oregon_ash,8.0,492940.3912602838,4876467.0900872545,False,,,False
POS136455,maple,18.0,492928.8970375208,4876857.492207469,False,,,False
POS136461,maple,10.0,492929.4609891918,4876950.181572863,False,,,False
POS136462,maple,7.0,492928.98875323194,4876955.768268579,False,,,False
POS136463,oak,2.0,492929.4786048949,4877001.068511261,False,,,False
POS136464,sycamore,9.0,492929.8182374791,4877015.540532627,False,,,False
POS136467,maple,7.0,492930.53878477373,4877068.558411328,False,,,False
POS136468,maple,3.0,492930.2241404626,4877084.14814251,False,,,False
POS136470,maple,38.0,492930.8839421087,4877126.766153513,False,,,False
POS136471,maple,36.0,492930.15876963275,4877137.76557872,False,,,False
POS136472,maple,25.0,492930.32358315587,4877145.542855769,False,,,False
POS136473,maple,13.0,492929.48292465456,4877152.72160717,False,,,False
POS136476,maple,22.0,492930.6945533968,4877395.5048606135,False,,,False
POS136480,maple,20.0,492930.2253159776,4877348.428118287,False,,,False
POS136481,maple,15.0,492930.3630440196,4877334.44047004,False,,,False
POS136482,maple,26.0,492930.2327229626,4877325.044972801,False,,,False
POS136483,oak,26.0,492930.048427798,4877282.125662606,False,,,False
POS136486,oak,24.0,492929.9491094328,4877263.243576799,False,,,False
POS136487,oak,26.0,492930.1995942218,4877269.202348198,False,,,False
POS136488,oak,21.0,492930.39678916056,4877275.1942303125,False,,,False
POS136490,oak,29.0,492929.6217459197,4877201.638172412,False,,,False
POS136491,oak,25.0,492929.7606237691,4877189.408111738,False,,,False
POS136492,oak,38.0,492945.42851410824,4877379.343928256,False,,,False
POS136493,oak,27.0,492945.5926242445,4877364.931354487,False,,,False
POS136494,oak,10.0,492945.8819141171,4877358.417774452,False,,,False
POS136495,oak,11.0,492945.4091883415,4877351.585543558,False,,,False
POS136496,maple,1.0,492887.3174654786,4877046.112837844,False,,,False
POS136497,oak,21.0,492853.4526987956,4877047.7357936995,False,,,False
POS136498,oak,25.0,492835.13848176587,4877046.730625009,False,,,False
POS136499,maple,16.0,492821.2766089141,4876461.771950317,False,,,False
POS136500,maple,16.0,492820.92832483974,4876480.462708839,False,,,False
POS136501,maple,15.0,492820.9405184212,4876488.274044982,False,,,False
POS136502,maple,19.0,492821.743968784,4876503.332546092,False,,,False
POS136503,sycamore,8.0,492822.3045961998,4876526.527683153,False,,,False
POS136504,maple,18.0,492822.0057340221,4876536.542112379,False,,,False
POS136505,maple,32.0,492822.8465428941,4876550.348783161,False,,,False
POS136506,maple,9.0,492821.2689679261,4876598.442570846,False,,,False
POS136517,oak,4.0,492699.57650619105,4876706.55775478,False,,,False
POS136522,maple,21.0,492700.7217736714,4877042.733036654,False,,,False
POS136523,maple,2.0,492700.18197066226,4877037.293845624,False,,,False
POS136524,maple,15.0,492700.56687874306,4877027.465502279,False,,,False
POS136525,maple,17.0,492700.68522891216,4877016.341960648,False,,,False
POS136526,maple,9.0,492700.1786401837,4877006.716919791,False,,,False
POS136527,maple,1.0,492700.6029539242,4876985.340863138,False,,,False
POS136529,maple,20.0,492700.9806420244,4876962.457663185,False,,,False
POS136530,maple,16.0,492700.47519860783,4876948.706016007,False,,,False
POS136532,maple,15.0,492686.218881162,4876962.892060872,False,,,False
POS136533,maple,17.0,492686.51913349715,4877007.204412496,False,,,False
POS136535,oak,5.0,492685.59076348704,4877038.313152616,False,,,False
POS136536,oak,33.0,492686.28723870276,4877045.660182934,False,,,False
POS136537,oak,7.0,492686.4102463669,4877051.768958382,False,,,False
POS136540,maple,11.0,492686.2927516823,4877138.881561109,False,,,False
POS136541,maple,10.0,492807.72481426626,4876727.8533399245,False,,,False
POS136542,maple,13.0,492807.6326766207,4876741.861570161,False,,,False
POS136543,maple,13.0,492807.8366942656,4876735.025224366,False,,,False
POS136545,green_ash,15.0,492807.5045900221,4876760.063470537,False,,,False
POS136546,maple,11.0,492807.9530068461,4876766.028156115,False,,,False
POS136547,maple,11.0,492808.19596290565,4876778.8775453735,False,,,False
POS136548,green_ash,17.0,492808.0327982986,4876794.846921183,False,,,False
POS136553,douglas_fir,44.0,492808.55249182077,4876955.858790215,False,,,False
POS136554,douglas_fir,36.0,492808.66920812655,4876962.439695111,False,,,False
POS136555,douglas_fir,38.0,492808.51506043307,4876972.038318409,False,,,False
POS136561,maple,25.0,492808.59270724264,4877033.225691722,False,,,False
POS136563,maple,35.0,492804.43941808195,4877091.691905427,False,,,False
POS136566,oak,43.0,492807.72387634235,4877207.238762086,False,,,False
POS136567,oak,32.0,492807.7639010233,4877214.278389515,False,,,False
POS136568,oak,34.0,492808.26758996135,4877221.222550342,False,,,False
POS136569,oak,38.0,492808.0016533329,4877228.471653958,False,,,False
POS136570,oak,36.0,492807.8773200547,4877246.812549487,False,,,False
POS136571,oak,27.0,492811.35948303057,4877255.382747069,False,,,False
POS136572,oak,27.0,492811.1353364786,4877262.89360581,False,,,False
POS136573,oak,40.0,492811.22423043224,4877270.413506472,False,,,False
POS136574,oak,7.0,492810.7384248128,4877276.193599496,False,,,False
POS136575,oak,4.0,492810.5749925413,4877281.67000271,False,,,False
POS136576,oak,7.0,492809.5196677522,4877317.032572589,False,,,False
POS136577,oak,16.0,492809.90037218685,4877325.266203899,False,,,False
POS136578,oak,9.0,492809.6575571155,4877333.402624779,False,,,False
POS136579,oak,14.0,492809.6156611553,4877340.057492764,False,,,False
POS136580,oak,12.0,492809.8421435505,4877348.207918587,False,,,False
POS136588,maple,2.0,492742.0242198402,4876802.940470705,False,,,False
POS136592,green_ash,19.0,492807.55384543765,4876464.539330723,False,,,False
POS136593,green_ash,19.0,492807.1871457118,4876471.575933182,False,,,False
POS136613,maple,14.0,492803.36146852456,4876663.457516889,False,,,False
POS136614,maple,16.0,492803.757697229,4876656.94271685,False,,,False
POS136615,maple,10.0,492807.8851104546,4876722.48203939,False,,,False
POS136634,oak,13.0,492673.84856151073,4876681.96004198,False,,,False
POS136635,oak,17.0,492663.7154334366,4876681.754944827,False,,,False
POS136651,sycamore,16.0,492662.23757385864,4876559.433217503,False,,,False
POS136652,sycamore,16.0,492674.5100320659,4876559.130538582,False,,,False
POS137192,dogwood,5.0,492824.8908038722,4877454.800279649,False,,,False
POS137193,dogwood,5.0,492824.05390911124,4877450.610468798,False,,,False
POS137194,dogwood,4.0,492824.06081316347,4877446.120028795,False,,,False
POS137195,maple,12.0,492824.26639651094,4877438.041600978,False,,,False
POS137196,maple,18.0,492835.47786653653,4877427.583033623,False,,,False
POS137197,maple,15.0,492841.9985975443,4877427.451721414,False,,,False
POS137206,maple,16.0,492882.68906513666,4877412.3743199995,False,,,False
POS137234,maple,12.0,492666.9048528885,4877535.040990746,False,,,False
POS137235,maple,25.0,492681.8990412137,4877530.339390094,False,,,False
POS137236,maple,11.0,492686.37838615826,4877520.477342233,False,,,False
POS137237,maple,9.0,492686.0692683794,4877511.131615101,False,,,False
POS137238,maple,12.0,492686.32107045525,4877498.816830319,False,,,False
POS137245,oak,13.0,492686.79676925234,4877462.241038806,False,,,False
POS137246,oak,14.0,492686.8151550838,4877455.609871895,False,,,False
POS137249,oak,40.0,492664.0201767219,4877421.005104984,False,,,False
POS137252,sycamore,6.0,492658.03805132373,4877413.922057588,False,,,False
POS137263,maple,17.0,492845.87337754795,4877412.253257607,False,,,False
POS137264,maple,16.0,492832.51631465513,4877412.180452877,False,,,False
POS137434,maple,1.0,492983.4839980498,4877535.707273262,False,,,False
POS137435,oak,1.0,492993.2968309861,4877535.817315467,False,,,False
POS137439,oak,25.0,492931.1445890265,4877492.494044826,False,,,False
POS137440,oak,23.0,492931.0521541813,4877499.55891522,False,,,False
POS137442,oak,21.0,492931.28636914666,4877514.034773275,False,,,False
POS137443,oak,17.0,492931.1267157364,4877521.274442994,False,,,False
POS137444,oak,18.0,492931.1983433507,4877527.580084353,False,,,False
POS137446,oak,22.0,492913.5730412747,4877534.832639893,False,,,False
POS137447,oak,23.0,492905.0006450209,4877534.762918269,False,,,False
POS137478,sycamore,19.0,492748.8307472619,4877527.952072314,False,,,False
POS137479,sycamore,16.0,492748.6475285735,4877523.086847383,False,,,False
POS137480,sycamore,18.0,492748.8416504746,4877518.076578235,False,,,False
POS137481,sycamore,24.0,492748.9446576986,4877513.019788495,False,,,False
POS137482,maple,6.0,492741.29036311695,4877491.13596134,False,,,False
POS137483,maple,9.0,492746.5295108525,4877491.150107534,False,,,False
POS137487,maple,12.0,492768.7034172011,4877523.055351359,False,,,False
POS137488,maple,9.0,492768.5180436366,4877530.630864426,False,,,False
POS137489,maple,24.0,492767.3645663771,4877470.485193766,False,,,False
POS137490,oak,32.0,492749.44631814957,4877468.279108194,False,,,False
POS137491,oak,19.0,492723.9836535136,4877468.799773076,False,,,False
POS137492,oak,12.0,492718.1434408739,4877468.797190691,False,,,False
POS137493,oak,20.0,492712.4094878222,4877468.9870856125,False,,,False
POS137494,maple,16.0,492706.61185127567,4877505.819668824,False,,,False
POS137503,maple,14.0,492809.8222646923,4877524.4152612435,False,,,False
POS137504,maple,16.0,492809.7779662353,4877517.2474074345,False,,,False
POS137505,maple,26.0,492810.1012692501,4877508.434570204,False,,,False
POS137506,maple,16.0,492810.5507011958,4877498.836771292,False,,,False
POS137507,douglas_fir,20.0,492710.4933820051,4877526.056255491,False,,,False
POS137508,maple,8.0,492739.556477222,4877491.1872206945,False,,,False
POS137510,maple,24.0,492720.991995834,4877491.159722394,False,,,False
POS137512,maple,7.0,492713.00082475296,4877490.339125166,False,,,False
POS137729,maple,6.0,492745.2671408078,4877305.0633600475,False,,,False
POS137730,maple,11.0,492738.6940615857,4877289.376091183,False,,,False
POS137731,maple,9.0,492734.1832176049,4877289.523384194,False,,,False
POS137732,maple,5.0,492729.399420416,4877289.380622288,False,,,False
POS137734,oak,7.0,492767.23371077166,4877305.1555867465,False,,,False
POS137735,oak,11.0,492774.2686769187,4877305.365530488,False,,,False
POS137736,oak,6.0,492789.75399895717,4877305.546048461,False,,,False
POS137737,oak,14.0,492795.95359130343,4877305.449253299,False,,,False
POS137738,oak,11.0,492789.9346290834,4877290.06032948,False,,,False
POS137739,oak,9.0,492774.7137691416,4877290.451022327,False,,,False
POS137740,oak,13.0,492767.6788027419,4877290.241078552,False,,,False
POS137741,oak,22.0,492921.4747470504,4877289.665252426,False,,,False
POS137742,oak,32.0,492905.93997322343,4877291.26911242,False,,,False
POS137743,maple,4.0,492912.2779380929,4877305.09660615,False,,,False
POS137744,maple,4.0,492888.0785392246,4877305.348050482,False,,,False
POS137838,maple,5.0,492856.7720127348,4877290.992424098,False,,,False
POS137839,maple,5.0,492848.21234089154,4877290.754177575,False,,,False
POS137854,maple,2.0,492659.1631373858,4877183.420347834,False,,,False
POS137855,oak,4.0,492666.7948282633,4877183.432490589,False,,,False
POS137856,oak,5.0,492674.41819436353,4877183.375082749,False,,,False
POS137857,maple,13.0,492675.2132676,4877168.548616856,False,,,False
POS137863,maple,15.0,492715.2465642997,4877183.196966467,False,,,False
POS137864,maple,15.0,492724.25983718474,4877183.184438353,False,,,False
POS137865,maple,22.0,492734.2537673833,4877183.341980687,False,,,False
POS137866,maple,12.0,492747.76959171926,4877183.463421958,False,,,False
POS137867,sycamore,7.0,492790.30754637683,4877183.183826954,False,,,False
POS137868,maple,14.0,492801.7527198628,4877167.752761562,False,,,False
POS137869,maple,14.0,492795.84318651276,4877167.576403443,False,,,False
POS137870,maple,10.0,492789.64399174484,4877167.673210413,False,,,False
POS137871,maple,10.0,492783.8582476817,4877168.063665404,False,,,False
POS137872,maple,12.0,492778.0896934394,4877167.891514772,False,,,False
POS137873,maple,5.0,492767.520044948,4877168.139404278,False,,,False
POS137874,maple,12.0,492762.44066484855,4877168.287230768,False,,,False
POS137875,maple,16.0,492833.1170541338,4877168.09144852,False,,,False
POS137876,maple,17.0,492840.2926117389,4877168.023779881,False,,,False
POS137877,maple,16.0,492847.5228056759,4877167.710333679,False,,,False
POS137878,maple,15.0,492862.70471581037,4877168.162509246,False,,,False
POS137879,sycamore,7.0,492853.41143599036,4877168.0844753105,False,,,False
POS137883,maple,16.0,492907.71730280377,4877168.296788514,False,,,False
POS138027,oak,24.0,492700.99095722457,4877436.544581666,False,,,False
POS138029,oak,13.0,492701.1260336412,4877444.681777469,False,,,False
POS138030,oak,16.0,492700.93983686436,4877450.076596567,False,,,False
POS138031,oak,14.0,492701.2058425336,4877455.595814139,False,,,False
POS138032,oak,16.0,492701.14385195053,4877460.910137003,False,,,False
POS138033,maple,11.0,492701.74976221495,4877512.301585613,False,,,False
POS138035,maple,12.0,492712.24187284056,4877535.069324922,False,,,False
POS138036,maple,12.0,492726.04965188657,4877535.42678492,False,,,False
POS138224,maple,32.0,492827.25376852247,4876924.180505636,False,,,False
POS139277,maple,14.0,492810.3453928053,4877890.185037433,False,,,False
POS139279,oak,13.0,492755.3289400826,4877780.112066424,False,,,False
POS139285,oak,10.0,492716.53479590453,4877780.3336873185,False,,,False
POS139286,oak,15.0,492721.4101813589,4877780.4130797945,False,,,False
POS139287,oak,6.0,492729.308015586,4877780.185757775,False,,,False
POS139288,oak,10.0,492742.09485012677,4877780.188139686,False,,,False
POS139289,oak,8.0,492748.18293756875,4877780.148117893,False,,,False
POS139290,oak,14.0,492769.51643207663,4877780.063745762,False,,,False
POS139291,oak,8.0,492777.845282812,4877780.057494021,False,,,False
POS139292,oak,12.0,492784.6791033645,4877780.100929497,False,,,False
POS139293,douglas_fir,38.0,492702.3413206668,4877775.20076686,False,,,False
POS139294,oak,21.0,492701.83395166066,4877763.551056208,False,,,False
POS139295,oak,20.0,492702.5067819312,4877741.1693230085,False,,,False
POS139296,oak,17.0,492702.02995534206,4877752.54975567,False,,,False
POS139297,maple,22.0,492687.5498916239,4877752.838055438,False,,,False
POS139299,maple,16.0,492688.40577087284,4877718.089590034,False,,,False
POS139300,sycamore,24.0,492687.66421755636,4877694.499408143,False,,,False
POS139800,oak,4.0,492715.06832483906,4877902.770491161,False,,,False
POS139801,maple,8.0,492702.214868244,4877884.465646562,False,,,False
POS139803,dogwood,5.0,492688.32834694994,4877857.311794149,False,,,False
POS139807,oak,6.0,492701.9027474281,4877845.574106553,False,,,False
POS139808,maple,17.0,492702.276952287,4877864.815880382,False,,,False
POS139809,maple,14.0,492702.72407898115,4877871.671639428,False,,,False
POS139865,maple,22.0,492807.64932508866,4876714.003312316,False,,,False
POS139868,oak,18.0,492921.0696550337,4877794.773869547,False,,,False
POS139869,maple,16.0,492871.4975302864,4877901.976611287,False,,,False
POS139871,maple,17.0,492866.60733019,4877902.202684607,False,,,False
POS139872,maple,8.0,492859.53736596875,4877902.224202893,False,,,False
POS139877,maple,13.0,492845.8661948773,4877902.141824571,False,,,False
POS139878,maple,11.0,492839.95921615476,4877902.151648682,False,,,False
POS139880,oak,13.0,492914.6517294371,4877794.8751476165,False,,,False
POS139881,oak,15.0,492904.53700488346,4877794.922203496,False,,,False
POS139882,oak,16.0,492895.5189419526,4877794.884583699,False,,,False
POS139883,oak,17.0,492888.5094329648,4877795.105311835,False,,,False
POS139884,oak,15.0,492919.9166907844,4877779.0688649,False,,,False
POS139885,oak,19.0,492899.59228897264,4877779.271846474,False,,,False
POS139886,oak,18.0,492878.9923897065,4877779.3136025155,False,,,False
POS139887,oak,18.0,492872.6858219572,4877779.423104657,False,,,False
POS139888,oak,29.0,492853.8908895572,4877795.240925963,False,,,False
POS139889,oak,22.0,492863.5417486759,4877779.539830029,False,,,False
POS139890,oak,14.0,492850.4316555466,4877779.441894594,False,,,False
POS139891,oak,24.0,492842.32970975153,4877779.612421369,False,,,False
POS139892,oak,22.0,492835.0669484578,4877779.522983017,False,,,False
POS139893,oak,25.0,492833.363686927,4877795.313054712,False,,,False
POS139912,maple,22.0,492825.91417337704,4877690.587415699,False,,,False
POS139913,maple,17.0,492825.35549013,4877698.390692566,False,,,False
POS139914,maple,22.0,492825.10289244616,4877706.854924567,False,,,False
POS139915,maple,22.0,492825.79752184846,4877716.324555588,False,,,False
POS139916,oak,25.0,492932.6223084254,4877720.708174579,False,,,False
POS139917,oak,22.0,492932.368822436,4877715.657549111,False,,,False
POS139918,oak,25.0,492932.395665169,4877699.226426354,False,,,False
POS139919,oak,22.0,492932.7314512734,4877692.471731452,False,,,False
POS139920,oak,17.0,492932.060452366,4877685.4540833,False,,,False
POS139921,maple,23.0,492920.49663833296,4877675.814885141,False,,,False
POS139922,maple,16.0,492910.7300550687,4877675.854129824,False,,,False
POS139923,maple,20.0,492887.0041352568,4877676.067303371,False,,,False
POS139924,maple,18.0,492875.8537405553,4877675.927847257,False,,,False
POS139925,maple,20.0,492863.4678559596,4877676.148633352,False,,,False
POS139926,oak,21.0,492851.54463926825,4877672.453701604,False,,,False
POS139927,oak,18.0,492837.23025249015,4877671.700706861,False,,,False
POS139928,maple,50.0,492857.7600808206,4877654.698815248,False,,,False
POS139929,maple,20.0,492914.5345881387,4877657.792087911,False,,,False
POS139930,oak,29.0,492932.1284238254,4877603.500886581,False,,,False
POS139931,oak,20.0,492932.11369693535,4877593.07361192,False,,,False
POS139932,oak,20.0,492932.4342991665,4877582.330733812,False,,,False
POS139933,oak,25.0,492932.2876309583,4877571.583010863,False,,,False
POS139934,oak,22.0,492931.42603582976,4877560.178631408,False,,,False
POS139963,maple,9.0,492672.3054249213,4877673.458403903,False,,,False
POS139964,maple,9.0,492668.23126148724,4877673.499725562,False,,,False
POS139965,maple,4.0,492663.6639600842,4877673.689235969,False,,,False
POS139966,maple,11.0,492659.1014129699,4877673.716083096,False,,,False
POS140076,maple,11.0,492702.7267094261,4877647.437392673,False,,,False
POS140077,maple,9.0,492702.5809087063,4877633.329489338,False,,,False
POS140078,maple,6.0,492702.3263750717,4877625.2041328475,False,,,False
POS140079,maple,9.0,492702.5648043946,4877618.333827367,False,,,False
POS140080,maple,11.0,492702.5435290961,4877612.106792413,False,,,False
POS140081,oak,21.0,492701.82448452275,4877585.758487328,False,,,False
POS140082,oak,17.0,492702.171291588,4877571.560379221,False,,,False
POS140083,oak,40.0,492711.9806947681,4877553.535727372,False,,,False
POS140084,maple,10.0,492765.0791127767,4877549.939964027,False,,,False
POS140103,oak,27.0,492808.6653535468,4877744.4869943205,False,,,False
POS140104,oak,25.0,492808.9473174381,4877756.877102509,False,,,False
POS140105,oak,40.0,492809.19041748083,4877770.569491884,False,,,False
POS140106,maple,23.0,492678.27795668767,4877779.044398002,False,,,False
POS140107,maple,22.0,492669.55144974816,4877780.432728915,False,,,False
POS140257,maple,5.0,493413.6388455326,4876698.011486268,False,,,False
POS140258,maple,6.0,493413.6578215086,4876705.913523383,False,,,False
POS140259,maple,6.0,493413.16763057525,4876713.800464503,False,,,False
POS140268,oak,2.0,493414.2558965762,4876790.53306258,False,,,False
POS140269,oak,20.0,493414.2143904434,4876824.915893437,False,,,False
POS140274,maple,16.0,493414.28534803435,4876878.764937011,False,,,False
POS140279,oak,2.0,493428.0879541127,4876882.737689939,False,,,False
POS140280,oregon_ash,11.0,493427.8384620261,4876868.037146588,False,,,False
POS140281,maple,13.0,493428.07020643336,4876860.272099605,False,,,False
POS140282,sycamore,8.0,493428.5618670454,4876850.834752591,False,,,False
POS140283,sycamore,8.0,493428.02301263803,4876840.736628712,False,,,False
POS140285,oak,23.0,493428.2920133175,4876789.493014558,False,,,False
POS140287,sycamore,8.0,493427.742099242,4876740.607935348,False,,,False
POS140289,oregon_ash,16.0,493427.6498703603,4876699.856288165,False,,,False
POS140290,sycamore,10.0,493427.2566750078,4876669.189101575,False,,,False
POS140295,maple,12.0,493426.4573986246,4876600.087068993,False,,,False
POS140302,oregon_ash,18.0,493412.957326866,4876672.313965624,False,,,False
POS140303,maple,12.0,493426.98017055035,4876429.72365526,False,,,False
POS140304,maple,8.0,493426.76004541595,4876409.207268881,False,,,False
POS140305,maple,12.0,493426.7247238806,4876399.031558742,False,,,False
POS140306,maple,10.0,493427.01800684526,4876389.204567298,False,,,False
POS140307,oak,2.0,493426.50703446195,4876372.231223241,False,,,False
POS140308,maple,9.0,493426.18582210294,4876347.927884226,False,,,False
POS140312,oregon_ash,24.0,493426.9260202439,4876255.912432414,False,,,False
POS140313,oak,1.0,493425.9186523024,4876245.881214267,False,,,False
POS140315,oak,1.0,493426.1418909679,4876217.894285738,False,,,False
POS140317,maple,10.0,493426.2428858691,4876176.528931952,False,,,False
POS140318,maple,22.0,493425.8963313239,4876171.0919962805,False,,,False
POS140339,maple,1.0,493412.3780472835,4876288.397115655,False,,,False
POS140436,maple,24.0,493307.7056896176,4877220.7033735495,False,,,False
POS140485,maple,9.0,493292.85707497614,4877212.333766781,False,,,False
POS140486,maple,11.0,493293.014648405,4877207.053894758,False,,,False
POS140487,maple,18.0,493293.09310310043,4877191.768930492,False,,,False
POS140498,maple,17.0,493372.84588804626,4876938.109944403,False,,,False
POS140499,maple,9.0,493366.87583797245,4876938.329385201,False,,,False
POS140500,maple,9.0,493360.5088250989,4876938.537078976,False,,,False
POS140501,maple,9.0,493350.975994276,4876938.252577618,False,,,False
POS140502,maple,12.0,493342.02097805735,4876938.581441069,False,,,False
POS140503,maple,11.0,493333.077808837,4876938.513344887,False,,,False
POS140504,maple,11.0,493323.34032028576,4876938.421542998,False,,,False
POS140505,maple,12.0,493314.0988808048,4876938.275043216,False,,,False
POS140508,maple,1.0,493346.2893128055,4876923.998930663,False,,,False
POS140511,maple,13.0,493461.91442274075,4876924.3336982215,False,,,False
POS140512,maple,11.0,493466.42220826825,4876924.335926981,False,,,False
POS140514,maple,1.0,493486.2816692361,4876924.004494799,False,,,False
POS140521,maple,12.0,493251.3021630718,4876938.144384421,False,,,False
POS140523,maple,17.0,493228.9923206612,4876938.740509949,False,,,False
POS140524,oak,25.0,493217.17262100946,4876938.41216304,False,,,False
POS140525,oak,30.0,493195.99165308796,4876938.1760513205,False,,,False
POS140527,maple,24.0,493162.7809532787,4876937.6057271585,False,,,False
POS140529,maple,6.0,493111.23966625397,4876938.170307933,False,,,False
POS140537,maple,19.0,493306.7758866429,4876954.702454661,False,,,False
POS140538,maple,21.0,493306.78973159083,4876960.692269468,False,,,False
POS140539,maple,21.0,493307.25942411483,4876970.055301629,False,,,False
POS140540,maple,20.0,493307.18357062934,4876978.923336078,False,,,False
POS140541,maple,9.0,493307.10740549216,4876987.791761048,False,,,False
POS140542,maple,12.0,493307.02030144894,4876997.036772019,False,,,False
POS140544,maple,18.0,493306.8488716934,4877009.1106611155,False,,,False
POS140549,maple,12.0,493103.8731233081,4876938.371176686,False,,,False
POS140553,maple,10.0,493029.4293485892,4876938.252671873,False,,,False
POS140554,oak,26.0,493019.75796857,4876938.174050428,False,,,False
POS140555,maple,16.0,493004.6233578487,4876937.93278713,False,,,False
POS140556,maple,11.0,492985.9042633214,4876938.005265096,False,,,False
POS140557,maple,12.0,492977.27690956456,4876938.168209117,False,,,False
POS140558,sycamore,4.0,492954.14550461946,4876938.108709932,False,,,False
POS140565,maple,27.0,493193.0361714569,4876924.292782563,False,,,False
POS140566,maple,1.0,493214.4880758623,4876924.427476303,False,,,False
POS140568,maple,29.0,493585.39846750145,4877238.753610111,False,,,False
POS140569,maple,40.0,493585.345451414,4877252.17056986,False,,,False
POS140618,maple,8.0,493539.9380818851,4877167.32123698,False,,,False
POS140619,maple,8.0,493530.4052567285,4877167.03673201,False,,,False
POS140623,oak,16.0,493045.71048804355,4877640.085722714,False,,,False
POS140624,oak,26.0,493043.6404215053,4877654.561710095,False,,,False
POS140625,maple,11.0,493064.23561368557,4877698.58492956,False,,,False
POS140626,maple,8.0,493070.73660070833,4877720.892646569,False,,,False
POS140629,maple,2.0,493050.89332423627,4877809.472382358,False,,,False
POS140630,maple,2.0,493046.08407914237,4877812.809667795,False,,,False
POS140631,maple,2.0,493040.21568125027,4877817.343883306,False,,,False
POS140632,maple,2.0,493034.3411767969,4877822.082723088,False,,,False
POS140633,maple,2.0,493020.87077928835,4877826.957386937,False,,,False
POS140634,maple,24.0,493007.2886284093,4877836.632267695,False,,,False
POS140635,maple,45.0,493011.2945440823,4877839.618308197,False,,,False
POS140636,maple,20.0,493017.3951407327,4877841.028909437,False,,,False
POS140637,maple,15.0,493037.1930017845,4877836.29617741,False,,,False
POS140638,maple,20.0,493040.9608113114,4877833.542031393,False,,,False
POS140639,maple,17.0,492954.6512062405,4877777.014256444,False,,,False
POS140640,maple,11.0,492965.76037335576,4877776.903176277,False,,,False
POS140641,maple,14.0,492974.739599756,4877776.536525849,False,,,False
POS140642,maple,11.0,492984.34055046167,4877776.400936677,False,,,False
POS140643,maple,18.0,492992.8342515654,4877776.151901143,False,,,False
POS140644,maple,11.0,493033.1917210863,4877613.605581949,False,,,False
POS140645,maple,13.0,493030.46169176156,4877609.019563787,False,,,False
POS140646,maple,10.0,493034.4251759096,4877599.718845392,False,,,False
POS140647,maple,15.0,493030.318199738,4877590.716393529,False,,,False
POS140648,maple,15.0,493034.15871642786,4877584.688310355,False,,,False
POS140649,oak,19.0,493045.18727319536,4877418.884763729,False,,,False
POS140650,oak,14.0,493056.8039198294,4877418.503822038,False,,,False
POS140651,oak,35.0,493067.79565717105,4877418.005227911,False,,,False
POS140652,oak,13.0,493280.0450607552,4877418.223268466,False,,,False
POS140653,oak,20.0,493291.7341941463,4877418.737525787,False,,,False
POS140656,maple,22.0,492946.74467344064,4877557.422685848,False,,,False
POS140657,maple,19.0,492946.8797080118,4877563.982827056,False,,,False
POS140658,maple,19.0,492946.7784922659,4877569.820594634,False,,,False
POS140659,maple,24.0,492946.9358651368,4877599.641750533,False,,,False
POS140660,maple,18.0,492946.73650655354,4877613.821356701,False,,,False
POS140661,maple,32.0,492947.36804927245,4877627.582944985,False,,,False
POS140662,maple,16.0,492956.17540348606,4877675.713517613,False,,,False
POS140663,maple,16.0,492964.4389335905,4877675.778322708,False,,,False
POS140664,maple,7.0,492973.2272572151,4877675.97459325,False,,,False
POS140665,maple,18.0,492983.08688140486,4877675.73972037,False,,,False
POS140666,maple,15.0,492992.01822999824,4877675.543246974,False,,,False
POS140667,maple,16.0,493228.8701638438,4877060.7237592125,False,,,False
POS140668,maple,4.0,493220.84872505587,4877060.26705984,False,,,False
POS140669,sycamore,15.0,493206.29226264067,4877060.484058424,False,,,False
POS140671,maple,12.0,493184.5031965202,4877073.996059471,False,,,False
POS140672,oak,3.0,493184.98665462487,4877090.360333408,False,,,False
POS140673,oak,22.0,493184.34580443293,4877098.507280205,False,,,False
POS140675,maple,39.0,493185.3400649992,4877144.01126616,False,,,False
POS140678,pine,50.0,493171.1816496768,4877123.6092593875,False,,,False
POS140679,maple,34.0,493171.8227080677,4877102.128875136,False,,,False
POS140680,maple,10.0,493171.2557721913,4877084.738376198,False,,,False
POS140684,maple,3.0,493145.9118499659,4877060.745239316,False,,,False
POS140691,maple,4.0,493091.53433329135,4877047.013203631,False,,,False
POS140694,maple,12.0,493135.2800791154,4877045.877859858,False,,,False
POS140695,oak,19.0,493152.9642715332,4877047.037245251,False,,,False
POS140715,maple,30.0,493170.5034777908,4876991.220994433,False,,,False
POS140753,maple,2.0,493062.2785924957,4876969.237323354,False,,,False
POS140755,douglas_fir,23.0,493061.9993986263,4876998.02445941,False,,,False
POS140757,oak,10.0,493062.3681666074,4877011.563618972,False,,,False
POS140770,maple,12.0,493062.8400407995,4877128.535209517,False,,,False
POS140771,oak,2.0,493063.0447095115,4877216.27672745,False,,,False
POS140773,maple,12.0,493063.2520925924,4877238.433748223,False,,,False
POS140774,maple,5.0,493062.8894754095,4877250.584327639,False,,,False
POS140785,maple,29.0,493170.62428640807,4876947.086414665,False,,,False
POS140786,oak,26.0,493184.49011972407,4876946.906605765,False,,,False
POS140789,oak,23.0,493184.45469265996,4876955.375133826,False,,,False
POS140791,maple,27.0,493183.9142456477,4877009.868037034,False,,,False
POS140792,maple,33.0,493183.6876080129,4877017.462128199,False,,,False
POS140793,maple,2.0,493184.6500849499,4877034.664027765,False,,,False
POS140795,maple,10.0,493217.55518607516,4877046.921524415,False,,,False
POS140796,maple,10.0,493228.8638150563,4877046.390390462,False,,,False
POS140798,maple,5.0,493255.998410983,4877046.766083014,False,,,False
POS140803,maple,26.0,493286.6566255635,4877060.059265207,False,,,False
POS140807,maple,5.0,493248.1011707582,4877060.336258574,False,,,False
POS140816,maple,15.0,493050.8640383079,4877245.465488344,False,,,False
POS140817,maple,6.0,493050.7245316874,4877254.295216307,False,,,False
POS140819,pine,36.0,493050.38300607016,4877274.605593407,False,,,False
POS140820,pine,44.0,493050.50498495693,4877283.550027927,False,,,False
POS140821,maple,6.0,493062.41679158906,4877251.873364019,False,,,False
POS140822,maple,10.0,493064.1067801694,4877268.754153991,False,,,False
POS140823,oak,8.0,493062.93432445906,4877281.665789848,False,,,False
POS140824,green_ash,17.0,493056.7466333399,4877303.6071542865,False,,,False
POS140825,green_ash,9.0,493036.7787878755,4877303.228149765,False,,,False
POS140827,maple,5.0,493018.96751653973,4877303.348320202,False,,,False
POS140828,maple,25.0,492963.3107901531,4877290.989981012,False,,,False
POS140829,maple,23.0,492976.07609412196,4877291.664050441,False,,,False
POS140830,maple,33.0,492987.1109564604,4877292.025969399,False,,,False
POS140834,oak,17.0,493039.96846130496,4877290.944734083,False,,,False
POS140836,maple,2.0,493230.05630766996,4877168.825856049,False,,,False
POS140837,maple,32.0,493270.6816293121,4877168.987546529,False,,,False
POS140838,pine,50.0,493283.27490689367,4877168.921867479,False,,,False
POS140856,oak,13.0,493706.5436123997,4876913.666932726,False,,,False
POS140858,maple,13.0,493016.61318149936,4877046.512042938,False,,,False
POS140859,maple,18.0,493001.5524904411,4877046.062578961,False,,,False
POS140862,oak,6.0,492971.1858176536,4877046.895490567,False,,,False
POS140863,maple,9.0,492963.4168149735,4877046.806441777,False,,,False
POS140865,oak,6.0,492960.2882808333,4877060.016820894,False,,,False
POS140866,maple,4.0,492982.7998248293,4877060.419233412,False,,,False
POS140868,maple,4.0,492990.8809202773,4877060.431793614,False,,,False
POS140871,maple,12.0,493024.501174285,4877060.662014153,False,,,False
POS140873,maple,12.0,493024.12063781027,4877167.955932079,False,,,False
POS140874,maple,25.0,493016.20409899805,4877168.987216739,False,,,False
POS140876,oak,34.0,492991.69687423896,4877166.1426656805,False,,,False
POS140877,oak,36.0,492983.98343490175,4877166.021473702,False,,,False
POS140878,oak,46.0,492976.28803362045,4877166.485439594,False,,,False
POS140879,maple,15.0,492982.7179562249,4877182.368550968,False,,,False
POS140880,maple,12.0,492991.71259595983,4877182.427475008,False,,,False
POS140881,maple,13.0,493012.1666940715,4877182.939493113,False,,,False
POS140882,maple,8.0,493096.11202618247,4877182.405023411,False,,,False
POS140883,maple,14.0,493107.28821723943,4877181.858133318,False,,,False
POS140884,maple,25.0,493125.3934478133,4877182.651269711,False,,,False
POS140885,maple,16.0,493157.58638866374,4877182.709099907,False,,,False
POS140886,maple,12.0,493165.18024133163,4877182.528116286,False,,,False
POS140887,maple,5.0,493171.38361997355,4877200.911951699,False,,,False
POS140888,maple,19.0,493184.8451652687,4877212.834377686,False,,,False
POS140889,maple,26.0,493184.6967590294,4877186.5132778855,False,,,False
POS140890,maple,11.0,493191.28898942575,4877182.944191185,False,,,False
POS140891,maple,14.0,493197.97805352585,4877183.143819224,False,,,False
POS140892,maple,16.0,493204.04599954747,4877183.115503808,False,,,False
POS140895,maple,25.0,493267.3620152335,4877182.71613378,False,,,False
POS140896,douglas_fir,44.0,493154.73011887853,4877169.700129422,False,,,False
POS140897,maple,16.0,493142.489570075,4877168.716404023,False,,,False
POS140898,maple,16.0,493132.6338852084,4877168.443573579,False,,,False
POS140899,maple,15.0,493103.8834386864,4877167.364344835,False,,,False
POS140900,maple,22.0,493096.3581911521,4877167.1397634875,False,,,False
POS140964,oak,9.0,493680.1192110746,4876693.610835753,False,,,False
POS140966,maple,19.0,493636.39331679157,4876679.772100426,False,,,False
POS140967,oak,6.0,493624.07996186503,4876679.404607395,False,,,False
POS140971,oak,9.0,493667.1521134539,4876693.468538779,False,,,False
POS140974,maple,26.0,493611.3398392392,4876693.336568613,False,,,False
POS140975,maple,26.0,493601.7948563357,4876693.449012042,False,,,False
POS140976,maple,26.0,493588.8877314577,4876693.639418743,False,,,False
POS140979,maple,25.0,493581.84414404846,4876717.877040366,False,,,False
POS140981,maple,27.0,493583.0820605445,4876785.771102239,False,,,False
POS140983,oak,11.0,493582.23984769086,4876774.424880766,False,,,False
POS140987,maple,32.0,493581.40730448073,4876611.5011498155,False,,,False
POS140988,oak,1.0,493581.3169813295,4876598.2327965945,False,,,False
POS140990,sycamore,1.0,493580.9477499798,4876508.208461147,False,,,False
POS140991,maple,32.0,493580.8109713338,4876494.174591594,False,,,False
POS140992,sycamore,1.0,493580.5562180423,4876479.442776462,False,,,False
POS141040,oak,10.0,493434.12479320285,4876450.372197122,False,,,False
POS141041,oak,12.0,493441.0223599104,4876450.247341058,False,,,False
POS141042,maple,12.0,493452.2035332544,4876450.646641799,False,,,False
POS141043,maple,12.0,493462.1668517816,4876450.513579019,False,,,False
POS141048,oak,6.0,493526.31754630525,4876450.401072144,False,,,False
POS141051,oak,3.0,493568.45276210416,4876480.053782945,False,,,False
POS141055,oak,27.0,493569.5868522727,4876522.844715209,False,,,False
POS141056,oak,27.0,493569.2214034442,4876509.091031456,False,,,False
POS141058,oak,14.0,493537.0880450217,4876557.846237416,False,,,False
POS141059,oak,12.0,493520.3298922567,4876558.016216013,False,,,False
POS141060,oak,24.0,493509.61091011594,4876557.919417649,False,,,False
POS141062,oak,9.0,493478.33354610956,4876558.103090619,False,,,False
POS141063,oak,17.0,493466.95168970566,4876557.763402332,False,,,False
POS141064,oak,10.0,493459.8101033389,4876557.550263864,False,,,False
POS141066,pine,45.0,493447.5304634541,4876571.93239233,False,,,False
POS141067,oak,18.0,493461.3857484017,4876572.116490822,False,,,False
POS141068,oak,19.0,493470.7656885602,4876572.172924584,False,,,False
POS141069,oak,13.0,493478.13694832753,4876572.169410037,False,,,False
POS141070,oak,18.0,493485.2718698174,4876572.605857617,False,,,False
POS141071,sycamore,7.0,493515.6567877812,4876572.395850255,False,,,False
POS141072,oak,27.0,493536.2154566354,4876572.115789614,False,,,False
POS141073,oak,29.0,493547.18409402284,4876571.326408682,False,,,False
POS141087,maple,13.0,493582.39356846054,4876825.131493405,False,,,False
POS141088,dogwood,4.0,493582.6276616049,4876831.250487407,False,,,False
POS141089,maple,7.0,493582.33977163234,4876836.242465055,False,,,False
POS141092,maple,18.0,493582.50262919016,4876879.65659618,False,,,False
POS141093,maple,18.0,493582.69951287773,4876900.984992872,False,,,False
POS141094,maple,19.0,493582.719398508,4876911.9592568455,False,,,False
POS141097,maple,18.0,493604.9516767199,4876802.234338385,False,,,False
POS141098,oak,6.0,493593.1843708703,4876802.123951538,False,,,False
POS141099,oregon_ash,3.0,493614.2600484635,4876801.957727958,False,,,False
POS141100,oak,9.0,493632.9644179059,4876801.323320085,False,,,False
POS141101,oak,7.0,493642.8946108265,4876801.619687452,False,,,False
POS141102,oak,6.0,493651.6391526652,4876801.681862414,False,,,False
POS141103,oak,6.0,493666.6960159978,4876801.82422598,False,,,False
POS141593,sycamore,11.0,493322.57630444143,4876816.025198411,False,,,False
POS141595,oak,8.0,493344.52782020473,4876816.1636093315,False,,,False
POS141867,maple,38.0,492976.5945312447,4876679.923950776,False,,,False
POS141871,douglas_fir,29.0,493040.4014372796,4876681.441463906,False,,,False
POS141872,maple,37.0,493047.9438146204,4876675.0875300085,False,,,False
POS141873,maple,24.0,493047.741699562,4876662.407962354,False,,,False
POS141878,maple,18.0,493047.53936717234,4876604.354323005,False,,,False
POS141880,maple,9.0,493047.2185173715,4876588.827511376,False,,,False
POS141891,oak,2.0,493083.76554570376,4876680.703639879,False,,,False
POS141905,oak,11.0,493398.0647025119,4876206.702365431,False,,,False
POS141906,maple,7.0,493337.3407229915,4876192.81405865,False,,,False
POS141940,oak,3.0,493182.9985389811,4876597.367965196,False,,,False
POS141942,oregon_ash,7.0,493182.8209283188,4876617.96927593,False,,,False
POS141944,oregon_ash,6.0,493183.0739955141,4876633.746572151,False,,,False
POS141945,maple,13.0,493182.8432124345,4876641.479551281,False,,,False
POS141964,green_ash,10.0,493291.9201101246,4876579.886319948,False,,,False
POS141969,maple,9.0,493304.88947705814,4876620.531371501,False,,,False
POS141970,oak,7.0,493305.2777523334,4876637.953659217,False,,,False
POS141971,oak,7.0,493304.9830008671,4876651.472328171,False,,,False
POS141977,oak,13.0,493342.84290394775,4876680.986407473,False,,,False
POS142036,sycamore,15.0,493371.68773045886,4876680.492618069,False,,,False
POS142039,sycamore,3.0,493405.6534829481,4876680.771183564,False,,,False
POS142085,douglas_fir,22.0,492957.939001811,4876816.544496949,False,,,False
POS142086,maple,23.0,492981.88057704805,4876816.529071593,False,,,False
POS142087,oak,4.0,493006.8457866125,4876816.654400251,False,,,False
POS142088,oak,4.0,493015.15430665924,4876816.639747138,False,,,False
POS142089,maple,24.0,493025.32293770916,4876816.452598827,False,,,False
POS142092,maple,20.0,493047.59405497165,4876823.252958383,False,,,False
POS142095,maple,9.0,493046.5689144046,4876902.281045968,False,,,False
POS142096,maple,9.0,493046.6088793931,4876913.712225101,False,,,False
POS142098,oak,8.0,493062.1676802427,4876883.88663182,False,,,False
POS142099,oak,8.0,493061.97435215756,4876877.594349254,False,,,False
POS142100,sycamore,1.0,493061.73318607965,4876863.509074759,False,,,False
POS142102,maple,3.0,493061.932001634,4876829.627757485,False,,,False
POS142107,oak,2.0,493121.53289643914,4876816.503365125,False,,,False
POS142108,oak,2.0,493141.1183268059,4876816.853061804,False,,,False
POS142109,maple,48.0,493160.00381709816,4876816.4158444,False,,,False
POS142110,oak,4.0,493170.2951787468,4876826.779721089,False,,,False
POS142111,oregon_ash,10.0,493169.6596185302,4876836.823595407,False,,,False
POS142119,oak,4.0,493171.3083202137,4876914.133516352,False,,,False
POS142120,maple,5.0,493183.63281300245,4876902.959137798,False,,,False
POS142122,maple,3.0,493183.58325704397,4876881.401429538,False,,,False
POS142123,maple,36.0,493183.8952760223,4876858.467763955,False,,,False
POS142124,oak,4.0,493183.88940036687,4876845.894461995,False,,,False
POS142125,maple,35.0,493183.8953451246,4876830.773825862,False,,,False
POS142129,maple,28.0,493199.6160317059,4876816.835804156,False,,,False
POS142130,oak,5.0,493214.8709844441,4876816.3387410985,False,,,False
POS142132,maple,6.0,493281.1744827534,4876815.673821619,False,,,False
POS142133,oak,21.0,493291.7867476568,4876847.030890871,False,,,False
POS142139,oak,6.0,493305.927751218,4876902.09446888,False,,,False
POS142142,oak,9.0,493305.6161704151,4876836.236039205,False,,,False
POS142143,oak,24.0,493305.80588487326,4876827.617408153,False,,,False
POS142144,oak,2.0,492951.10922126507,4876573.6066390965,False,,,False
POS142145,oak,2.0,492963.3360585678,4876573.589417164,False,,,False
POS142148,maple,10.0,493028.53956631856,4876571.168371236,False,,,False
POS142153,oregon_ash,11.0,493151.27428230486,4876572.023943603,False,,,False
POS142154,oregon_ash,12.0,493160.07765911357,4876571.957859784,False,,,False
POS142160,maple,7.0,493254.82596099173,4876573.123177833,False,,,False
POS142162,oak,18.0,493325.2532577405,4876572.910049385,False,,,False
POS142164,maple,11.0,493355.5460189399,4876572.849285194,False,,,False
POS142165,maple,15.0,493362.8706485211,4876573.067884676,False,,,False
POS142166,oak,20.0,493377.53221110185,4876573.119637868,False,,,False
POS142169,oak,19.0,493395.8847812407,4876559.390167317,False,,,False
POS142186,oak,3.0,493355.40547378757,4876815.839124076,False,,,False
POS142187,oak,5.0,493367.30639174127,4876815.885589418,False,,,False
POS142199,maple,13.0,493579.40159216354,4876354.153939901,False,,,False
POS142200,oak,4.0,493579.8159333939,4876395.018937576,False,,,False
POS142201,maple,26.0,493579.5930608016,4876306.725186932,False,,,False
POS142202,maple,16.0,493579.2910911972,4876282.56482363,False,,,False
POS142203,maple,21.0,493579.28656191233,4876267.651562261,False,,,False
POS142207,oak,6.0,493579.22137530876,4876214.591740359,False,,,False
POS142208,oak,3.0,493447.824570136,4876206.53137281,False,,,False
POS142209,oak,4.0,493456.6827593994,4876206.672938683,False,,,False
POS142215,maple,4.0,493221.7652115167,4876559.2876630435,False,,,False
POS142216,oak,1.0,493201.23224381456,4876558.790279334,False,,,False
POS142218,sycamore,15.0,493182.862066336,4876547.2445579,False,,,False
POS142229,sycamore,11.0,493167.9988184815,4876463.453681176,False,,,False
POS142232,oak,16.0,493168.1486941883,4876497.221429997,False,,,False
POS142234,oregon_ash,6.0,493166.90871576464,4876519.371895355,False,,,False
POS142235,oregon_ash,7.0,493166.5980640172,4876529.781086023,False,,,False
POS142236,oregon_ash,7.0,493166.7421119307,4876537.88876617,False,,,False
POS142237,pine,14.0,493166.9204868073,4876544.839530464,False,,,False
POS142238,oak,4.0,493166.73639658454,4876551.007950508,False,,,False
POS142239,maple,16.0,493227.59783203405,4876328.97588629,False,,,False
POS142242,maple,14.0,493279.00556347024,4876329.3470694255,False,,,False
POS142261,sycamore,7.0,493290.1563527049,4876285.789610621,False,,,False
POS142262,green_ash,11.0,493289.9591733778,4876297.365834444,False,,,False
POS142267,maple,3.0,493250.8813379309,4876314.128716653,False,,,False
POS142268,maple,5.0,493242.9734238394,4876314.408029313,False,,,False
POS142275,oak,17.0,493181.98097064253,4876254.028895253,False,,,False
POS142276,oak,17.0,493182.13074021746,4876248.541370688,False,,,False
POS142279,maple,18.0,493182.10727919237,4876216.927950715,False,,,False
POS142282,maple,4.0,493168.2720203565,4876268.681097121,False,,,False
POS142283,sycamore,26.0,493167.93275035924,4876274.825189364,False,,,False
POS142291,oak,1.0,493060.0932196287,4876298.617290574,False,,,False
POS142292,oak,3.0,493060.2200011811,4876283.277632665,False,,,False
POS142294,oak,24.0,493060.8107142809,4876255.304572384,False,,,False
POS142295,oak,24.0,493060.1741331125,4876230.188185676,False,,,False
POS142298,oak,24.0,493045.8298511672,4876235.790011983,False,,,False
POS142299,oak,16.0,493047.21183723985,4876270.909596937,False,,,False
POS142300,oak,1.0,493047.0747075749,4876286.150343018,False,,,False
POS142301,sycamore,2.0,493046.86290576815,4876303.909948956,False,,,False
POS142323,maple,15.0,493223.24748912605,4876802.659856051,False,,,False
POS142411,oak,2.0,492940.4402113954,4876304.149232152,False,,,False
POS142412,sycamore,23.0,492940.2960301897,4876293.043437524,False,,,False
POS142413,sycamore,24.0,492940.0475331179,4876285.959171616,False,,,False
POS142414,oak,12.0,492940.4977441514,4876278.650948821,False,,,False
POS142415,oak,18.0,492939.82699770416,4876270.31123733,False,,,False
POS142417,oak,1.0,492926.92095761,4876218.679461108,False,,,False
POS142418,oak,1.0,492926.26047310286,4876229.307327633,False,,,False
POS142419,oak,1.0,492926.37817526626,4876236.867108121,False,,,False
POS142422,oak,18.0,492927.1006166893,4876270.205047633,False,,,False
POS142423,oak,25.0,492926.7295336155,4876287.528385794,False,,,False
POS142426,oak,2.0,493136.3174544372,4876558.724628115,False,,,False
POS142435,oak,14.0,493060.9392346816,4876482.666089826,False,,,False
POS142441,maple,4.0,493046.9297377876,4876521.322453654,False,,,False
POS142442,oak,11.0,493046.4937651637,4876530.274653993,False,,,False
POS142443,maple,6.0,493046.4885074845,4876541.776896293,False,,,False
POS142444,maple,15.0,493046.40033334226,4876550.401164053,False,,,False
POS142445,maple,10.0,493038.03599286283,4876558.609234502,False,,,False
POS142446,oak,12.0,493033.162528411,4876558.867106438,False,,,False
POS142460,oak,9.0,493765.2872899649,4876222.485207262,False,,,False
POS142461,oak,9.0,493765.8548529423,4876233.105521611,False,,,False
POS142462,oak,7.0,493764.79853871476,4876251.208636412,False,,,False
POS142463,green_ash,5.0,493765.1668534354,4876264.497497767,False,,,False
POS142465,oak,11.0,493290.63954987435,4876501.142073678,False,,,False
POS142474,maple,10.0,493304.2263947849,4876509.999257357,False,,,False
POS142480,oregon_ash,12.0,492951.9016825379,4876451.038425935,False,,,False
POS142481,oregon_ash,5.0,492957.4356462645,4876450.865166905,False,,,False
POS142495,sycamore,12.0,493141.8046737652,4876450.69792619,False,,,False
POS142497,oregon_ash,9.0,493190.0373217902,4876450.575126689,False,,,False
POS142498,oregon_ash,10.0,493201.03411512077,4876450.568104044,False,,,False
POS142499,oregon_ash,9.0,493211.10230638203,4876450.3556621885,False,,,False
POS142502,oregon_ash,6.0,493243.803406336,4876450.919984206,False,,,False
POS142505,oak,19.0,493282.2453288207,4876450.233689843,False,,,False
POS142516,maple,4.0,493326.8760472339,4876436.7780476725,False,,,False
POS142519,green_ash,21.0,493303.9578976346,4876413.940395945,False,,,False
POS142532,green_ash,8.0,493289.9097222498,4876403.012770032,False,,,False
POS142545,pine,9.0,493181.9600835367,4876424.152054657,False,,,False
POS142547,pine,7.0,493182.1890159246,4876401.435691844,False,,,False
POS142548,pine,8.0,493181.85876674636,4876391.565290466,False,,,False
POS142554,green_ash,12.0,493168.575576457,4876343.685499859,False,,,False
POS142555,green_ash,8.0,493168.77862637024,4876356.082295127,False,,,False
POS142556,green_ash,7.0,493168.7202191984,4876363.561614745,False,,,False
POS142558,sycamore,11.0,493168.30558882066,4876389.270042761,False,,,False
POS142563,sycamore,8.0,493168.5530822009,4876423.724234811,False,,,False
POS142567,green_ash,10.0,493089.47712977906,4876436.966544379,False,,,False
POS142569,green_ash,7.0,493069.5323757885,4876436.459120359,False,,,False
POS142571,green_ash,13.0,493060.41587233724,4876420.870214102,False,,,False
POS142582,oak,23.0,493046.4718398856,4876361.074790509,False,,,False
POS142587,oak,21.0,493046.64428701036,4876410.465768856,False,,,False
POS142588,oak,21.0,493046.76387052,4876427.13722086,False,,,False
POS142596,maple,4.0,492941.01596103865,4876385.090061284,False,,,False
POS142597,maple,30.0,492940.0770252589,4876375.184793564,False,,,False
POS142598,maple,13.0,492939.62601071806,4876368.352194282,False,,,False
POS142601,oak,24.0,492926.10567126493,4876339.9920178,False,,,False
POS142602,oak,24.0,492925.48601364833,4876346.969871237,False,,,False
POS142603,oak,23.0,492925.2774074134,4876353.959891741,False,,,False
POS142604,oak,18.0,492925.4921226172,4876360.550931025,False,,,False
POS142605,oak,17.0,492925.25897327205,4876368.363347763,False,,,False
POS142606,oak,21.0,492926.4515519032,4876381.715605907,False,,,False
POS142607,oak,16.0,492926.5090457726,4876390.870642818,False,,,False
POS142608,oak,20.0,492926.730497556,4876398.965035244,False,,,False
POS142610,oregon_ash,12.0,492926.9968848131,4876422.8747221995,False,,,False
POS142621,maple,15.0,493000.02298465086,4876329.912038905,False,,,False
POS142624,maple,14.0,493037.32431204396,4876329.888107166,False,,,False
POS142626,oak,16.0,493109.1262309577,4876329.590163029,False,,,False
POS142634,oak,7.0,493472.233733289,4876206.430928653,False,,,False
POS142641,oak,7.0,493567.5366980038,4876214.392816293,False,,,False
POS142643,oak,6.0,493567.9893992058,4876231.867545455,False,,,False
POS142644,oak,8.0,493568.14588298043,4876241.689363011,False,,,False
POS142645,maple,12.0,493567.9794947935,4876269.861992707,False,,,False
POS142653,maple,16.0,493605.6552523396,4876205.090996386,False,,,False
POS142656,maple,6.0,493397.1736739087,4876804.798854869,False,,,False
POS142660,maple,14.0,493643.7169785079,4876220.364454753,False,,,False
POS142665,maple,18.0,493657.1660298517,4876255.655278247,False,,,False
POS142690,maple,14.0,493133.615431264,4876208.625415915,False,,,False
POS142691,maple,13.0,493140.09448111156,4876208.500765191,False,,,False
POS142693,green_ash,12.0,493190.1645570976,4876208.587908456,False,,,False
POS142694,green_ash,12.0,493197.8349823817,4876208.763723561,False,,,False
POS142714,green_ash,8.0,493765.5843520003,4876276.758290309,False,,,False
POS142715,green_ash,5.0,493765.3985717977,4876289.409691749,False,,,False
POS142716,green_ash,5.0,493765.3697856891,4876305.174287785,False,,,False
POS142717,maple,8.0,493779.08200365613,4876289.642574164,False,,,False
POS142718,maple,8.0,493779.55789063114,4876264.064274799,False,,,False
POS142719,oak,10.0,493778.922961195,4876246.791615717,False,,,False
POS142720,oak,8.0,493779.57055142475,4876234.733516453,False,,,False
POS142724,maple,5.0,493822.1212879597,4876206.097408448,False,,,False
POS142725,maple,7.0,493827.3012351727,4876205.964596999,False,,,False
POS142726,oak,18.0,493840.82174124755,4876205.792804792,False,,,False
POS142727,oak,27.0,493850.606930199,4876205.509929943,False,,,False
POS142728,oak,24.0,493862.961063619,4876205.878647655,False,,,False
POS142729,oak,26.0,493875.0363251179,4876205.951232396,False,,,False
POS142730,oak,22.0,493887.6391240264,4876217.254659375,False,,,False
POS142731,oak,19.0,493887.0688993204,4876226.727176371,False,,,False
POS142732,oak,28.0,493886.8330884189,4876244.261358542,False,,,False
POS142733,oak,26.0,493886.541553703,4876254.029402785,False,,,False
POS142734,oak,31.0,493886.2414307846,4876264.085200636,False,,,False
POS142740,maple,12.0,493846.4218516307,4876191.582134203,False,,,False
POS142741,maple,16.0,493840.0838111171,4876191.967991551,False,,,False
POS142742,green_ash,6.0,493825.4230634086,4876191.818142345,False,,,False
POS142743,green_ash,3.0,493818.2317332951,4876191.891022874,False,,,False
POS142744,green_ash,3.0,493809.31667742366,4876191.912457923,False,,,False
POS142745,maple,20.0,493799.25259828346,4876191.899799922,False,,,False
POS142770,maple,19.0,493791.7828868314,4876191.676862267,False,,,False
POS142771,maple,5.0,493741.18323406926,4876191.316932048,False,,,False
POS142772,maple,11.0,493731.32351200684,4876190.870359203,False,,,False
POS142773,maple,18.0,493704.314487624,4876191.22440616,False,,,False
POS142776,maple,2.0,493625.56766730687,4876191.892095607,False,,,False
POS142778,maple,20.0,493612.038590266,4876192.351049185,False,,,False
POS142780,maple,2.0,493560.1117900895,4876191.9006302925,False,,,False
POS142781,maple,2.0,493551.6046442014,4876192.361160078,False,,,False
POS142782,maple,2.0,493544.7506996417,4876192.3947128365,False,,,False
POS142817,green_ash,11.0,493567.33495564276,4876158.2352020275,False,,,False
POS142819,maple,24.0,493568.1368158961,4876179.53828981,False,,,False
POS142820,maple,24.0,493567.9395956462,4876186.146438607,False,,,False
POS142822,oak,11.0,493578.3047333207,4876154.911665432,False,,,False
POS142856,maple,10.0,493643.19901339774,4876158.484500801,False,,,False
POS142857,douglas_fir,12.0,493643.18269526534,4876160.498885425,False,,,False
POS142895,sycamore,12.0,492790.52412229485,4876210.211373194,False,,,False
POS142896,sycamore,11.0,492798.3894577648,4876210.400497945,False,,,False
POS142897,maple,8.0,493171.40773393214,4877210.525189285,False,,,False
POS142898,maple,4.0,493171.450230095,4877194.400924059,False,,,False
POS142911,maple,11.0,493137.2985036058,4876802.236269858,False,,,False
POS142912,maple,10.0,493129.954065395,4876802.322993895,False,,,False
POS142921,oak,2.0,493026.8892852226,4876802.248259035,False,,,False
POS142922,maple,37.0,493018.600724651,4876802.364811014,False,,,False
POS142925,maple,37.0,492989.2090850046,4876803.170317585,False,,,False
POS142926,douglas_fir,25.0,492976.36762110336,4876802.939988623,False,,,False
POS142927,douglas_fir,25.0,492968.87457308953,4876802.869375276,False,,,False
POS142928,douglas_fir,36.0,492958.9018385735,4876804.159308569,False,,,False
POS142929,douglas_fir,30.0,492947.77185599954,4876802.698413319,False,,,False
POS142933,oak,4.0,493160.4156881391,4876801.549429826,False,,,False
POS142934,oak,2.0,492941.7814765092,4876706.157045292,False,,,False
POS142935,maple,3.0,492927.8224494707,4876702.375445044,False,,,False
POS142936,sycamore,18.0,492949.4451619685,4876695.372977948,False,,,False
POS142937,sycamore,19.0,492956.7803810525,4876695.591886139,False,,,False
POS142941,maple,13.0,493013.84642364184,4876695.153464219,False,,,False
POS142942,maple,12.0,493017.675973614,4876694.961841251,False,,,False
POS142943,maple,12.0,493021.6495710897,4876695.080427716,False,,,False
POS142946,oak,5.0,493048.14213784755,4876704.283450973,False,,,False
POS142963,maple,16.0,493125.2296664552,4876694.502718482,False,,,False
POS142984,oak,51.0,493182.83992877934,4876760.002718133,False,,,False
POS142998,green_ash,7.0,493291.5381744712,4876762.665501368,False,,,False
POS143003,oak,18.0,493305.42347950675,4876793.924449757,False,,,False
POS143004,oak,24.0,493305.429052632,4876784.971911067,False,,,False
POS143008,oak,16.0,493304.90175827686,4876724.974325785,False,,,False
POS143011,oak,4.0,493323.5155941035,4876694.052864425,False,,,False
POS143013,oak,12.0,493439.5288762978,4877417.957688248,False,,,False
POS143015,maple,5.0,492953.6504482592,4876681.471896355,False,,,False
POS143109,maple,35.0,493657.2180003011,4876157.657256091,False,,,False
POS143133,maple,15.0,493764.9389757921,4876174.007193375,False,,,False
POS143382,oak,11.0,494010.505084603,4876279.1875637,False,,,False
POS143383,oak,5.0,494010.4593739429,4876297.8375562355,False,,,False
POS143384,maple,20.0,494028.8987763284,4876308.845967876,False,,,False
POS143385,maple,22.0,494028.397152128,4876296.073547537,False,,,False
POS143388,oak,17.0,494026.7116532419,4876229.135782425,False,,,False
POS143389,oak,16.0,494027.5788592364,4876220.491958521,False,,,False
POS143390,douglas_fir,28.0,494406.86284862674,4876302.259262418,False,,,False
POS143391,sycamore,5.0,494406.7100821484,4876290.246280482,False,,,False
POS143392,maple,13.0,494406.37922874733,4876241.37338351,False,,,False
POS143395,maple,20.0,494388.25347071106,4876204.316993552,False,,,False
POS143396,maple,8.0,494380.1663212621,4876204.419628892,False,,,False
POS143397,maple,12.0,494371.45954610966,4876204.368265666,False,,,False
POS143398,maple,11.0,494366.09120939515,4876204.463646375,False,,,False
POS143509,maple,10.0,494353.4172591734,4876204.302875913,False,,,False
POS143510,maple,21.0,494346.39509462035,4876204.541302073,False,,,False
POS143519,oak,31.0,494261.09774373594,4876305.877216714,False,,,False
POS143520,oak,17.0,494260.68293370726,4876295.470170468,False,,,False
POS143521,oak,25.0,494260.9712951672,4876285.80873679,False,,,False
POS143522,maple,18.0,494259.9796047767,4876229.936368546,False,,,False
POS143523,maple,26.0,494260.2607526182,4876220.516626598,False,,,False
POS143524,oak,3.0,494250.2678223131,4876203.997497199,False,,,False
POS143525,sycamore,11.0,494233.1880650855,4876204.237150706,False,,,False
POS143526,oak,2.0,494193.05802207766,4876204.247950121,False,,,False
POS143528,oak,1.0,494170.81589682144,4876204.30952674,False,,,False
POS143531,oak,1.0,494152.49954462785,4876283.417461869,False,,,False
POS143532,oak,1.0,494152.48172461765,4876292.1196364,False,,,False
POS143557,oak,3.0,494138.2820729997,4876306.200638549,False,,,False
POS143849,maple,22.0,494133.15463637706,4876205.21174527,False,,,False
POS143850,maple,25.0,494125.4990457612,4876205.289464678,False,,,False
POS143851,maple,17.0,494099.93926360854,4876205.13792114,False,,,False
POS143852,maple,17.0,494092.7403676213,4876204.613249972,False,,,False
POS143864,oak,1.0,494028.6916103848,4876169.01234423,False,,,False
POS143871,maple,16.0,494408.13928780623,4876154.685045067,False,,,False
POS143872,maple,24.0,494407.9033429373,4876162.5901836855,False,,,False
POS143874,maple,12.0,494380.43558109447,4876189.635341711,False,,,False
POS143875,maple,9.0,494375.44681472715,4876189.65844835,False,,,False
POS143877,douglas_fir,36.0,494301.8121644391,4876190.212683185,False,,,False
POS143878,maple,11.0,494290.6314607558,4876190.222987683,False,,,False
POS143994,maple,7.0,494061.5699644838,4876190.440061895,False,,,False
POS143995,maple,6.0,494065.90817160584,4876190.515338951,False,,,False
POS143996,oak,1.0,494116.89260310866,4876191.580017405,False,,,False
POS143997,oak,1.0,494125.1279900229,4876191.389198022,False,,,False
POS143998,oak,1.0,494136.79734376667,4876183.691500494,False,,,False
POS143999,maple,24.0,494138.39722004475,4876174.155011054,False,,,False
POS144014,maple,16.0,494152.36120101024,4876157.801190189,False,,,False
POS144015,maple,14.0,494152.3561247061,4876169.497353951,False,,,False
POS144017,maple,13.0,494151.94319652923,4876177.56941637,False,,,False
POS144018,maple,14.0,494152.0073424045,4876181.183258994,False,,,False
POS144019,maple,11.0,494152.06625022803,4876184.969251362,False,,,False
POS144020,maple,7.0,494158.099185565,4876190.309395757,False,,,False
POS144021,maple,9.0,494162.73409055104,4876190.619637205,False,,,False
POS144027,maple,5.0,494261.1857869461,4876161.680450205,False,,,False
POS144088,oak,20.0,493914.5989457328,4876329.576928775,False,,,False
POS144089,maple,8.0,493971.6595942603,4876329.917206442,False,,,False
POS144090,maple,18.0,493978.8607713114,4876329.779020094,False,,,False
POS144091,pine,6.0,494406.75310332427,4876365.850517563,False,,,False
POS144092,oak,4.0,494406.66944564687,4876357.650233627,False,,,False
POS144094,maple,19.0,494392.08579216705,4876312.727595229,False,,,False
POS144095,maple,14.0,494374.172440217,4876312.735055467,False,,,False
POS144096,sycamore,8.0,494364.4929768605,4876312.558257328,False,,,False
POS144098,maple,15.0,494324.2310114999,4876312.529805691,False,,,False
POS144099,sycamore,11.0,494279.4474132844,4876312.343001306,False,,,False
POS144100,oak,32.0,494223.3885590539,4876312.8149089515,False,,,False
POS144101,oak,20.0,494212.5652330266,4876312.759479449,False,,,False
POS144106,oak,4.0,494406.9391903895,4876375.413606115,False,,,False
POS144108,oak,4.0,494406.98150965635,4876410.050879258,False,,,False
POS144109,pine,6.0,494406.9977800929,4876418.595762951,False,,,False
POS144110,pine,5.0,494407.2080209118,4876436.03084545,False,,,False
POS144111,oak,3.0,494407.19377602177,4876453.78013816,False,,,False
POS144112,pine,8.0,494407.3096593247,4876444.375869531,False,,,False
POS144113,oak,4.0,494407.29373280203,4876468.993150432,False,,,False
POS144114,oak,4.0,494407.4309978546,4876478.235268321,False,,,False
POS144115,oak,4.0,494407.32910338184,4876487.840960683,False,,,False
POS144116,oak,5.0,494407.38182100415,4876497.362664453,False,,,False
POS144117,oak,5.0,494407.36665166816,4876507.195452632,False,,,False
POS144126,maple,5.0,494428.34011331346,4876519.916266539,False,,,False
POS144132,oak,1.0,494460.66139035433,4876447.338608855,False,,,False
POS144135,maple,16.0,494511.60544202395,4876446.699369591,False,,,False
POS144136,maple,17.0,494523.17166262254,4876447.251596638,False,,,False
POS144169,maple,14.0,494533.30386751227,4876447.347008129,False,,,False
POS144173,oregon_ash,25.0,493693.01295117027,4877199.6458693,False,,,False
POS145010,sycamore,4.0,493548.83627499617,4876815.828197351,False,,,False
POS145017,oak,2.0,493458.51573384623,4876815.368179341,False,,,False
POS145018,oak,2.0,493445.34266980016,4876815.727259749,False,,,False
POS145021,oak,17.0,493457.7699603376,4876802.55968716,False,,,False
POS145024,sycamore,11.0,493514.36787267943,4876802.55677787,False,,,False
POS145031,maple,30.0,493557.19305547746,4876694.429852646,False,,,False
POS145036,oregon_ash,25.0,493435.2448832863,4876694.144754685,False,,,False
POS145042,douglas_fir,16.0,493507.89562478225,4876679.201906871,False,,,False
POS145044,maple,18.0,493529.8871166372,4876679.482125835,False,,,False
POS145049,sycamore,13.0,493570.1778566818,4876592.135750915,False,,,False
POS145050,sycamore,14.0,493570.2557544248,4876605.820447875,False,,,False
POS145051,sycamore,6.0,493570.676253575,4876617.320793693,False,,,False
POS145066,oak,7.0,493901.5862305229,4876176.339156763,False,,,False
POS145074,oak,2.0,493935.54002876626,4876204.997616849,False,,,False
POS145075,oak,1.0,493927.16200703586,4876204.834270529,False,,,False
POS145077,oak,1.0,493909.48180701124,4876205.550434103,False,,,False
POS145335,sycamore,4.0,492917.73204477894,4876330.600398242,False,,,False
POS145336,maple,20.0,492909.26032702945,4876330.939494126,False,,,False
POS145338,maple,12.0,492844.14864373306,4876330.929113181,False,,,False
POS145341,maple,9.0,492821.15130603785,4876375.477789599,False,,,False
POS145342,maple,8.0,492821.04156823066,4876383.715603991,False,,,False
POS145343,maple,12.0,492821.41476413165,4876392.438747019,False,,,False
POS145344,maple,8.0,492821.26156318595,4876401.023776218,False,,,False
POS145345,maple,11.0,492821.19120188773,4876408.830150069,False,,,False
POS145351,sycamore,9.0,492770.6938475013,4876331.552689359,False,,,False
POS145352,oregon_ash,5.0,492775.9990484139,4876331.505305616,False,,,False
POS145354,oregon_ash,5.0,492777.4702899884,4876331.549212002,False,,,False
POS145355,oregon_ash,6.0,492778.3454309406,4876331.374621839,False,,,False
POS145357,sycamore,11.0,492793.9987313487,4876331.6410578685,False,,,False
POS145450,maple,8.0,492676.03684087517,4876194.8475043755,False,,,False
POS145451,maple,15.0,492686.48074217443,4876176.278608544,False,,,False
POS145452,maple,16.0,492686.91123172233,4876161.3809243655,False,,,False
POS145476,pine,13.0,492740.29271153716,4876193.809183563,False,,,False
POS145477,pine,12.0,492738.94604552706,4876196.148779614,False,,,False
POS145493,maple,11.0,492685.6509933895,4876420.919187152,False,,,False
POS145533,maple,1.0,492685.88846071856,4876229.665431482,False,,,False
POS145534,maple,1.0,492685.69735757954,4876218.727640375,False,,,False
POS145535,oak,4.0,492675.23697046493,4876211.4129236555,False,,,False
POS145536,maple,17.0,492663.3477463654,4876211.402927606,False,,,False
POS145547,green_ash,16.0,492807.01073482697,4876271.298633372,False,,,False
POS145552,pine,2.0,492772.7800975329,4876210.46586404,False,,,False
POS145553,pine,5.0,492764.68792113784,4876210.787188516,False,,,False
POS145560,maple,1.0,492700.4359750817,4876219.994512864,False,,,False
POS145564,maple,8.0,492821.6710937577,4876270.509801786,False,,,False
POS145567,maple,4.0,492821.63712348073,4876229.228225903,False,,,False
POS145568,maple,8.0,492821.63539523736,4876220.134651691,False,,,False
POS146897,sycamore,9.0,494655.51251262083,4876189.153233204,False,,,False
POS146898,sycamore,6.0,494648.69141991274,4876189.620663677,False,,,False
POS146899,sycamore,6.0,494640.0887665512,4876190.16172348,False,,,False
POS146902,oregon_ash,3.0,494601.81516101776,4876190.454901682,False,,,False
POS146903,oregon_ash,3.0,494590.7326939139,4876190.239622148,False,,,False
POS147487,maple,10.0,494540.8748299615,4876154.98559733,False,,,False
POS147489,oak,10.0,494542.00217928883,4876173.496801227,False,,,False
POS147776,sycamore,9.0,494426.10757554416,4876180.221132271,False,,,False
POS147790,oak,6.0,494557.6154769685,4876180.397345049,False,,,False
POS147923,oak,7.0,494440.35237046395,4876678.21743584,False,,,False
POS147924,sycamore,11.0,494451.691617101,4876678.50027692,False,,,False
POS147925,oak,11.0,494464.13983681344,4876678.175495992,False,,,False
POS147926,oak,13.0,494471.6600124468,4876678.211744957,False,,,False
POS147927,oak,32.0,494507.1513809868,4876676.638570953,False,,,False
POS147928,oak,4.0,494571.0651492826,4876678.00290374,False,,,False
POS148004,oak,14.0,494418.3239339285,4876736.666973167,False,,,False
POS148005,oak,16.0,494417.30992077955,4876748.935927259,False,,,False
POS148006,oak,16.0,494416.9052769971,4876762.493212052,False,,,False
POS148007,oak,15.0,494416.7557137824,4876776.60092824,False,,,False
POS148008,oak,15.0,494417.12391453155,4876791.538025287,False,,,False
POS148009,oak,19.0,494418.62954773364,4876832.019835694,False,,,False
POS148010,oak,19.0,494418.49597185384,4876845.585208317,False,,,False
POS148012,oak,21.0,494417.9417563313,4876873.250502602,False,,,False
POS148015,oak,21.0,494470.746826408,4876922.590786407,False,,,False
POS148016,oak,20.0,494478.6181828438,4876922.554214264,False,,,False
POS148017,oak,27.0,494492.46666365035,4876922.289028497,False,,,False
POS148018,oak,12.0,494499.93136267207,4876922.24051922,False,,,False
POS148019,oak,14.0,494506.1798544443,4876922.020005179,False,,,False
POS148020,oak,24.0,494511.75437419134,4876921.643670507,False,,,False
POS148036,maple,3.0,494408.2278918981,4876882.730403389,False,,,False
POS148688,sycamore,17.0,494647.0283242637,4876432.953370943,False,,,False
POS148694,sycamore,6.0,494574.6744896166,4876433.379381781,False,,,False
POS148695,sycamore,16.0,494567.6543743101,4876432.962942533,False,,,False
POS148698,oak,19.0,494557.8159934232,4876393.679633014,False,,,False
POS148704,oak,1.0,494558.2864866799,4876361.250941709,False,,,False
POS148718,maple,1.0,494592.6875006512,4876203.881548938,False,,,False
POS148723,oak,21.0,494559.10708311154,4876241.176913368,False,,,False
POS148724,sycamore,15.0,494542.17363717663,4876212.541801065,False,,,False
POS148725,sycamore,13.0,494542.0733401681,4876222.837671511,False,,,False
POS148726,maple,24.0,494542.10595851904,4876242.53134046,False,,,False
POS148737,pine,14.0,494542.2730020482,4876361.673913347,False,,,False
POS148738,oak,1.0,494542.8805160995,4876375.964045311,False,,,False
POS148739,pine,1.0,494542.6708092423,4876382.990031965,False,,,False
POS148740,oak,1.0,494542.31063940394,4876392.842426469,False,,,False
POS148741,oak,1.0,494541.9154293887,4876401.376028888,False,,,False
POS148742,pine,2.0,494542.25454896805,4876417.726220744,False,,,False
POS148743,oak,1.0,494542.43565553287,4876424.363557471,False,,,False
POS148745,oregon_ash,10.0,494529.1736979224,4876433.262347751,False,,,False
POS148756,green_ash,10.0,494428.0929594317,4876403.45994095,False,,,False
POS148758,maple,4.0,494428.0929677633,4876389.6018572,False,,,False
POS148762,maple,8.0,494427.83990059484,4876356.500546206,False,,,False
POS148763,maple,4.0,494427.2599274999,4876348.20974589,False,,,False
POS148764,maple,5.0,494427.679355334,4876334.157171472,False,,,False
POS148767,sycamore,12.0,494427.6574855489,4876286.377540108,False,,,False
POS148768,maple,8.0,494427.694602538,4876271.279516323,False,,,False
POS148770,maple,10.0,494426.69819190784,4876225.406558972,False,,,False
POS148772,maple,8.0,494426.5269316146,4876214.241052831,False,,,False
POS148777,maple,6.0,494493.8294382642,4876203.756398428,False,,,False
POS148779,maple,3.0,494509.23741139605,4876203.802369291,False,,,False
POS148780,maple,4.0,494516.37307367293,4876203.80874202,False,,,False
POS148815,sycamore,14.0,494567.74455854023,4876447.179729111,False,,,False
POS148817,sycamore,11.0,494583.44552142965,4876446.931236885,False,,,False
POS148818,sycamore,17.0,494605.52284476033,4876447.180674062,False,,,False
POS148819,sycamore,3.0,494614.7309470903,4876447.409111008,False,,,False
POS148820,sycamore,4.0,494625.30606185383,4876447.400840416,False,,,False
POS148821,sycamore,4.0,494634.7665426175,4876447.32539984,False,,,False
POS148822,sycamore,5.0,494644.5026053476,4876447.2508846745,False,,,False
POS148823,sycamore,5.0,494653.47018055595,4876447.433041973,False,,,False
POS150951,dogwood,5.0,492961.78852881456,4878146.580301209,False,,,False
POS150952,sycamore,21.0,492948.5480701878,4878119.45603941,False,,,False
POS150953,oak,21.0,492948.43101475254,4878107.896989217,False,,,False
POS150955,oak,17.0,492948.2798946178,4878063.762113379,False,,,False
POS151108,maple,3.0,493412.5269596268,4876305.107348709,False,,,False
POS152118,maple,14.0,494274.91553449596,4876247.888674659,False,,,False
POS152120,maple,3.0,494406.62547035376,4876263.750522134,False,,,False
POS152124,oak,1.0,494028.5824548607,4876249.211625921,False,,,False
POS152128,oak,1.0,494010.541132964,4876254.069553699,False,,,False
POS152129,douglas_fir,3.0,494010.46056865214,4876267.668529057,False,,,False
POS152163,sycamore,4.0,494153.21591024316,4876254.125109434,False,,,False
POS152164,sycamore,3.0,494153.06634848274,4876247.559813984,False,,,False
POS152166,oak,3.0,494160.9294187835,4876203.938547902,False,,,False
POS152175,maple,22.0,494259.6235366049,4876237.316202197,False,,,False
POS152184,oak,7.0,493568.6009547527,4876412.673655864,False,,,False
POS152185,oak,5.0,493567.8130107094,4876426.0136065865,False,,,False
POS152189,maple,17.0,493568.4632641379,4876347.048447597,False,,,False
POS152190,maple,25.0,493568.6256484265,4876341.500298943,False,,,False
POS152192,oak,31.0,493446.40429169004,4876328.876606945,False,,,False
POS152193,oak,24.0,493459.35788787925,4876328.851788763,False,,,False
POS152194,oak,35.0,493487.8534202391,4876328.746897408,False,,,False
POS152199,oak,7.0,493554.6745195814,4876313.904672347,False,,,False
POS152200,oak,5.0,493544.7867532992,4876313.891882467,False,,,False
POS152210,oak,22.0,493453.2684083621,4877417.412006805,False,,,False
POS152211,oak,30.0,493470.0123368159,4877415.737151072,False,,,False
POS152321,oak,33.0,493484.1867531668,4877414.83393754,False,,,False
POS152606,maple,4.0,494260.41008637723,4876212.554701943,False,,,False
POS152608,sycamore,3.0,494152.6332825224,4876303.325653954,False,,,False
POS152613,maple,5.0,493413.3898208114,4876721.742467317,False,,,False
POS152615,maple,4.0,493426.8499267926,4876420.449944327,False,,,False
POS153098,sycamore,22.0,492934.20220437506,4878133.664744585,False,,,False
POS153099,sycamore,23.0,492934.642122171,4878123.468123515,False,,,False
POS153100,maple,5.0,492837.9200949023,4877290.992343294,False,,,False
POS153101,maple,4.0,492900.6497111286,4877305.433204855,False,,,False
POS155075,maple,15.0,493056.0330658164,4878063.328812781,False,,,False
POS155076,maple,15.0,493055.359103311,4878073.530416126,False,,,False
POS155077,maple,13.0,493056.31056860316,4878082.918500903,False,,,False
POS155078,oak,19.0,493055.9600560134,4878098.795231779,False,,,False
POS155079,oak,16.0,493055.7691116924,4878105.193431233,False,,,False
POS155080,oak,15.0,493056.07023836847,4878111.606515691,False,,,False
POS155081,oak,24.0,493056.17508816137,4878128.728172997,False,,,False
POS155082,oak,15.0,493055.74711139506,4878138.937215774,False,,,False
POS155520,pine,16.0,492915.5870121557,4878038.421098436,False,,,False
POS155524,oak,23.0,492827.1840994874,4878099.545266978,False,,,False
POS155525,maple,10.0,492826.7648643177,4878109.401260919,False,,,False
POS155526,oak,21.0,492826.7762755761,4878117.396348483,False,,,False
POS159489,oak,17.0,494428.9120660443,4878144.337293164,False,,,False
POS159490,oak,25.0,494434.967559006,4878142.222859857,False,,,False
POS160400,oak,2.0,494576.90465063765,4878078.795257179,False,,,False
POS160522,oak,2.0,494563.89725528366,4878092.161563764,False,,,False
POS160523,oak,2.0,494570.294883257,4878085.771111915,False,,,False
POS160693,oak,23.0,493776.69123384845,4877216.3653378775,False,,,False
POS160699,sycamore,31.0,493837.08025649656,4877191.307786774,False,,,False
POS160913,oak,25.0,493801.2350865945,4877192.962090305,False,,,False
POS160914,oak,7.0,493770.5713567161,4877192.464683212,False,,,False
