tree_id,species,dbh_in,x,y,risk_score,dispersal_score,susceptibility,environmental_match,stress_amplification
POS55109,sycamore,31.0,493713.91228596,4877187.843102798,0.0863228764116717,0.4147677704921056,0.9,0.2312482163459353,1.0
POS144174,sycamore,9.0,493692.1490922246,4877152.987843849,0.08045337168143368,0.7106333070503931,0.9,0.1257929150163713,1.0
POS144175,sycamore,11.0,493692.9526839244,4877142.373874325,0.075263310766469,0.6357080665466212,0.9,0.1315476478156335,1.0
POS144176,sycamore,13.0,493691.9806467087,4877133.427567747,0.07139349596555945,0.5601860879227739,0.9,0.1416067059475692,1.0
POS144177,sycamore,12.0,493691.89642396505,4877123.647429347,0.04791265485123151,0.467562130674573,0.9,0.11385927061977544,1.0
POS99658,maple,9.0,493628.20509842027,4877186.645308586,0.04364484552009038,0.5221738909894577,0.7,0.11940424519554088,1.0
POS144178,maple,11.0,493691.81220421474,4877113.867190803,0.04306497992101265,0.3846268276092549,0.7,0.15995088088254977,1.0
POS144170,oak,29.0,493655.66683945287,4877184.617010733,0.04248346075295102,0.5523498836014914,0.5,0.15382807895584505,1.0
POS144172,oak,16.0,493680.27803223656,4877185.324733071,0.03902430282784561,0.5845520286620313,0.5,0.13351866357274478,1.0
POS144171,oak,5.0,493665.9995779063,4877184.925392048,0.03712850264465536,0.5691882892701523,0.5,0.13046123170335697,1.0
POS4741,oak,27.0,493643.074131269,4877184.429087029,0.03515278175069228,0.5807963100158589,0.5,0.12105029300111228,1.0
POS144180,maple,7.0,493692.77110114676,4877094.340258553,0.02908331630308943,0.2543632490360954,0.7,0.16333961323478527,1.0
POS144179,maple,8.0,493692.4907522354,4877103.733704443,0.02757730556407046,0.31058220393793395,0.7,0.12684613060987804,1.0
POS4740,oak,27.0,493611.30803264107,4877184.045346812,0.026296764364246876,0.4382270553102864,0.5,0.1200143352428456,1.0
POS144181,maple,9.0,493692.82445354987,4877086.256581569,0.024463762633647437,0.2139605429550471,0.7,0.16333961323478527,1.0
POS75224,maple,19.0,493706.6874968143,4877245.996803719,0.024297000341885314,0.19003284512430302,0.7,0.1826526381042357,1.0
POS4739,oak,27.0,493598.87584772345,4877185.1200568825,0.021436796111090815,0.3503606253129223,0.5,0.12236989297495791,1.0
POS75225,oak,16.0,493705.94574257085,4877253.030998228,0.018227909506335772,0.16956752685653834,0.5,0.2149929275285992,1.0
POS75226,oak,16.0,493705.42705273395,4877260.696570564,0.017002495339083056,0.14932892092073996,0.5,0.22771871964584212,1.0
POS144183,maple,7.0,493693.4663540356,4877071.044931478,0.016271698330303987,0.1538161875574247,0.7,0.1511237776604459,1.0
POS144182,maple,8.0,493693.04872973,4877078.741924474,0.015489733106196545,0.18187819024630175,0.7,0.1216648907807092,1.0
POS140618,maple,8.0,493539.9380818851,4877167.32123698,0.014274875339032106,0.11076770643861783,0.7,0.18410310831037022,1.0
POS160914,oak,7.0,493770.5713567161,4877192.464683212,0.012740052057492254,0.16759889093386454,0.5,0.15203026686518528,1.0
POS160913,oak,25.0,493801.2350865945,4877192.962090305,0.011018489594407507,0.10003710680074888,0.5,0.22028805004034807,1.0
POS140619,maple,8.0,493530.4052567285,4877167.03673201,0.010280613143790493,0.08979587798786272,0.7,0.16355528265339872,1.0
POS140568,maple,29.0,493585.39846750145,4877238.753610111,0.0097680245731897,0.14256128264677503,0.7,0.0978829634510033,1.0
POS94365,sycamore,42.0,493858.4056593253,4877190.339501539,0.007508381531848946,0.03752155972418105,0.9,0.22234273329320975,1.0
POS160699,sycamore,31.0,493837.08025649656,4877191.307786774,0.007052667425122744,0.05428200379686057,0.9,0.14436270938617204,1.0
POS160693,oak,23.0,493776.69123384845,4877216.3653378775,0.006469381363195749,0.13012463829543122,0.5,0.09943361146576796,1.0
POS140851,maple,11.0,493691.8152133487,4877040.844246145,0.006388306597605123,0.07975154962446017,0.7,0.11443228783975881,1.0
POS140569,maple,40.0,493585.345451414,4877252.17056986,0.005935805224818259,0.11650700507841996,0.7,0.0727829347602982,1.0
POS94360,oak,42.0,493779.9786705602,4877238.271371525,0.005738221459037382,0.10174891690856333,0.5,0.1127917944167216,1.0
POS39455,oak,31.0,493772.95418747136,4877265.99024249,0.005734296011184974,0.08081272796637479,0.5,0.14191566490790772,1.0
POS140850,maple,10.0,493692.2212980704,4877033.899133199,0.005252214376773528,0.06843893320946325,0.7,0.10963296830514113,1.0
POS39449,oak,38.0,493662.30026338395,4877346.19999279,0.004381538796917064,0.03335384924564851,0.5,0.26273062306226613,1.0
POS39457,oak,19.0,493829.50203581015,4877226.874492523,0.003864379271816258,0.05315437884102849,0.5,0.14540210443898344,1.0
POS94363,oak,32.0,493827.8705020076,4877207.221951932,0.0037200377017450803,0.060437371879570774,0.5,0.12310388708356589,1.0
POS140843,sycamore,9.0,493693.06008757575,4876963.618709775,0.00359146417238682,0.014516026796193153,0.9,0.27490413204135067,1.0
POS94364,oak,34.0,493843.21305107314,4877198.485254225,0.003438275135025401,0.047990321374611226,0.5,0.14329035674449075,1.0
POS94571,maple,40.0,493856.7661417445,4877232.758070639,0.003359000103677147,0.03310319019843752,0.7,0.14495797981755043,1.0
POS140848,maple,17.0,493692.00002367026,4877012.486812785,0.002963135805633912,0.042718389792320975,0.7,0.09909201099303885,1.0
POS94574,oak,15.0,493842.058739043,4877247.598923737,0.002773841027047634,0.037935118231536495,0.5,0.14624132763301445,1.0
POS39450,oak,33.0,493682.20191089815,4877334.020141197,0.002564518321250932,0.04218917239611888,0.5,0.12157234549056245,1.0
POS39458,oak,24.0,493848.9926308518,4877215.151993268,0.002537581916185293,0.04103991810633948,0.5,0.1236640828380849,1.0
POS140847,maple,6.0,493692.70118396374,4877004.494070541,0.002483648670288326,0.035805808091154516,0.7,0.09909201099303885,1.0
POS60585,oak,2.0,493692.6152241494,4876974.077984633,0.00186625609292703,0.018291746046351323,0.5,0.20405445037318287,1.0
POS39602,douglas_fir,1.0,494451.1816336564,4878078.553324981,0.0,0.0,0.0,0.17622167409862674,1.0
POS39604,maple,1.0,494461.68455607514,4878064.383957459,0.0,0.0,0.7,0.26644324608938613,1.0
POS39606,maple,1.0,494459.1310212392,4878049.013569859,0.0,0.0,0.7,0.20543394401509485,1.0
POS39610,douglas_fir,1.0,494434.246951881,4878076.859941575,0.0,0.0,0.0,0.19554767832310932,1.0
POS39611,oak,1.0,494431.8517506004,4878066.192725436,0.0,0.0,0.5,0.2772478777902633,1.0
POS39612,douglas_fir,1.0,494443.4380044592,4878063.308038643,0.0,0.0,0.0,0.29684995801951297,1.0
POS39613,oak,1.0,494446.063417117,4878038.124318046,0.0,0.0,0.5,0.19230710644887897,1.0
POS39614,douglas_fir,1.0,494446.05462235125,4878010.277792969,0.0,0.0,0.0,0.28290726848341957,1.0
POS39615,douglas_fir,1.0,494456.45422797254,4878003.868780246,0.0,0.0,0.0,0.2236007593090693,1.0
POS39616,pine,2.0,494437.4905978128,4878009.311461783,0.0,0.0,0.0,0.28290726848341957,1.0
POS39617,maple,2.0,494432.4556368977,4878017.8186525665,0.0,0.0,0.7,0.19369064723750792,1.0
POS39618,douglas_fir,1.0,494425.92321918695,4878011.550292408,0.0,0.0,0.0,0.28619758003164986,1.0
POS39619,pine,2.0,494422.6860611281,4878016.105617805,0.0,0.0,0.0,0.22139183965461018,1.0
POS39620,douglas_fir,1.0,494415.2560984827,4878013.945597168,0.0,0.0,0.0,0.2779827553073567,1.0
POS39621,maple,1.0,494411.36558990943,4878018.739830232,0.0,0.0,0.7,0.23555244652858676,1.0
POS39622,pine,1.0,494406.45768233726,4878014.329012871,0.0,0.0,0.0,0.3035736171706065,1.0
POS39623,douglas_fir,1.0,494401.51509446994,4878019.737964898,0.0,0.0,0.0,0.22520708376451903,1.0
POS39624,douglas_fir,1.0,494396.9254896047,4878017.662720068,0.0,0.0,0.0,0.22520708376451903,1.0
POS39625,oak,1.0,494425.9138148507,4878050.832227928,0.0,0.0,0.5,0.24758959214567494,1.0
POS39928,oak,6.0,494263.7896738544,4876325.08153368,0.0,0.0,0.5,0.19985488194394824,1.0
POS39929,oak,6.0,494270.084529232,4876325.268014055,0.0,0.0,0.5,0.21658280292399584,1.0
POS40071,maple,32.0,493377.48934474966,4877561.537761557,0.0,0.0,0.7,0.10285580094448886,1.0
POS40105,maple,3.0,494045.47831457976,4876191.608746226,0.0,0.0,0.7,0.32,1.0
POS40359,pine,1.0,494374.2700144817,4878003.612913877,0.0,0.0,0.0,0.24553410190168917,1.0
POS40360,pine,1.0,494369.9834909505,4877998.724127613,0.0,0.0,0.0,0.24553410190168917,1.0
POS40361,pine,1.0,494364.4584520571,4878002.334940814,0.0,0.0,0.0,0.26456716299594235,1.0
POS40362,oak,1.0,494349.57683608035,4878000.41352869,0.0,0.0,0.5,0.24227768754879597,1.0
POS40363,pine,2.0,494338.7685459638,4878005.015690698,0.0,0.0,0.0,0.25204248234394705,1.0
POS40364,pine,3.0,494333.0255654775,4877999.427014175,0.0,0.0,0.0,0.30316085637517487,1.0
POS40365,oak,1.0,494325.6032666374,4878006.100297964,0.0,0.0,0.5,0.2712242986038429,1.0
POS44556,oak,7.0,493643.80522019346,4876680.289819602,0.0,0.0,0.5,0.19177166159383247,1.0
POS49934,oak,36.0,494643.0246908115,4876977.151070629,0.0,0.0,0.5,0.22165793858488309,1.0
POS49935,oak,25.0,494619.09124248545,4876982.174175755,0.0,0.0,0.5,0.1961051979832596,1.0
POS50526,oak,9.0,493570.67738833115,4876789.4988251785,0.0,0.0,0.5,0.18087359257135233,1.0
POS50527,oak,8.0,493582.3438077936,4876794.222657592,0.0,0.0,0.5,0.2411674140552223,1.0
POS50529,sycamore,6.0,493582.8217192858,4876863.121259419,0.0,0.0,0.9,0.1469802508101058,1.0
POS50548,maple,31.0,493356.47084522364,4877981.8876160225,0.0,0.0,0.7,0.17649733887689256,1.0
POS52487,maple,1.0,492904.7859949009,4878023.383521204,0.0,0.0,0.7,0.13141529413503292,1.0
POS52953,oak,4.0,493183.250079394,4878135.437537746,0.0,0.0,0.5,0.26,1.0
POS52971,oak,8.0,493286.0129615714,4876576.098000493,0.0,0.0,0.5,0.15217854628071797,1.0
POS53209,pine,2.0,493517.78164028574,4878024.222606262,0.0,0.0,0.0,0.2851696285530468,1.0
POS53241,maple,12.0,493280.7284357482,4876920.710568979,0.0,0.0,0.7,0.21472767483883443,1.0
POS53242,maple,13.0,493270.29480484134,4876920.666294817,0.0,0.0,0.7,0.21908170416424963,1.0
POS53533,sycamore,15.0,492793.8382733032,4876316.781245766,0.0,0.0,0.9,0.23708730974938944,1.0
POS53535,sycamore,18.0,492776.1488280087,4876316.544048031,0.0,0.0,0.9,0.2416236584107074,1.0
POS53554,maple,1.0,493199.6810129017,4878096.6199860275,0.0,0.0,0.7,0.0551667645373846,1.0
POS53603,oak,5.0,493334.0018968241,4876802.310109348,0.0,0.0,0.5,0.12856674719034622,1.0
POS53620,maple,5.0,492833.8596583198,4876331.060572037,0.0,0.0,0.7,0.23564631024122581,1.0
POS53621,sycamore,13.0,492782.06916714454,4876316.90493575,0.0,0.0,0.9,0.24082347051320147,1.0
POS53736,oak,13.0,492810.9464650376,4878017.681663891,0.0,0.0,0.5,0.11902096901317623,1.0
POS53737,oak,21.0,492811.04624842043,4878014.338037509,0.0,0.0,0.5,0.1880983150090745,1.0
POS53738,oak,18.0,492811.3231125207,4877999.454435899,0.0,0.0,0.5,0.2069118293213178,1.0
POS53739,oak,19.0,492811.08868313633,4877996.100835497,0.0,0.0,0.5,0.2069118293213178,1.0
POS53740,oak,19.0,492826.37175136764,4878016.635951989,0.0,0.0,0.5,0.17089080223689376,1.0
POS53741,oak,15.0,492826.20676643983,4878010.9419511985,0.0,0.0,0.5,0.183420573415066,1.0
POS54000,oregon_ash,17.0,492813.0501788787,4878117.020123443,0.0,0.0,0.0,0.23,1.0
POS54001,douglas_fir,22.0,492812.1737727569,4878137.41689935,0.0,0.0,0.0,0.23,1.0
POS54221,oak,18.0,492810.9458255393,4878010.897233529,0.0,0.0,0.5,0.1880983150090745,1.0
POS54346,maple,4.0,493079.01589918014,4878146.859759706,0.0,0.0,0.7,0.26,1.0
POS54347,maple,4.0,493069.24731819576,4878138.625886597,0.0,0.0,0.7,0.23,1.0
POS54348,maple,6.0,493087.98608644004,4878147.127461544,0.0,0.0,0.7,0.26,1.0
POS54349,maple,5.0,493096.1092638958,4878146.851769856,0.0,0.0,0.7,0.26,1.0
POS54350,maple,7.0,493102.29876712215,4878146.998785408,0.0,0.0,0.7,0.26,1.0
POS54351,dogwood,8.0,493107.8776312705,4878146.513158492,0.0,0.0,0.9,0.26,1.0
POS54352,dogwood,6.0,493130.233865546,4878146.7696362045,0.0,0.0,0.9,0.26,1.0
POS54801,oak,7.0,493275.9059732038,4876693.734127449,0.0,0.0,0.5,0.21754099754272097,1.0
POS54843,maple,23.0,492807.8522618156,4876174.355206257,0.0,0.0,0.7,0.20329419664256607,1.0
POS54844,maple,5.0,494273.69662922027,4876284.921301017,0.0,0.0,0.7,0.1786087484914633,1.0
POS55050,oak,19.0,493388.31560556364,4878040.823101478,0.0,0.0,0.5,0.13506815610942977,1.0
POS55053,maple,18.0,493384.2770915354,4878032.787429392,0.0,0.0,0.7,0.09057668376661235,1.0
POS55054,oak,24.0,493382.66917289025,4878043.649780762,0.0,0.0,0.5,0.14097586635656087,1.0
POS55055,oak,22.0,493377.0163770029,4878046.689676819,0.0,0.0,0.5,0.10286190749449448,1.0
POS55056,maple,13.0,493369.22650987376,4878028.234128762,0.0,0.0,0.7,0.061838498834754174,1.0
POS55057,maple,12.0,493371.62970730744,4878021.514939409,0.0,0.0,0.7,0.08634865685782932,1.0
POS55058,maple,23.0,493376.5531668762,4878010.282722627,0.0,0.0,0.7,0.21908251293943665,1.0
POS55059,maple,21.0,493420.2939301146,4877909.908761389,0.0,0.0,0.7,0.07979952841865035,1.0
POS55097,maple,21.0,493776.7652901975,4877728.249518837,0.0,0.0,0.7,0.0705317378696582,1.0
POS55120,douglas_fir,20.0,493967.46572415996,4877737.357276854,0.0,0.0,0.0,0.059766000524336095,1.0
POS55129,oregon_ash,7.0,494062.7697826223,4877770.828976821,0.0,0.0,0.0,0.1277726946851963,1.0
POS55130,oregon_ash,7.0,494062.82389357314,4877775.656944405,0.0,0.0,0.0,0.20669856749560475,1.0
POS55131,maple,10.0,494062.5598237559,4877780.078502983,0.0,0.0,0.7,0.20669856749560475,1.0
POS55132,oregon_ash,8.0,494062.67613265297,4877785.040630997,0.0,0.0,0.0,0.09773644936572252,1.0
POS55137,oregon_ash,8.0,494058.03021207725,4877785.561864998,0.0,0.0,0.0,0.09773644936572252,1.0
POS55280,maple,3.0,493047.05400562956,4876516.605598241,0.0,0.0,0.7,0.2363143823331862,1.0
POS55763,pine,3.0,493527.1428413764,4877997.074135091,0.0,0.0,0.0,0.3078171416392226,1.0
POS55765,pine,3.0,493525.5809817033,4878011.023857237,0.0,0.0,0.0,0.26858848837568533,1.0
POS55766,pine,3.0,493516.78351597366,4878038.205252477,0.0,0.0,0.0,0.35645204062751323,1.0
POS55767,pine,3.0,493508.22406142723,4878052.542951565,0.0,0.0,0.0,0.3106370790537009,1.0
POS55768,pine,4.0,493505.3562104498,4878068.3574541025,0.0,0.0,0.0,0.2602703901962651,1.0
POS55819,maple,4.0,492661.239106745,4876803.388112852,0.0,0.0,0.7,0.12561568620664545,1.0
POS55857,maple,5.0,493584.0054220705,4876959.728446186,0.0,0.0,0.7,0.13531558868679322,1.0
POS55858,maple,5.0,493584.01619036257,4876951.000773927,0.0,0.0,0.7,0.12474455207398652,1.0
POS55947,oak,2.0,492798.0745321805,4876572.721610297,0.0,0.0,0.5,0.1638451096204076,1.0
POS55950,oak,3.0,493068.4548141917,4876680.92163355,0.0,0.0,0.5,0.15306328686652276,1.0
POS55958,oak,1.0,492791.53000726923,4876803.285632029,0.0,0.0,0.5,0.13860726296174486,1.0
POS56012,maple,4.0,493379.61127667874,4876795.2557073785,0.0,0.0,0.7,0.13448544726501818,1.0
POS56163,maple,2.0,492913.7623620448,4876694.566718463,0.0,0.0,0.7,0.1333510924902518,1.0
POS56164,oak,1.0,492860.18047535204,4876694.438782178,0.0,0.0,0.5,0.10519228109719037,1.0
POS56238,oak,5.0,494562.1038423996,4876677.878937533,0.0,0.0,0.5,0.1312977600703587,1.0
POS56240,oak,4.0,494556.2268915872,4876677.736527449,0.0,0.0,0.5,0.11381632227859564,1.0
POS56427,oregon_ash,1.0,494000.3977795594,4877742.945805432,0.0,0.0,0.0,0.03723720493123315,1.0
POS56429,maple,1.0,493979.5175652177,4877742.190314858,0.0,0.0,0.7,0.06645804429655754,1.0
POS56465,maple,1.0,493972.90864255675,4877741.993066596,0.0,0.0,0.7,0.059766000524336095,1.0
POS56567,maple,3.0,493501.3597477204,4878142.47847189,0.0,0.0,0.7,0.38,1.0
POS56570,oak,29.0,493527.4395151122,4878147.328236298,0.0,0.0,0.5,0.38,1.0
POS56646,maple,27.0,493400.77063440194,4878138.518420036,0.0,0.0,0.7,0.2,1.0
POS56647,maple,29.0,493403.7346391692,4878103.40129355,0.0,0.0,0.7,0.1159013378717515,1.0
POS56648,maple,30.0,493400.96668810176,4878091.823031024,0.0,0.0,0.7,0.12828799152308454,1.0
POS56680,maple,27.0,493410.62893297145,4878060.977131014,0.0,0.0,0.7,0.12257224644533643,1.0
POS56685,oak,36.0,493534.9925585284,4878070.795786742,0.0,0.0,0.5,0.23523092449456234,1.0
POS56721,oak,34.0,493553.2454922731,4878020.927076682,0.0,0.0,0.5,0.24609002779897096,1.0
POS56753,oak,37.0,493480.44326196634,4878012.766838147,0.0,0.0,0.5,0.25085531930697125,1.0
POS56754,oak,30.0,493483.8325202948,4878019.573897237,0.0,0.0,0.5,0.2538354417834849,1.0
POS56755,maple,32.0,493503.03005238815,4877966.14085758,0.0,0.0,0.7,0.26137598587688227,1.0
POS56757,maple,25.0,493491.12850235426,4877967.701620971,0.0,0.0,0.7,0.2926191497566494,1.0
POS56804,maple,23.0,493457.0502818127,4877913.87612308,0.0,0.0,0.7,0.10947214603530227,1.0
POS56813,douglas_fir,24.0,493446.7359375213,4877890.337368817,0.0,0.0,0.0,0.11659797875781706,1.0
POS56814,douglas_fir,22.0,493556.34314725857,4877953.242614925,0.0,0.0,0.0,0.2664812722009904,1.0
POS56815,douglas_fir,22.0,493547.8200842687,4877953.946176708,0.0,0.0,0.0,0.2664812722009904,1.0
POS56816,douglas_fir,22.0,493543.85061471444,4877962.569282011,0.0,0.0,0.0,0.2873107181355734,1.0
POS56847,maple,32.0,493413.899701122,4878012.10982562,0.0,0.0,0.7,0.08441135483491903,1.0
POS56857,douglas_fir,23.0,493455.8441650086,4877897.302308815,0.0,0.0,0.0,0.10863991636788817,1.0
POS56858,pine,24.0,493464.1561687489,4877902.548232864,0.0,0.0,0.0,0.10351411332028648,1.0
POS56945,dogwood,4.0,492825.25663711695,4877943.392787831,0.0,0.0,0.9,0.13998060396535933,1.0
POS57159,maple,5.0,493168.7854381404,4876217.091092771,0.0,0.0,0.7,0.14730615152920506,1.0
POS57160,maple,7.0,493168.6082630971,4876223.366227817,0.0,0.0,0.7,0.14730615152920506,1.0
POS57171,maple,8.0,493169.3390413602,4876235.002048707,0.0,0.0,0.7,0.16565746271583556,1.0
POS57370,maple,20.0,492727.3487252409,4877902.971065812,0.0,0.0,0.7,0.18731793704880492,1.0
POS57375,douglas_fir,18.0,493563.3832471822,4876332.832440539,0.0,0.0,0.0,0.12151207479053391,1.0
POS57377,maple,36.0,493582.7719628791,4876188.872592015,0.0,0.0,0.7,0.26,1.0
POS57462,maple,7.0,492950.0943372738,4877870.99243796,0.0,0.0,0.7,0.2288136347364899,1.0
POS57463,maple,7.0,492950.1560692145,4877855.690998245,0.0,0.0,0.7,0.1694281034688695,1.0
POS57745,oak,4.0,492989.209450343,4876816.7795919,0.0,0.0,0.5,0.17313436333826834,1.0
POS57750,oak,5.0,492969.4684221721,4876816.550263078,0.0,0.0,0.5,0.13274747264444303,1.0
POS57763,oak,5.0,492760.52046792855,4876816.73590434,0.0,0.0,0.5,0.10479931150633456,1.0
POS57800,oak,2.0,493498.2969461459,4876693.36063199,0.0,0.0,0.5,0.23501924780874703,1.0
POS57801,oak,2.0,493484.9368460092,4876694.226546616,0.0,0.0,0.5,0.1996829966999891,1.0
POS57817,maple,5.0,492797.338690198,4876816.807335588,0.0,0.0,0.7,0.14903382615989885,1.0
POS57819,maple,6.0,492807.9543661018,4876825.851136913,0.0,0.0,0.7,0.26537126542482214,1.0
POS57820,maple,6.0,492807.6661690823,4876865.211274163,0.0,0.0,0.7,0.2833186052993032,1.0
POS57933,western_hemlock,8.0,493047.42724325927,4876890.355157219,0.0,0.0,0.0,0.21642189055897992,1.0
POS57936,oak,1.0,493153.323603298,4876816.170779127,0.0,0.0,0.5,0.14373087755884056,1.0
POS57939,maple,1.0,493093.9296854145,4876924.421466439,0.0,0.0,0.7,0.27853075818124423,1.0
POS57940,maple,1.0,493101.85569749563,4876924.309396607,0.0,0.0,0.7,0.14470585604675862,1.0
POS57941,maple,4.0,493068.64291564375,4876924.589546518,0.0,0.0,0.7,0.3163104074410172,1.0
POS58040,oak,5.0,493569.0672372388,4876420.455454012,0.0,0.0,0.5,0.11714429628693987,1.0
POS58046,oak,2.0,493438.4759054241,4876557.890685782,0.0,0.0,0.5,0.237173396731793,1.0
POS58095,maple,3.0,493363.97553746315,4876797.8360713115,0.0,0.0,0.7,0.14537003888156977,1.0
POS58114,oak,2.0,492945.19550716894,4877146.570602855,0.0,0.0,0.5,0.2912963943701992,1.0
POS58115,maple,4.0,493051.0152896779,4877147.071044252,0.0,0.0,0.7,0.2420014295696118,1.0
POS58121,oak,35.0,493252.36934481066,4877166.1250479,0.0,0.0,0.5,0.2684851043086577,1.0
POS58124,maple,6.0,493273.7441528614,4877046.791272451,0.0,0.0,0.7,0.267206587140873,1.0
POS58125,maple,6.0,493285.40437975514,4877047.306067833,0.0,0.0,0.7,0.2583839916510613,1.0
POS58152,green_ash,11.0,493054.1772342021,4876443.663733076,0.0,0.0,0.0,0.1389989361335509,1.0
POS58157,oak,6.0,493566.0104645394,4877341.658210413,0.0,0.0,0.5,0.24742171004154756,1.0
POS58158,oak,4.0,493566.0996512206,4877353.836999714,0.0,0.0,0.5,0.2669814146138124,1.0
POS58161,maple,3.0,493414.42668195156,4877352.914229618,0.0,0.0,0.7,0.24029341352815065,1.0
POS58162,maple,3.0,493414.7535413665,4877335.314108434,0.0,0.0,0.7,0.24016705429893598,1.0
POS58170,maple,4.0,492820.80456117133,4876631.964795731,0.0,0.0,0.7,0.14992714719628122,1.0
POS58171,maple,4.0,492820.90433279035,4876626.405062698,0.0,0.0,0.7,0.14992714719628122,1.0
POS58172,maple,4.0,492820.72420235985,4876619.141782453,0.0,0.0,0.7,0.1941650804117296,1.0
POS58173,oak,2.0,492893.57848446263,4876559.006247802,0.0,0.0,0.5,0.24505131901569327,1.0
POS58174,green_ash,11.0,492963.8246996906,4876330.273830422,0.0,0.0,0.0,0.24734890659690267,1.0
POS58176,oak,5.0,493065.3749281745,4876451.203165771,0.0,0.0,0.5,0.16353661630048927,1.0
POS58177,oak,7.0,493064.02428913396,4876451.266561256,0.0,0.0,0.5,0.16353661630048927,1.0
POS58178,oak,5.0,493073.73881199415,4876450.895156094,0.0,0.0,0.5,0.15507501999414175,1.0
POS58215,oak,34.0,493161.6844571576,4878067.74806798,0.0,0.0,0.5,0.07966011668782416,1.0
POS58216,oak,21.0,493171.25851165026,4878070.547471258,0.0,0.0,0.5,0.10990970025037242,1.0
POS58698,maple,8.0,492701.2997201291,4877381.170688808,0.0,0.0,0.7,0.1357890195150019,1.0
POS58699,oak,2.0,492701.5414089094,4877401.123253138,0.0,0.0,0.5,0.12649191086548134,1.0
POS59015,pine,2.0,494292.65613945655,4878056.221823486,0.0,0.0,0.0,0.16509101263143303,1.0
POS59016,pine,2.0,494302.3737542583,4878060.171673267,0.0,0.0,0.0,0.15304797544392018,1.0
POS59017,pine,2.0,494313.4489496717,4878064.6194564365,0.0,0.0,0.0,0.2178414236274929,1.0
POS59019,pine,2.0,494349.03490166826,4878075.5170786865,0.0,0.0,0.0,0.18563494903125533,1.0
POS59020,oak,2.0,494343.2430478118,4878039.661808852,0.0,0.0,0.5,0.19655873056311773,1.0
POS59021,oak,2.0,494348.49718408653,4878051.815198064,0.0,0.0,0.5,0.21496461028736466,1.0
POS59022,oak,2.0,494356.49775077135,4878040.057416931,0.0,0.0,0.5,0.2434669082049975,1.0
POS59023,pine,3.0,494377.37240462657,4878030.38743705,0.0,0.0,0.0,0.2761895835643323,1.0
POS59026,pine,2.0,494394.0997350677,4878098.3630765565,0.0,0.0,0.0,0.1865406701969109,1.0
POS59380,maple,1.0,493533.8929161511,4876802.339671714,0.0,0.0,0.7,0.11031848347754061,1.0
POS59381,maple,1.0,493543.6274950068,4876802.4184914315,0.0,0.0,0.7,0.12119692602392054,1.0
POS59382,oak,1.0,493552.737181937,4876802.161250761,0.0,0.0,0.5,0.11266326546966154,1.0
POS59400,oak,3.0,493402.6552030756,4876799.617066473,0.0,0.0,0.5,0.21597166622644914,1.0
POS59401,oak,4.0,493170.0565127355,4876893.149149344,0.0,0.0,0.5,0.16518631548815485,1.0
POS59404,oak,3.0,493493.97273761407,4876680.073425731,0.0,0.0,0.5,0.21119151763720137,1.0
POS59405,oak,4.0,493152.2473580432,4876681.137244997,0.0,0.0,0.5,0.16812796167452265,1.0
POS60286,maple,41.0,493122.5376602518,4878075.615464008,0.0,0.0,0.7,0.07296586067759125,1.0
POS60373,maple,4.0,492930.35692092986,4877091.219441067,0.0,0.0,0.7,0.20482433982758996,1.0
POS60378,oak,8.0,493765.405426791,4876215.233176245,0.0,0.0,0.5,0.27293093140185926,1.0
POS60437,maple,11.0,492700.98269697255,4877348.51215913,0.0,0.0,0.7,0.25667885895261056,1.0
POS60438,oak,8.0,492702.6916020517,4877344.385420547,0.0,0.0,0.5,0.24586945964094367,1.0
POS60439,oak,9.0,492702.90914963896,4877337.678692595,0.0,0.0,0.5,0.24586945964094367,1.0
POS60440,sycamore,9.0,492700.3810059265,4877117.84885359,0.0,0.0,0.9,0.11075550068967413,1.0
POS60441,oak,10.0,492702.5477152785,4877072.651933013,0.0,0.0,0.5,0.2319132350142209,1.0
POS60447,oak,17.0,492686.12851338234,4877096.327883307,0.0,0.0,0.5,0.10032373992156843,1.0
POS60448,oak,22.0,492686.4510494964,4877119.623918561,0.0,0.0,0.5,0.12812828905006707,1.0
POS60450,sycamore,17.0,492679.18728469993,4876573.811625086,0.0,0.0,0.9,0.2577164699425095,1.0
POS60451,sycamore,13.0,492670.91911634215,4876573.894791274,0.0,0.0,0.9,0.2587148553358393,1.0
POS60452,sycamore,18.0,492664.44429888064,4876573.566160049,0.0,0.0,0.9,0.260847666866452,1.0
POS60453,sycamore,15.0,492657.03214324283,4876573.753775034,0.0,0.0,0.9,0.260847666866452,1.0
POS60459,maple,1.0,492779.72583514126,4877549.928249517,0.0,0.0,0.7,0.20726407470275804,1.0
POS60463,pine,10.0,492751.33656590246,4877309.328323165,0.0,0.0,0.0,0.1544094625388565,1.0
POS60558,maple,4.0,493291.81525101257,4877120.7681392785,0.0,0.0,0.7,0.23802675148815378,1.0
POS60569,maple,8.0,493027.2758570264,4877839.276219113,0.0,0.0,0.7,0.11343101226451077,1.0
POS60581,oak,3.0,493351.51079760963,4877549.572289827,0.0,0.0,0.5,0.09540274729631956,1.0
POS60588,oak,2.0,493581.77525868843,4876650.365268992,0.0,0.0,0.5,0.17064007687408153,1.0
POS60589,oak,1.0,493581.0265954961,4876620.424095471,0.0,0.0,0.5,0.1502000374593743,1.0
POS60594,oak,2.0,493523.2302655357,4876572.670081061,0.0,0.0,0.5,0.1104520265334162,1.0
POS60603,oak,3.0,493103.042006284,4876680.747255716,0.0,0.0,0.5,0.15472091918727254,1.0
POS60604,oak,3.0,493399.7845976512,4876192.962905698,0.0,0.0,0.5,0.13356959262201973,1.0
POS60605,oak,36.0,493379.62497089943,4876192.929770328,0.0,0.0,0.5,0.12488745045843132,1.0
POS60606,oak,5.0,493365.9877510606,4876193.031491868,0.0,0.0,0.5,0.13504056944195791,1.0
POS60615,oak,5.0,493306.2598724437,4876892.413553155,0.0,0.0,0.5,0.40172005430330693,1.0
POS60616,oak,5.0,493305.882194243,4876885.449346413,0.0,0.0,0.5,0.40172005430330693,1.0
POS60619,oak,5.0,493580.1372692156,4876422.621692557,0.0,0.0,0.5,0.0991897487982924,1.0
POS60640,oak,4.0,493159.7396701444,4876558.865219873,0.0,0.0,0.5,0.15406122029724806,1.0
POS60641,oak,24.0,493146.43993573124,4876558.988321306,0.0,0.0,0.5,0.22261194660264022,1.0
POS60643,dogwood,1.0,493023.34994220245,4876559.371290693,0.0,0.0,0.9,0.18895262632050017,1.0
POS60645,oak,8.0,493667.2432447799,4876205.765991397,0.0,0.0,0.5,0.15732738931145906,1.0
POS60652,oak,16.0,493372.85056452284,4876436.251565198,0.0,0.0,0.5,0.2333823037788742,1.0
POS60654,maple,6.0,493189.66473839525,4876436.8456283165,0.0,0.0,0.7,0.3270565795630658,1.0
POS60675,maple,3.0,493725.0501837663,4876191.902572531,0.0,0.0,0.7,0.32,1.0
POS60717,oak,3.0,493764.62396269594,4876161.730255853,0.0,0.0,0.5,0.32,1.0
POS60730,oak,5.0,494407.22894883115,4876230.410757095,0.0,0.0,0.5,0.23788847471868374,1.0
POS60775,oak,24.0,493962.55084225,4876330.069062038,0.0,0.0,0.5,0.24089214682564214,1.0
POS60777,maple,28.0,494353.49196796166,4876312.672927043,0.0,0.0,0.7,0.17278662568912034,1.0
POS60778,sycamore,13.0,494305.38642097026,4876312.65807962,0.0,0.0,0.9,0.22984577460012387,1.0
POS60910,pine,6.0,494426.8831702794,4876254.141019425,0.0,0.0,0.0,0.17857512485243943,1.0
POS60911,pine,6.0,494427.0414205535,4876244.670741829,0.0,0.0,0.0,0.17857512485243943,1.0
POS61059,maple,4.0,492948.2013335147,4878142.26349543,0.0,0.0,0.7,0.26,1.0
POS61118,oak,3.0,494406.9180099589,4876250.6723921,0.0,0.0,0.5,0.15154606535183016,1.0
POS61119,douglas_fir,6.0,494028.6715233189,4876237.937885959,0.0,0.0,0.0,0.18381383707895854,1.0
POS62128,oak,2.0,494142.30896011373,4876325.676206614,0.0,0.0,0.5,0.1758090917094864,1.0
POS62129,oak,2.0,494148.86412226234,4876325.755550336,0.0,0.0,0.5,0.2838696633809283,1.0
POS62642,maple,10.0,492821.6471308317,4876286.75066079,0.0,0.0,0.7,0.15319165613995211,1.0
POS62693,oak,2.0,493581.90364472696,4876641.409292538,0.0,0.0,0.5,0.1305570120942517,1.0
POS62694,oak,2.0,493581.29493697436,4876561.151357522,0.0,0.0,0.5,0.11447985779591337,1.0
POS62695,oak,1.0,493579.91401650955,4876414.222836368,0.0,0.0,0.5,0.15265221498398163,1.0
POS62800,oak,1.0,494259.94286875165,4876177.953331943,0.0,0.0,0.5,0.32,1.0
POS62808,maple,2.0,493197.4033607169,4876436.783570037,0.0,0.0,0.7,0.3243859325331038,1.0
POS62846,oak,2.0,493094.16259285354,4876681.149161825,0.0,0.0,0.5,0.15363952729350133,1.0
POS73655,maple,30.0,493961.6665296345,4876329.917664513,0.0,0.0,0.7,0.24089214682564214,1.0
POS73656,oak,13.0,493965.77074997284,4876329.871552881,0.0,0.0,0.5,0.24089214682564214,1.0
POS73670,maple,8.0,493406.54595143854,4876311.626843427,0.0,0.0,0.7,0.22428254311388734,1.0
POS73671,maple,4.0,493393.05852979695,4876311.237457763,0.0,0.0,0.7,0.16429789973275033,1.0
POS73672,maple,4.0,493390.78796674666,4876311.501605491,0.0,0.0,0.7,0.16429789973275033,1.0
POS73673,maple,4.0,493395.0856337578,4876311.176051512,0.0,0.0,0.7,0.16429789973275033,1.0
POS73675,maple,4.0,493365.85933055327,4876311.2053377945,0.0,0.0,0.7,0.11852673601140802,1.0
POS73691,douglas_fir,9.0,494026.5947223517,4876239.5035590585,0.0,0.0,0.0,0.18381383707895854,1.0
POS73692,oak,4.0,494028.48372721655,4876213.162904999,0.0,0.0,0.5,0.1810572338978733,1.0
POS74319,maple,2.0,492946.71381696255,4877592.451992964,0.0,0.0,0.7,0.14964913756466075,1.0
POS74348,sycamore,2.0,492812.9110438451,4878106.3147405535,0.0,0.0,0.9,0.23,1.0
POS74351,dogwood,3.0,492824.75723333895,4877960.127208311,0.0,0.0,0.9,0.14735646715818196,1.0
POS74356,maple,2.0,492666.7207241486,4878075.283720758,0.0,0.0,0.7,0.07288628552481824,1.0
POS74357,maple,1.0,492659.642181347,4878076.613402983,0.0,0.0,0.7,0.1034403441029183,1.0
POS74387,maple,1.0,492674.502771777,4878060.453143288,0.0,0.0,0.7,0.08402624195978597,1.0
POS74393,maple,4.0,492704.02011650865,4878055.01264991,0.0,0.0,0.7,0.1385583371177768,1.0
POS74397,maple,7.0,492713.1438017025,4878053.283462288,0.0,0.0,0.7,0.12151509580373239,1.0
POS74399,dogwood,2.0,492720.7111032384,4878051.257220491,0.0,0.0,0.9,0.12608446152268402,1.0
POS74401,maple,9.0,492732.23920332355,4878049.137973032,0.0,0.0,0.7,0.14544282180949117,1.0
POS74402,dogwood,2.0,492740.89916487725,4878049.05779893,0.0,0.0,0.9,0.1062503850230773,1.0
POS74404,maple,4.0,492755.2074565345,4878046.512804698,0.0,0.0,0.7,0.12678522270204595,1.0
POS74408,dogwood,3.0,492770.5906684547,4878044.464203974,0.0,0.0,0.9,0.1404286535251998,1.0
POS74409,dogwood,2.0,492774.8294051285,4878043.559267543,0.0,0.0,0.9,0.16058757725475595,1.0
POS74412,maple,19.0,493071.5872031304,4878060.96121447,0.0,0.0,0.7,0.09717250886315021,1.0
POS74418,maple,6.0,493070.0527969231,4878116.21983318,0.0,0.0,0.7,0.23,1.0
POS74419,maple,7.0,493069.68498839845,4878123.276774589,0.0,0.0,0.7,0.23,1.0
POS74420,maple,7.0,493070.27505479736,4878131.176627292,0.0,0.0,0.7,0.23,1.0
POS74429,maple,18.0,493140.794605674,4878138.210933801,0.0,0.0,0.7,0.26,1.0
POS74433,maple,36.0,493126.6481309337,4878081.156403037,0.0,0.0,0.7,0.10641648128022928,1.0
POS74434,maple,3.0,493127.7299629623,4878088.434612989,0.0,0.0,0.7,0.09829273891449465,1.0
POS74435,maple,3.0,493127.7275437924,4878086.07956795,0.0,0.0,0.7,0.09829273891449465,1.0
POS74436,maple,1.0,493125.57648639113,4878083.619698492,0.0,0.0,0.7,0.07296586067759125,1.0
POS74442,maple,10.0,493316.0871067742,4877566.32147095,0.0,0.0,0.7,0.12736947951837796,1.0
POS74444,maple,9.0,493182.3675815533,4877557.48588806,0.0,0.0,0.7,0.12300466255921863,1.0
POS74452,maple,10.0,493287.8780935271,4877541.036109725,0.0,0.0,0.7,0.2494796486145369,1.0
POS74473,maple,9.0,493193.7334308251,4877651.33119073,0.0,0.0,0.7,0.13852200170312592,1.0
POS74475,maple,8.0,493184.5484471293,4877659.681251269,0.0,0.0,0.7,0.08476025301699162,1.0
POS74476,maple,9.0,493184.5118476741,4877651.106284807,0.0,0.0,0.7,0.09530970246855731,1.0
POS74477,maple,8.0,493181.4860335285,4877644.522015457,0.0,0.0,0.7,0.09530970246855731,1.0
POS74478,maple,6.0,493205.328005097,4877651.837506372,0.0,0.0,0.7,0.1318096671887132,1.0
POS74492,maple,13.0,493174.493686358,4877537.110551388,0.0,0.0,0.7,0.23128557789410464,1.0
POS74493,maple,11.0,493172.2743636056,4877547.650879742,0.0,0.0,0.7,0.1447048501326198,1.0
POS74510,maple,11.0,493074.1464668895,4877548.015939875,0.0,0.0,0.7,0.10426569828921152,1.0
POS74511,maple,11.0,493081.99094690674,4877537.707907237,0.0,0.0,0.7,0.1588016232355878,1.0
POS74516,oak,4.0,493109.20903356234,4877755.861275506,0.0,0.0,0.5,0.14472567103883993,1.0
POS74517,oak,7.0,493109.54679329804,4877764.231322484,0.0,0.0,0.5,0.14472567103883993,1.0
POS74518,pine,9.0,493113.83065203676,4877760.477545278,0.0,0.0,0.0,0.14472567103883993,1.0
POS74519,pine,9.0,493113.8725003561,4877756.439295814,0.0,0.0,0.0,0.14472567103883993,1.0
POS74520,pine,11.0,493120.10803009983,4877755.3212155895,0.0,0.0,0.0,0.15741474714134396,1.0
POS74522,pine,,493124.29916756996,4877752.043886491,0.0,0.0,0.0,0.18397601850739292,1.0
POS74530,maple,8.0,493206.41195927403,4877686.286771718,0.0,0.0,0.7,0.14753107934230283,1.0
POS74532,maple,,493201.49958109536,4877690.114194061,0.0,0.0,0.7,0.14753107934230283,1.0
POS74533,maple,,493211.0900003457,4877682.507257615,0.0,0.0,0.7,0.0929588189812757,1.0
POS74550,oak,2.0,493068.5878520636,4877712.551556734,0.0,0.0,0.5,0.07151864073673948,1.0
POS74552,maple,,493276.7095079166,4877613.485834255,0.0,0.0,0.7,0.10554927208597781,1.0
POS74560,maple,,493280.359438688,4877627.066394902,0.0,0.0,0.7,0.10669346299426832,1.0
POS74561,maple,,493284.637190485,4877623.728449416,0.0,0.0,0.7,0.1423623874222851,1.0
POS74562,maple,,493288.75540694233,4877620.4987463895,0.0,0.0,0.7,0.13567726581416412,1.0
POS74563,sycamore,,493301.9653284283,4877592.793983159,0.0,0.0,0.9,0.1266980245457917,1.0
POS74564,sycamore,,493297.9404938129,4877596.20867901,0.0,0.0,0.9,0.07884165998609442,1.0
POS74565,sycamore,,493293.6162178604,4877599.617738416,0.0,0.0,0.9,0.06682040620674298,1.0
POS74566,maple,,493289.41632814694,4877603.094412091,0.0,0.0,0.7,0.06682040620674298,1.0
POS74567,maple,,493285.5438410702,4877606.366949951,0.0,0.0,0.7,0.10554927208597781,1.0
POS74568,maple,,493281.1690216434,4877610.14601291,0.0,0.0,0.7,0.10554927208597781,1.0
POS74570,oregon_ash,3.0,493355.8261897984,4877565.54728982,0.0,0.0,0.0,0.15276387858964238,1.0
POS74577,maple,15.0,493038.58588440524,4877834.096675113,0.0,0.0,0.7,0.11728200721112284,1.0
POS74578,maple,5.0,493018.80481727514,4877797.8980148705,0.0,0.0,0.7,0.09534640153469849,1.0
POS74579,oak,1.0,492987.49059397966,4877809.489989232,0.0,0.0,0.5,0.1849400803143495,1.0
POS75222,green_ash,7.0,492862.6961074856,4876316.311895539,0.0,0.0,0.0,0.21352081396324193,1.0
POS75228,oak,5.0,493580.5078193676,4876430.957142305,0.0,0.0,0.5,0.11486096931527753,1.0
POS75232,oak,4.0,493580.14854392764,4876385.087316313,0.0,0.0,0.5,0.21837277524753057,1.0
POS75233,oak,4.0,493428.31495291693,4876771.524686799,0.0,0.0,0.5,0.12056659280943552,1.0
POS75234,oak,4.0,493428.33551457437,4876778.566040493,0.0,0.0,0.5,0.14099431535113882,1.0
POS75235,maple,5.0,492945.0328527248,4876566.732467474,0.0,0.0,0.7,0.3031233280171232,1.0
POS75237,oak,3.0,492856.0602166797,4876571.951699785,0.0,0.0,0.5,0.11920532218079925,1.0
POS75238,maple,4.0,493291.720926163,4877110.106469477,0.0,0.0,0.7,0.24744278577142031,1.0
POS75664,maple,2.0,492822.1013918695,4877071.837911369,0.0,0.0,0.7,0.26078147307755406,1.0
POS75748,douglas_fir,50.0,492682.37241805677,4876822.998535617,0.0,0.0,0.0,0.10422776911169218,1.0
POS76115,maple,1.0,492700.3300759243,4876226.646088744,0.0,0.0,0.7,0.24233188559601426,1.0
POS76224,pine,3.0,493079.3341674707,4876209.005322489,0.0,0.0,0.0,0.1387107029294105,1.0
POS77350,oak,1.0,493549.9761108397,4878088.03152721,0.0,0.0,0.5,0.31663402812771424,1.0
POS77351,oak,1.0,493546.9830648358,4878083.358784117,0.0,0.0,0.5,0.2681731347421543,1.0
POS77410,douglas_fir,30.0,493784.8934583253,4876279.448054557,0.0,0.0,0.0,0.14236153791099493,1.0
POS77527,oak,28.0,493367.7487029888,4877186.624428332,0.0,0.0,0.5,0.15937944047683722,1.0
POS77528,oak,38.0,493382.2281892119,4877186.620845173,0.0,0.0,0.5,0.19102750338146826,1.0
POS77623,pine,1.0,494318.2096381649,4878031.072104567,0.0,0.0,0.0,0.22330688846612545,1.0
POS77626,oak,1.0,494370.71275395853,4878062.597870915,0.0,0.0,0.5,0.22506879331723334,1.0
POS77627,oak,1.0,494361.1118766206,4878052.032899217,0.0,0.0,0.5,0.18147457378811355,1.0
POS77628,oak,1.0,494369.13148755603,4878046.636383515,0.0,0.0,0.5,0.16317300822235942,1.0
POS78198,oak,5.0,492767.73753756325,4876817.003184862,0.0,0.0,0.5,0.1415446562394731,1.0
POS78479,oak,23.0,494599.51580882166,4876990.108220049,0.0,0.0,0.5,0.1574363580900905,1.0
POS78480,oak,20.0,494577.95423995936,4876994.3486416545,0.0,0.0,0.5,0.1411580328577408,1.0
POS78481,oak,24.0,494555.89446836675,4877002.36658862,0.0,0.0,0.5,0.22868692047875566,1.0
POS78482,oak,24.0,494533.5882673337,4877007.097261194,0.0,0.0,0.5,0.23809673432933404,1.0
POS78483,oak,23.0,494488.5180862927,4877018.501632892,0.0,0.0,0.5,0.28693842821262383,1.0
POS78484,oak,22.0,494465.7678441993,4877024.634567494,0.0,0.0,0.5,0.2125894040757096,1.0
POS78486,oak,23.0,494257.57300347986,4877086.562519201,0.0,0.0,0.5,0.35537207747079114,1.0
POS78487,oak,21.0,494236.02420438174,4877090.7143953685,0.0,0.0,0.5,0.1305873224311033,1.0
POS78488,oak,23.0,494214.11883798265,4877096.284715792,0.0,0.0,0.5,0.13786551412634396,1.0
POS78489,oak,19.0,494191.4900397669,4877101.928934627,0.0,0.0,0.5,0.1384504676192433,1.0
POS78490,oak,23.0,494169.34813415795,4877108.4237473775,0.0,0.0,0.5,0.11667887500917677,1.0
POS78491,oak,19.0,494099.7692207649,4877131.462713076,0.0,0.0,0.5,0.1499589103550312,1.0
POS78492,oak,16.0,494082.3193840671,4877135.773563404,0.0,0.0,0.5,0.23673033243841762,1.0
POS78493,oak,23.0,494061.30608308944,4877140.987292555,0.0,0.0,0.5,0.1663446141712696,1.0
POS78501,oak,1.0,493581.74399514945,4876586.404632062,0.0,0.0,0.5,0.12168219619096027,1.0
POS78773,oak,25.0,493516.22646267817,4878123.196055057,0.0,0.0,0.5,0.38,1.0
POS79000,oak,3.0,492939.9964097949,4876238.8859807085,0.0,0.0,0.5,0.1405879415009339,1.0
POS79001,oak,3.0,492939.7321150532,4876247.742007208,0.0,0.0,0.5,0.18229735803178138,1.0
POS79002,oak,3.0,492939.9123817206,4876254.525626965,0.0,0.0,0.5,0.30107859150968624,1.0
POS79167,maple,13.0,492661.0996821082,4877234.581031994,0.0,0.0,0.7,0.17150347322854523,1.0
POS79168,maple,13.0,492665.84455978364,4877234.553526109,0.0,0.0,0.7,0.17150347322854523,1.0
POS79170,maple,10.0,492674.8895199443,4877233.686914225,0.0,0.0,0.7,0.17428881171627417,1.0
POS79171,maple,19.0,492679.3704593511,4877234.340654654,0.0,0.0,0.7,0.16398894077241183,1.0
POS79442,oak,2.0,492942.6921582021,4876915.820262043,0.0,0.0,0.5,0.25067064143989815,1.0
POS79712,sycamore,4.0,494594.03186367085,4876447.290613388,0.0,0.0,0.9,0.18410950387856764,1.0
POS80299,maple,5.0,493401.9772020828,4878082.243592112,0.0,0.0,0.7,0.18357589898707152,1.0
POS81145,oregon_ash,16.0,494421.4764252383,4877251.983816864,0.0,0.0,0.0,0.21182587272417874,1.0
POS81237,pine,7.0,494406.80781185225,4876393.738615304,0.0,0.0,0.0,0.13656927348289907,1.0
POS81240,pine,8.0,494407.0983178319,4876427.077721671,0.0,0.0,0.0,0.3432035180769134,1.0
POS81476,douglas_fir,15.0,493214.6237336359,4878144.800305968,0.0,0.0,0.0,0.23,1.0
POS81477,douglas_fir,28.0,493197.29880797473,4878108.034146737,0.0,0.0,0.0,0.23,1.0
POS81478,douglas_fir,29.0,493197.44617697963,4878104.20192632,0.0,0.0,0.0,0.0551667645373846,1.0
POS81479,douglas_fir,23.0,493197.16260017443,4878099.298512117,0.0,0.0,0.0,0.0551667645373846,1.0
POS81480,maple,32.0,493203.49029089184,4878095.971245813,0.0,0.0,0.7,0.0551667645373846,1.0
POS81481,maple,23.0,493203.87802282895,4878095.927015489,0.0,0.0,0.7,0.0551667645373846,1.0
POS81482,maple,22.0,493204.74155723065,4878096.911916282,0.0,0.0,0.7,0.0551667645373846,1.0
POS81483,maple,15.0,493208.9643869799,4878099.485417249,0.0,0.0,0.7,0.10096404010085784,1.0
POS81484,maple,20.0,493207.7822097271,4878102.526031579,0.0,0.0,0.7,0.10096404010085784,1.0
POS81485,maple,20.0,493208.72622105695,4878104.141753511,0.0,0.0,0.7,0.10096404010085784,1.0
POS81486,douglas_fir,19.0,493224.5713328412,4878094.031405543,0.0,0.0,0.0,0.11522947851157178,1.0
POS81489,maple,20.0,493212.8736436906,4878110.351116347,0.0,0.0,0.7,0.23,1.0
POS81490,maple,23.0,493212.6225488143,4878108.78917473,0.0,0.0,0.7,0.23,1.0
POS81491,maple,34.0,493211.4226517042,4878110.208610132,0.0,0.0,0.7,0.23,1.0
POS81492,maple,22.0,493211.035428509,4878108.774810009,0.0,0.0,0.7,0.23,1.0
POS81493,maple,12.0,493210.6502732288,4878107.275069555,0.0,0.0,0.7,0.23,1.0
POS81494,maple,53.0,493210.00741043524,4878106.958174881,0.0,0.0,0.7,0.23,1.0
POS81498,maple,4.0,493283.3978782886,4877802.116499089,0.0,0.0,0.7,0.11314647801747556,1.0
POS81501,green_ash,9.0,493219.991025703,4877937.547649635,0.0,0.0,0.0,0.09306040352351236,1.0
POS82509,maple,126.0,493226.4068210394,4878135.353356848,0.0,0.0,0.7,0.23,1.0
POS82510,maple,12.0,493258.2549652554,4878143.513951558,0.0,0.0,0.7,0.26,1.0
POS82511,maple,8.0,493258.7619460558,4878142.0407360485,0.0,0.0,0.7,0.26,1.0
POS82512,maple,22.0,493251.44691033626,4878127.806594942,0.0,0.0,0.7,0.26,1.0
POS82513,oregon_ash,14.0,493253.19162797957,4878124.775269118,0.0,0.0,0.0,0.26,1.0
POS82515,maple,15.0,493248.4824202616,4878116.333171903,0.0,0.0,0.7,0.26,1.0
POS82517,maple,11.0,493241.8866604399,4878094.638164901,0.0,0.0,0.7,0.08070278341467321,1.0
POS82519,oregon_ash,8.0,493242.730935652,4878094.164045942,0.0,0.0,0.0,0.12167665370217882,1.0
POS82521,maple,14.0,493240.40377911547,4878087.257383161,0.0,0.0,0.7,0.12167665370217882,1.0
POS82523,maple,7.0,493241.7848546801,4878052.196112988,0.0,0.0,0.7,0.08200803863067106,1.0
POS82527,oregon_ash,6.0,493243.48335408163,4878012.000853039,0.0,0.0,0.0,0.1432019147990427,1.0
POS82528,maple,22.0,493238.4594671043,4878003.239352636,0.0,0.0,0.7,0.12078714372152134,1.0
POS82529,maple,12.0,493238.0745727008,4878001.285205413,0.0,0.0,0.7,0.12078714372152134,1.0
POS82532,oregon_ash,9.0,493243.3596225043,4877985.003819924,0.0,0.0,0.0,0.08250292578884053,1.0
POS82533,oak,15.0,493237.3111553651,4877964.31147009,0.0,0.0,0.5,0.07273469369914473,1.0
POS82534,oak,12.0,493239.17537395196,4877963.903991212,0.0,0.0,0.5,0.07273469369914473,1.0
POS82536,douglas_fir,35.0,493240.16717153083,4877956.1612476,0.0,0.0,0.0,0.07273469369914473,1.0
POS82537,oak,21.0,493248.40477548615,4877930.693085995,0.0,0.0,0.5,0.05417410598600385,1.0
POS82538,oak,7.0,493248.80264822464,4877927.370355696,0.0,0.0,0.5,0.05417410598600385,1.0
POS82610,oregon_ash,12.0,493287.35257743916,4877868.086243289,0.0,0.0,0.0,0.04443170118040441,1.0
POS82611,oregon_ash,10.0,493290.03572991234,4877861.187899902,0.0,0.0,0.0,0.05654216999913265,1.0
POS82614,oregon_ash,13.0,493292.06868416263,4877855.129878933,0.0,0.0,0.0,0.05654216999913265,1.0
POS82615,oregon_ash,12.0,493293.09664204984,4877853.487104685,0.0,0.0,0.0,0.07928469038227443,1.0
POS82631,oregon_ash,4.0,493294.45227583306,4877851.73490587,0.0,0.0,0.0,0.07928469038227443,1.0
POS82636,oregon_ash,10.0,493296.97729370685,4877844.3014261685,0.0,0.0,0.0,0.16085346209747936,1.0
POS82638,maple,1.0,493276.2553734288,4877821.574802796,0.0,0.0,0.7,0.19715633544081712,1.0
POS82640,maple,2.0,493272.4745151188,4877822.517700084,0.0,0.0,0.7,0.19715633544081712,1.0
POS82645,maple,2.0,493279.28630371264,4877819.402286549,0.0,0.0,0.7,0.06132326235766114,1.0
POS82654,oak,13.0,493309.8553009728,4877796.6824434195,0.0,0.0,0.5,0.05705641423990252,1.0
POS82660,maple,24.0,493314.565290561,4877789.339372214,0.0,0.0,0.7,0.04623467515975763,1.0
POS82661,maple,1.0,493274.04949803354,4877826.802337644,0.0,0.0,0.7,0.10126981659030432,1.0
POS82663,maple,1.0,493271.7431293557,4877835.048668614,0.0,0.0,0.7,0.0985542944312171,1.0
POS82666,maple,17.0,493330.69727128354,4877758.164114689,0.0,0.0,0.7,0.038486638602762364,1.0
POS82679,maple,30.0,493349.84540722764,4877726.135840358,0.0,0.0,0.7,0.04944171259810971,1.0
POS82681,maple,19.0,493374.70141474827,4877698.005030645,0.0,0.0,0.7,0.04684510417901573,1.0
POS82683,maple,22.0,493373.7025679245,4877692.402943212,0.0,0.0,0.7,0.03820664182240124,1.0
POS82684,oregon_ash,9.0,493382.099274552,4877693.9932797495,0.0,0.0,0.0,0.07140855810816304,1.0
POS82686,maple,38.0,493391.1977840071,4877679.252339943,0.0,0.0,0.7,0.032440187729804025,1.0
POS82688,maple,24.0,493394.8111104048,4877674.852333454,0.0,0.0,0.7,0.032440187729804025,1.0
POS82692,pine,15.0,493410.61611992173,4877670.620073794,0.0,0.0,0.0,0.13091607765086252,1.0
POS82693,maple,46.0,493412.66798336105,4877665.292338341,0.0,0.0,0.7,0.13091607765086252,1.0
POS82695,oregon_ash,13.0,493422.319508394,4877665.28507291,0.0,0.0,0.0,0.06277403853058514,1.0
POS82696,maple,55.0,493429.3327380146,4877647.502103769,0.0,0.0,0.7,0.05136735874332511,1.0
POS82697,oregon_ash,12.0,493424.6059261643,4877664.03036747,0.0,0.0,0.0,0.03319560754195945,1.0
POS82937,maple,4.0,493287.8005572721,4877797.008894974,0.0,0.0,0.7,0.059372722587940255,1.0
POS82967,green_ash,5.0,493186.4027328371,4877933.571553112,0.0,0.0,0.0,0.10431364200654626,1.0
POS83424,maple,20.0,493203.28557368496,4878095.438820005,0.0,0.0,0.7,0.0551667645373846,1.0
POS83480,maple,19.0,493230.7028327249,4878140.621624728,0.0,0.0,0.7,0.26,1.0
POS83483,maple,39.0,493233.46770982386,4878140.809542604,0.0,0.0,0.7,0.26,1.0
POS83737,oregon_ash,12.0,493285.2537296452,4877872.203836627,0.0,0.0,0.0,0.11645264393812145,1.0
POS83738,oregon_ash,11.0,493289.7492333047,4877860.1420170395,0.0,0.0,0.0,0.05654216999913265,1.0
POS83754,oregon_ash,5.0,493308.08475762414,4877826.534747736,0.0,0.0,0.0,0.06061853966660205,1.0
POS84692,maple,5.0,492892.81810685253,4878023.274654199,0.0,0.0,0.7,0.16452257777704038,1.0
POS85145,oak,2.0,493942.82564223243,4876205.267164339,0.0,0.0,0.5,0.20711832538577907,1.0
POS85146,oak,1.0,494002.0969219283,4876204.570886081,0.0,0.0,0.5,0.2051240760747024,1.0
POS85951,green_ash,13.0,494419.96028971055,4877270.441472497,0.0,0.0,0.0,0.21915780039434332,1.0
POS85955,green_ash,15.0,494420.98690737627,4877262.316946165,0.0,0.0,0.0,0.2118320931568669,1.0
POS85964,green_ash,16.0,494420.79397400585,4877241.624907959,0.0,0.0,0.0,0.204833131094935,1.0
POS85973,green_ash,17.0,494418.7061077608,4877211.473301044,0.0,0.0,0.0,0.14905640555746302,1.0
POS85986,green_ash,14.0,494418.3941374979,4877200.438626177,0.0,0.0,0.0,0.12164080593139072,1.0
POS85994,green_ash,18.0,494417.2941058489,4877190.52756769,0.0,0.0,0.0,0.11409286392378294,1.0
POS85998,green_ash,18.0,494419.30510260555,4877180.70946354,0.0,0.0,0.0,0.1178078062326892,1.0
POS86000,green_ash,15.0,494419.23657588434,4877172.03573169,0.0,0.0,0.0,0.11697776501578108,1.0
POS86002,green_ash,16.0,494419.17864315014,4877161.050339385,0.0,0.0,0.0,0.10558084999952871,1.0
POS86004,green_ash,12.0,494418.93811401544,4877142.06353205,0.0,0.0,0.0,0.10656015275860281,1.0
POS86018,maple,4.0,494399.24862563884,4877156.06838068,0.0,0.0,0.7,0.09069580653931014,1.0
POS86027,oregon_ash,8.0,494399.060558343,4877146.590272456,0.0,0.0,0.0,0.10513501267769973,1.0
POS87044,green_ash,16.0,494398.6061098913,4877298.491557467,0.0,0.0,0.0,0.2948561368835353,1.0
POS87045,green_ash,13.0,494383.1550432642,4877300.148761577,0.0,0.0,0.0,0.14575385028280818,1.0
POS87047,green_ash,14.0,494377.6683226782,4877301.835461123,0.0,0.0,0.0,0.14575385028280818,1.0
POS91773,douglas_fir,17.0,493560.2143257469,4878126.298611337,0.0,0.0,0.0,0.32,1.0
POS91774,maple,5.0,493572.60274614993,4878152.091621976,0.0,0.0,0.7,0.32,1.0
POS91776,oregon_ash,43.0,493567.819516724,4878131.0816261405,0.0,0.0,0.0,0.32,1.0
POS91777,maple,45.0,493577.2367870937,4878135.009394029,0.0,0.0,0.7,0.32,1.0
POS91778,maple,20.0,493573.17852527247,4878140.190939517,0.0,0.0,0.7,0.32,1.0
POS91779,maple,26.0,493585.19770492695,4878143.326933979,0.0,0.0,0.7,0.32,1.0
POS91780,maple,10.0,493577.5439002317,4878141.885070968,0.0,0.0,0.7,0.32,1.0
POS91781,maple,10.0,493573.2398735882,4878137.404884676,0.0,0.0,0.7,0.32,1.0
POS91782,oregon_ash,25.0,493589.82032306906,4878151.795150889,0.0,0.0,0.0,0.26,1.0
POS91784,maple,60.0,493582.9477445678,4878135.877857451,0.0,0.0,0.7,0.32,1.0
POS91785,maple,26.0,493590.714873157,4878136.139566293,0.0,0.0,0.7,0.26,1.0
POS91865,maple,27.0,493609.0064789962,4878130.294378409,0.0,0.0,0.7,0.26,1.0
POS91866,douglas_fir,33.0,493629.93298001605,4878136.035683519,0.0,0.0,0.0,0.32,1.0
POS91867,douglas_fir,22.0,493642.85656116996,4878142.85168376,0.0,0.0,0.0,0.32,1.0
POS91868,douglas_fir,27.0,493635.6639162437,4878135.229492396,0.0,0.0,0.0,0.32,1.0
POS91869,douglas_fir,24.0,493646.9673465747,4878136.530171469,0.0,0.0,0.0,0.32,1.0
POS91872,douglas_fir,22.0,493658.3627235811,4878148.6590278195,0.0,0.0,0.0,0.26,1.0
POS91873,douglas_fir,19.0,493658.96001123573,4878139.17406167,0.0,0.0,0.0,0.32,1.0
POS91875,douglas_fir,22.0,493663.90294781444,4878144.559244267,0.0,0.0,0.0,0.26,1.0
POS91876,douglas_fir,22.0,493677.1722906575,4878153.745837165,0.0,0.0,0.0,0.32,1.0
POS91877,douglas_fir,22.0,493672.0291406381,4878147.18144312,0.0,0.0,0.0,0.26,1.0
POS91878,douglas_fir,30.0,493685.7671405797,4878137.870454358,0.0,0.0,0.0,0.32,1.0
POS91879,douglas_fir,26.0,493729.78079754225,4878140.044969952,0.0,0.0,0.0,0.38,1.0
POS91882,maple,7.0,493771.34895073465,4878134.071455442,0.0,0.0,0.7,0.32,1.0
POS91883,douglas_fir,26.0,493748.51040376566,4878097.931943016,0.0,0.0,0.0,0.27590728534281406,1.0
POS91884,maple,26.0,493725.3314129482,4878059.9706118945,0.0,0.0,0.7,0.31321779741912104,1.0
POS91885,maple,17.0,493723.7444220701,4878065.182410713,0.0,0.0,0.7,0.31377802885489836,1.0
POS91886,douglas_fir,26.0,493733.66683284007,4878010.357537486,0.0,0.0,0.0,0.28712349857353764,1.0
POS91887,douglas_fir,33.0,493724.32888235606,4878010.584061051,0.0,0.0,0.0,0.2759484020460704,1.0
POS91888,douglas_fir,40.0,493711.1962203457,4878005.362065631,0.0,0.0,0.0,0.28994927582061614,1.0
POS91889,maple,33.0,493621.5202710607,4878058.085109702,0.0,0.0,0.7,0.20421187281379816,1.0
POS91892,oak,9.0,493605.94849460764,4878066.944361429,0.0,0.0,0.5,0.21878646553973954,1.0
POS91893,maple,33.0,493596.5243310164,4878095.589193166,0.0,0.0,0.7,0.18592712917724577,1.0
POS91911,maple,49.0,494011.40673096216,4878140.598576534,0.0,0.0,0.7,0.32,1.0
POS91913,maple,44.0,494019.0896978043,4878141.076688368,0.0,0.0,0.7,0.32,1.0
POS91915,douglas_fir,9.0,494027.55393043463,4878126.820564259,0.0,0.0,0.0,0.32,1.0
POS91916,douglas_fir,13.0,494014.6228350747,4878129.236311495,0.0,0.0,0.0,0.32,1.0
POS91917,maple,34.0,494022.1911518105,4878121.319243461,0.0,0.0,0.7,0.18186094234619318,1.0
POS91918,douglas_fir,9.0,494023.79268398153,4878119.956099068,0.0,0.0,0.0,0.18186094234619318,1.0
POS91919,maple,96.0,494019.81687750656,4878131.870508032,0.0,0.0,0.7,0.32,1.0
POS91920,douglas_fir,10.0,494025.9989347813,4878118.277992752,0.0,0.0,0.0,0.18186094234619318,1.0
POS91921,douglas_fir,13.0,494031.9559212532,4878116.09661131,0.0,0.0,0.0,0.1981899587527628,1.0
POS91922,douglas_fir,17.0,494033.8840356495,4878123.928596717,0.0,0.0,0.0,0.1981899587527628,1.0
POS91923,oregon_ash,15.0,494061.1521549243,4878100.890203077,0.0,0.0,0.0,0.31425559870906394,1.0
POS91924,oregon_ash,12.0,494039.9032061077,4878118.742278836,0.0,0.0,0.0,0.28643745502117224,1.0
POS91925,oregon_ash,30.0,494067.46319484303,4878099.189903619,0.0,0.0,0.0,0.28008018470760143,1.0
POS91926,oregon_ash,18.0,494088.7216353609,4878096.489779126,0.0,0.0,0.0,0.27609794219939454,1.0
POS91929,douglas_fir,26.0,494127.1899400081,4878094.41510558,0.0,0.0,0.0,0.2747515812818617,1.0
POS91930,oregon_ash,21.0,494074.6233120579,4878108.675689622,0.0,0.0,0.0,0.27674901811867536,1.0
POS91933,oregon_ash,26.0,494128.18423821806,4878103.275253595,0.0,0.0,0.0,0.2747515812818617,1.0
POS91935,oregon_ash,60.0,494144.053620241,4878108.395235662,0.0,0.0,0.0,0.27034915627650724,1.0
POS91936,douglas_fir,19.0,494176.62445989414,4878094.100279399,0.0,0.0,0.0,0.40325999972465965,1.0
POS91937,oak,28.0,494191.7171126612,4878093.293199075,0.0,0.0,0.5,0.40239175577391895,1.0
POS91939,douglas_fir,18.0,494216.5158740198,4878105.509602799,0.0,0.0,0.0,0.19373854337983165,1.0
POS91940,douglas_fir,14.0,494222.73536036164,4878105.506425589,0.0,0.0,0.0,0.19373854337983165,1.0
POS91942,maple,20.0,494309.2779206179,4878118.95914434,0.0,0.0,0.7,0.21193136020138026,1.0
POS91943,maple,25.0,494314.18231461296,4878120.870877695,0.0,0.0,0.7,0.21193136020138026,1.0
POS91944,maple,33.0,494321.14646351885,4878125.93578269,0.0,0.0,0.7,0.26937354741969344,1.0
POS91945,maple,16.0,494325.6806638636,4878126.071112894,0.0,0.0,0.7,0.26937354741969344,1.0
POS91951,maple,77.0,494262.153823518,4878057.88951762,0.0,0.0,0.7,0.22269322018330592,1.0
POS91952,oregon_ash,27.0,494248.38430074294,4878062.908614928,0.0,0.0,0.0,0.21999728525093484,1.0
POS91953,douglas_fir,13.0,494247.5095570029,4878070.628946262,0.0,0.0,0.0,0.2806304491785743,1.0
POS91954,maple,9.0,494242.92551107233,4878069.881910338,0.0,0.0,0.7,0.254668955976196,1.0
POS91955,oregon_ash,26.0,494246.77008432726,4878062.525526086,0.0,0.0,0.0,0.21999728525093484,1.0
POS91959,maple,7.0,494223.9698730376,4878069.180049889,0.0,0.0,0.7,0.24816948395474772,1.0
POS91960,oregon_ash,10.0,494217.24319669465,4878068.1168568535,0.0,0.0,0.0,0.24816948395474772,1.0
POS91963,maple,18.0,494188.8305441231,4878068.126072008,0.0,0.0,0.7,0.24817569249368315,1.0
POS91965,maple,180.0,494206.2538374704,4878059.821419222,0.0,0.0,0.7,0.25422613966756546,1.0
POS91966,oregon_ash,15.0,494159.62188464217,4878068.389339973,0.0,0.0,0.0,0.20781785823782575,1.0
POS91968,douglas_fir,29.0,494146.8549503207,4878054.703385119,0.0,0.0,0.0,0.22943002014712513,1.0
POS91969,oregon_ash,27.0,494098.39268000895,4878057.1349971155,0.0,0.0,0.0,0.22858504037676317,1.0
POS91970,oregon_ash,27.0,494094.9752270426,4878055.6991585735,0.0,0.0,0.0,0.2659392619944259,1.0
POS91972,maple,22.0,493594.3011043229,4878106.092467602,0.0,0.0,0.7,0.2065304272970427,1.0
POS91973,maple,22.0,493612.90057826287,4878097.249774983,0.0,0.0,0.7,0.205240930411407,1.0
POS91978,maple,19.0,493632.17122240306,4878094.80541095,0.0,0.0,0.7,0.13288076593151082,1.0
POS91979,maple,24.0,493624.48521763517,4878101.914649765,0.0,0.0,0.7,0.17816783518327278,1.0
POS91980,maple,6.0,493634.65809606836,4878110.859024237,0.0,0.0,0.7,0.12587710583724274,1.0
POS91982,maple,35.0,493608.82096213615,4878110.930645385,0.0,0.0,0.7,0.19842585766074086,1.0
POS91983,maple,21.0,493613.7514159167,4878115.474229312,0.0,0.0,0.7,0.26,1.0
POS91984,maple,24.0,493617.3829163308,4878120.725269205,0.0,0.0,0.7,0.32,1.0
POS91985,maple,20.0,493623.9847896639,4878116.534465778,0.0,0.0,0.7,0.32,1.0
POS91988,douglas_fir,20.0,493655.41680461745,4878142.16621025,0.0,0.0,0.0,0.32,1.0
POS91989,douglas_fir,20.0,493645.66215017426,4878132.779203831,0.0,0.0,0.0,0.32,1.0
POS91990,douglas_fir,24.0,493645.77836350905,4878127.407606766,0.0,0.0,0.0,0.32,1.0
POS91991,douglas_fir,27.0,493647.192893231,4878122.066957502,0.0,0.0,0.0,0.32,1.0
POS91992,douglas_fir,27.0,493658.62734367093,4878131.757405376,0.0,0.0,0.0,0.32,1.0
POS91993,douglas_fir,27.0,493665.6344570726,4878125.3173274845,0.0,0.0,0.0,0.32,1.0
POS91994,douglas_fir,22.0,493665.53625510354,4878131.502787136,0.0,0.0,0.0,0.32,1.0
POS91995,douglas_fir,22.0,493671.69991645194,4878135.876470143,0.0,0.0,0.0,0.32,1.0
POS91996,douglas_fir,24.0,493677.6412796435,4878135.146661948,0.0,0.0,0.0,0.32,1.0
POS91997,douglas_fir,24.0,493688.78523099096,4878131.862641633,0.0,0.0,0.0,0.32,1.0
POS91998,douglas_fir,20.0,493681.0452315053,4878131.3587331055,0.0,0.0,0.0,0.32,1.0
POS91999,douglas_fir,20.0,493669.8385823282,4878130.60495824,0.0,0.0,0.0,0.32,1.0
POS92000,douglas_fir,20.0,493680.0099651186,4878126.9503008835,0.0,0.0,0.0,0.32,1.0
POS92001,douglas_fir,20.0,493675.02163594094,4878122.539893177,0.0,0.0,0.0,0.32,1.0
POS92002,douglas_fir,20.0,493672.93869581266,4878117.600077691,0.0,0.0,0.0,0.32,1.0
POS92003,douglas_fir,20.0,493676.55340636615,4878118.119471248,0.0,0.0,0.0,0.32,1.0
POS92004,oak,24.0,493717.78126717545,4878151.992421272,0.0,0.0,0.5,0.38,1.0
POS92012,maple,10.0,493756.2070285254,4878117.56764809,0.0,0.0,0.7,0.38,1.0
POS92013,douglas_fir,26.0,493742.69965857314,4878110.539614632,0.0,0.0,0.0,0.21857920678838316,1.0
POS92016,maple,16.0,493776.2268861845,4878079.046337781,0.0,0.0,0.7,0.24062764344230061,1.0
POS92017,maple,32.0,493776.892677149,4878071.645579145,0.0,0.0,0.7,0.19471648341218445,1.0
POS92019,maple,34.0,493760.169678646,4878010.695204833,0.0,0.0,0.7,0.23259398435989354,1.0
POS92020,maple,3.0,493781.9425864249,4877984.967301753,0.0,0.0,0.7,0.20235249865890503,1.0
POS92021,pine,4.0,493789.9501764583,4877982.784614911,0.0,0.0,0.0,0.19167406145876698,1.0
POS92022,pine,4.0,493795.18819394027,4877981.415697461,0.0,0.0,0.0,0.19167406145876698,1.0
POS92023,pine,4.0,493806.5844405176,4877979.167641137,0.0,0.0,0.0,0.21746964870403737,1.0
POS92024,maple,3.0,493802.3072285113,4877979.760008898,0.0,0.0,0.7,0.20428468636813288,1.0
POS92025,pine,4.0,493813.08065425244,4877979.224218371,0.0,0.0,0.0,0.21746964870403737,1.0
POS92026,pine,4.0,493818.702874528,4877980.918162865,0.0,0.0,0.0,0.20587278781030688,1.0
POS92028,sycamore,4.0,493756.9192007462,4877992.014116074,0.0,0.0,0.9,0.2186331568508566,1.0
POS92029,maple,22.0,493743.3360095342,4877991.051406198,0.0,0.0,0.7,0.2310160401825679,1.0
POS92034,maple,26.0,493676.25108618994,4877989.7424740065,0.0,0.0,0.7,0.29747213390367444,1.0
POS92036,maple,27.0,493658.75382379204,4877967.437090403,0.0,0.0,0.7,0.3241444929204072,1.0
POS92037,maple,30.0,493660.0813526321,4877980.549017741,0.0,0.0,0.7,0.28564837588873465,1.0
POS92038,maple,12.0,493659.9239068733,4877986.374000295,0.0,0.0,0.7,0.27916618549003197,1.0
POS92039,maple,12.0,493663.86257093976,4877990.158963653,0.0,0.0,0.7,0.27916618549003197,1.0
POS92040,maple,27.0,493647.59016250836,4877977.610439152,0.0,0.0,0.7,0.28744468936654793,1.0
POS92041,maple,27.0,493649.942316554,4877983.2638128735,0.0,0.0,0.7,0.28744468936654793,1.0
POS92043,maple,12.0,493650.15368142875,4877996.634736958,0.0,0.0,0.7,0.22913407800713986,1.0
POS92044,maple,21.0,493653.22738800745,4877997.14368446,0.0,0.0,0.7,0.22913407800713986,1.0
POS92045,maple,18.0,493654.13397480606,4877999.5509155,0.0,0.0,0.7,0.22913407800713986,1.0
POS92046,maple,16.0,493656.1852989434,4877998.4800019115,0.0,0.0,0.7,0.22913407800713986,1.0
POS92047,maple,19.0,493658.4687186456,4877996.82309677,0.0,0.0,0.7,0.2579889168659688,1.0
POS92048,maple,23.0,493662.3368192629,4877998.0065732235,0.0,0.0,0.7,0.2579889168659688,1.0
POS92049,maple,24.0,493636.8895718917,4878007.062207464,0.0,0.0,0.7,0.3189854212623012,1.0
POS92050,maple,24.0,493662.29459472426,4878013.246586753,0.0,0.0,0.7,0.27627374197472754,1.0
POS92051,maple,26.0,493634.6757894219,4878037.433982277,0.0,0.0,0.7,0.20372529938880085,1.0
POS92052,maple,32.0,493638.36050101597,4878030.447731956,0.0,0.0,0.7,0.22864101059314115,1.0
POS92053,maple,32.0,493642.87821088004,4878038.922821147,0.0,0.0,0.7,0.22442997985703766,1.0
POS92054,maple,34.0,493683.31807073805,4878015.819192154,0.0,0.0,0.7,0.2612650034859103,1.0
POS92055,green_ash,34.0,493696.6621158594,4878026.885676461,0.0,0.0,0.0,0.20510762701464932,1.0
POS92056,maple,7.0,493705.3609744485,4878030.977313075,0.0,0.0,0.7,0.20510762701464932,1.0
POS92057,maple,28.0,493698.5929494689,4878030.244004635,0.0,0.0,0.7,0.20510762701464932,1.0
POS92060,maple,25.0,493700.5180905164,4878043.717976457,0.0,0.0,0.7,0.2051422735164097,1.0
POS92061,maple,25.0,493708.3175824255,4878043.468337669,0.0,0.0,0.7,0.23192547041501854,1.0
POS92062,maple,15.0,493722.25827877887,4878059.315176497,0.0,0.0,0.7,0.31321779741912104,1.0
POS92063,maple,10.0,493723.4377425662,4878054.908040201,0.0,0.0,0.7,0.31321779741912104,1.0
POS92064,maple,28.0,493720.2012030962,4878053.287598241,0.0,0.0,0.7,0.2254819228190002,1.0
POS92065,maple,13.0,493716.4613918117,4878057.174307066,0.0,0.0,0.7,0.26744669822138745,1.0
POS92066,maple,13.0,493716.4617293873,4878062.266174707,0.0,0.0,0.7,0.26744669822138745,1.0
POS92067,maple,31.0,493717.3879697827,4878075.601729915,0.0,0.0,0.7,0.34679783394543046,1.0
POS92068,maple,15.0,493714.0085268938,4878073.793617457,0.0,0.0,0.7,0.2295485633967202,1.0
POS92069,maple,24.0,493708.11598204524,4878074.010166272,0.0,0.0,0.7,0.2295485633967202,1.0
POS92070,maple,11.0,493704.30957938574,4878076.643348923,0.0,0.0,0.7,0.2138268301118063,1.0
POS92071,maple,16.0,493699.9852861998,4878076.906702392,0.0,0.0,0.7,0.2138268301118063,1.0
POS92072,maple,22.0,493695.1773163944,4878078.726869115,0.0,0.0,0.7,0.1890857548790924,1.0
POS92073,maple,20.0,493686.62662288884,4878080.185426595,0.0,0.0,0.7,0.1890857548790924,1.0
POS92074,maple,24.0,493676.19956252276,4878078.038874479,0.0,0.0,0.7,0.15527146910831138,1.0
POS92075,maple,29.0,493660.7392654381,4878076.528330289,0.0,0.0,0.7,0.15072483235086476,1.0
POS92076,maple,44.0,493684.3289266978,4878097.975403265,0.0,0.0,0.7,0.16533472573496777,1.0
POS92077,maple,13.0,493689.78998500586,4878102.331717849,0.0,0.0,0.7,0.32645993124043127,1.0
POS92078,maple,15.0,493690.9906604025,4878095.933853528,0.0,0.0,0.7,0.32645993124043127,1.0
POS92079,maple,15.0,493694.6690828278,4878089.573836369,0.0,0.0,0.7,0.2659561017642569,1.0
POS92081,maple,17.0,493712.31078205083,4878082.91073144,0.0,0.0,0.7,0.23089511461429704,1.0
POS92082,maple,12.0,493710.7050847554,4878088.839793893,0.0,0.0,0.7,0.3018863676214466,1.0
POS92083,douglas_fir,32.0,493722.1619678609,4878092.293421352,0.0,0.0,0.0,0.2613314675603395,1.0
POS92084,douglas_fir,30.0,493726.53867075,4878097.518301606,0.0,0.0,0.0,0.2515755692922453,1.0
POS92086,maple,30.0,493694.31651421974,4878115.812123495,0.0,0.0,0.7,0.32,1.0
POS92175,oak,7.0,493804.34895691526,4877754.800877599,0.0,0.0,0.5,0.2673593403915025,1.0
POS92176,oak,9.0,493807.64979225205,4877762.483032324,0.0,0.0,0.5,0.25292527235430085,1.0
POS92177,oak,9.0,493850.89310646144,4877756.195605937,0.0,0.0,0.5,0.5353245503321464,1.0
POS92178,oak,9.0,493854.7199964735,4877763.618452617,0.0,0.0,0.5,0.5353245503321464,1.0
POS92179,oregon_ash,40.0,493788.76381304354,4877741.349422453,0.0,0.0,0.0,0.04859028552172586,1.0
POS92180,maple,40.0,493790.3302373148,4877732.842801488,0.0,0.0,0.7,0.057545080073352343,1.0
POS92181,douglas_fir,6.0,493804.2151935147,4877729.856794477,0.0,0.0,0.0,0.1459958982609579,1.0
POS92182,maple,28.0,493809.718601217,4877729.865740622,0.0,0.0,0.7,0.13320925770464667,1.0
POS92183,maple,9.0,493812.34211390076,4877727.830873197,0.0,0.0,0.7,0.13320925770464667,1.0
POS92184,maple,10.0,493814.3843503473,4877726.990795867,0.0,0.0,0.7,0.13320925770464667,1.0
POS92185,maple,20.0,493816.17813335464,4877725.090069919,0.0,0.0,0.7,0.13320925770464667,1.0
POS92186,oak,20.0,493822.70537860814,4877720.498325968,0.0,0.0,0.5,0.0551745600002807,1.0
POS92187,oregon_ash,20.0,493828.8442511163,4877716.079496798,0.0,0.0,0.0,0.07672054506927978,1.0
POS92189,douglas_fir,8.0,493816.7333118763,4877738.450662928,0.0,0.0,0.0,0.10394560677629912,1.0
POS92190,pine,24.0,493843.9515821076,4877726.347693153,0.0,0.0,0.0,0.07819673819183025,1.0
POS92191,pine,24.0,493844.1316366601,4877722.750752579,0.0,0.0,0.0,0.1769505315927659,1.0
POS92192,pine,24.0,493844.5781245348,4877718.50294286,0.0,0.0,0.0,0.1769505315927659,1.0
POS92195,douglas_fir,6.0,493823.23859752965,4877737.355674697,0.0,0.0,0.0,0.10394560677629912,1.0
POS92199,douglas_fir,16.0,493828.5502817164,4877741.814940366,0.0,0.0,0.0,0.08435204068995542,1.0
POS92200,douglas_fir,23.0,493874.1891620671,4877732.307908404,0.0,0.0,0.0,0.2111523021503221,1.0
POS92203,maple,4.0,493831.7181398532,4877740.559843545,0.0,0.0,0.7,0.08435204068995542,1.0
POS92206,douglas_fir,14.0,493887.29001802957,4877734.819577547,0.0,0.0,0.0,0.11342252517989226,1.0
POS92208,maple,5.0,493844.1442193235,4877736.968379364,0.0,0.0,0.7,0.06729053562653213,1.0
POS92209,oregon_ash,31.0,493889.2368386123,4877746.129538249,0.0,0.0,0.0,0.09337894706450438,1.0
POS92210,maple,8.0,493838.9064920412,4877743.886281525,0.0,0.0,0.7,0.06729053562653213,1.0
POS92211,douglas_fir,25.0,493892.8553292341,4877754.661200978,0.0,0.0,0.0,0.531457498819322,1.0
POS92212,douglas_fir,7.0,493849.0260150034,4877735.911540535,0.0,0.0,0.0,0.07803456687308573,1.0
POS92213,douglas_fir,25.0,493886.4064687628,4877759.833201154,0.0,0.0,0.0,0.5522989931254406,1.0
POS92214,douglas_fir,25.0,493883.3675090893,4877764.2783454005,0.0,0.0,0.0,0.5522989931254406,1.0
POS92215,douglas_fir,25.0,493887.2573121047,4877769.234691794,0.0,0.0,0.0,0.5322587690483283,1.0
POS92216,douglas_fir,25.0,493888.2819918586,4877777.060320466,0.0,0.0,0.0,0.5185522656543418,1.0
POS92217,douglas_fir,12.0,493849.3152178854,4877737.714428841,0.0,0.0,0.0,0.07803456687308573,1.0
POS92218,douglas_fir,25.0,493895.9663531812,4877778.2156936675,0.0,0.0,0.0,0.5185522656543418,1.0
POS92220,douglas_fir,25.0,493902.68341195735,4877784.972475274,0.0,0.0,0.0,0.22276371267179151,1.0
POS92221,douglas_fir,25.0,493903.39178946987,4877794.701023843,0.0,0.0,0.0,0.2094546152384366,1.0
POS92222,douglas_fir,13.0,493854.09817727143,4877736.879847409,0.0,0.0,0.0,0.07803456687308573,1.0
POS92223,douglas_fir,30.0,493896.12221599225,4877793.097515589,0.0,0.0,0.0,0.33180050156550034,1.0
POS92224,douglas_fir,25.0,493891.709216751,4877795.04627293,0.0,0.0,0.0,0.3506943938588273,1.0
POS92226,douglas_fir,17.0,493863.80350173736,4877743.151797057,0.0,0.0,0.0,0.09670683097767153,1.0
POS92227,douglas_fir,24.0,493870.434408463,4877748.714069729,0.0,0.0,0.0,0.1108120843263502,1.0
POS92231,douglas_fir,25.0,493881.5642612214,4877768.22515314,0.0,0.0,0.0,0.5430192969299459,1.0
POS92237,douglas_fir,25.0,493888.9163684655,4877811.841951527,0.0,0.0,0.0,0.4109462185017374,1.0
POS92238,douglas_fir,25.0,493881.3139870155,4877811.632255052,0.0,0.0,0.0,0.355390713494631,1.0
POS92241,douglas_fir,30.0,493896.34993158316,4877822.248231246,0.0,0.0,0.0,0.3875084369078491,1.0
POS92242,douglas_fir,24.0,493887.67094147234,4877838.657127042,0.0,0.0,0.0,0.2645667467145961,1.0
POS92243,douglas_fir,22.0,493883.10704133764,4877846.633670328,0.0,0.0,0.0,0.2615934036771499,1.0
POS92244,douglas_fir,27.0,493890.35332637955,4877851.359581258,0.0,0.0,0.0,0.2586924579126922,1.0
POS92245,douglas_fir,26.0,493895.174032541,4877843.342901154,0.0,0.0,0.0,0.2645667467145961,1.0
POS92246,douglas_fir,23.0,493896.4523442603,4877852.782748711,0.0,0.0,0.0,0.2586924579126922,1.0
POS92248,douglas_fir,32.0,493893.03062611155,4877909.842018631,0.0,0.0,0.0,0.4089451183890768,1.0
POS92254,douglas_fir,26.0,493891.540851596,4877920.142979183,0.0,0.0,0.0,0.40676618288530014,1.0
POS92255,douglas_fir,30.0,493912.1408001184,4877923.563883562,0.0,0.0,0.0,0.18932885129154708,1.0
POS92256,douglas_fir,27.0,493908.47475904226,4877902.850823872,0.0,0.0,0.0,0.1862458835350053,1.0
POS92257,douglas_fir,26.0,493910.702800577,4877893.335820904,0.0,0.0,0.0,0.18875655959048143,1.0
POS92261,douglas_fir,30.0,493897.76586598856,4877875.129152103,0.0,0.0,0.0,0.22744088336566798,1.0
POS92262,douglas_fir,19.0,493904.9213505617,4877868.0169815235,0.0,0.0,0.0,0.19763544821205825,1.0
POS92263,douglas_fir,22.0,493904.64055233425,4877871.896723002,0.0,0.0,0.0,0.19763544821205825,1.0
POS92264,douglas_fir,20.0,493912.6139370095,4877865.344980025,0.0,0.0,0.0,0.22610721308231924,1.0
POS92265,douglas_fir,22.0,493915.9759817768,4877857.834783142,0.0,0.0,0.0,0.21633454462284776,1.0
POS92267,douglas_fir,26.0,493909.7186332622,4877857.910237187,0.0,0.0,0.0,0.21633454462284776,1.0
POS92268,douglas_fir,19.0,493912.3190618939,4877850.289206501,0.0,0.0,0.0,0.17472949577238045,1.0
POS92269,douglas_fir,22.0,493921.4551222449,4877847.167270876,0.0,0.0,0.0,0.29200689326228124,1.0
POS92276,douglas_fir,24.0,493921.7448535898,4877821.574012183,0.0,0.0,0.0,0.21468831841098512,1.0
POS92277,douglas_fir,23.0,493926.65562822483,4877815.327675774,0.0,0.0,0.0,0.24213855264506506,1.0
POS92278,douglas_fir,26.0,493928.7573220139,4877808.60528818,0.0,0.0,0.0,0.5412284545783975,1.0
POS92279,douglas_fir,28.0,493932.3131207386,4877802.309811275,0.0,0.0,0.0,0.47839911098955695,1.0
POS92287,oak,9.0,493860.011941157,4877785.770688783,0.0,0.0,0.5,0.3138280777664698,1.0
POS92288,douglas_fir,13.0,493860.3572446607,4877787.788057949,0.0,0.0,0.0,0.3138280777664698,1.0
POS92289,douglas_fir,13.0,493858.02889823605,4877791.291980276,0.0,0.0,0.0,0.3138280777664698,1.0
POS92292,oregon_ash,18.0,493877.2077643488,4877922.285381394,0.0,0.0,0.0,0.39582545275576914,1.0
POS92303,oak,30.0,493792.31288371095,4877958.2260631835,0.0,0.0,0.5,0.31047845207327585,1.0
POS92304,maple,39.0,493630.5782386759,4877944.829713422,0.0,0.0,0.7,0.2495134423342251,1.0
POS92305,maple,39.0,493638.3361846321,4877932.073242595,0.0,0.0,0.7,0.24600227569118238,1.0
POS92307,douglas_fir,31.0,493640.01467522245,4877917.358775132,0.0,0.0,0.0,0.25390197543636767,1.0
POS92308,douglas_fir,40.0,493639.6649377226,4877910.577725282,0.0,0.0,0.0,0.24825790211269028,1.0
POS92309,maple,47.0,493716.2623375639,4877840.96271744,0.0,0.0,0.7,0.22319469053362243,1.0
POS92312,oregon_ash,11.0,493699.52028752613,4877840.842861543,0.0,0.0,0.0,0.29298523946629046,1.0
POS92313,oregon_ash,14.0,493696.91549004446,4877852.34648564,0.0,0.0,0.0,0.23683991136656513,1.0
POS92314,maple,40.0,493688.48792504135,4877841.838541862,0.0,0.0,0.7,0.36711621721810417,1.0
POS92315,oregon_ash,8.0,493659.73320839286,4877848.597397104,0.0,0.0,0.0,0.3273504301866299,1.0
POS92316,oregon_ash,7.0,493652.0618710515,4877850.356408944,0.0,0.0,0.0,0.3469883242894724,1.0
POS92317,oregon_ash,13.0,493644.1908513755,4877857.965045581,0.0,0.0,0.0,0.2525533190245541,1.0
POS92318,maple,22.0,493636.2420818031,4877862.663470409,0.0,0.0,0.7,0.3972759910536381,1.0
POS92319,maple,26.0,493624.8024341199,4877869.753288914,0.0,0.0,0.7,0.41410672163245565,1.0
POS92320,maple,13.0,493621.2440593261,4877875.304267368,0.0,0.0,0.7,0.3256803332129983,1.0
POS92321,maple,13.0,493618.47934372816,4877880.505620713,0.0,0.0,0.7,0.3256803332129983,1.0
POS92322,maple,13.0,493615.5826864612,4877884.961012951,0.0,0.0,0.7,0.2586449780517147,1.0
POS92323,maple,13.0,493613.81198611896,4877887.770456479,0.0,0.0,0.7,0.2586449780517147,1.0
POS92326,oregon_ash,11.0,493576.4337831546,4877899.361810049,0.0,0.0,0.0,0.30492990937168546,1.0
POS92327,maple,18.0,493567.81492417626,4877894.181128055,0.0,0.0,0.7,0.26874705588734665,1.0
POS92328,maple,38.0,493565.79181236314,4877896.424421073,0.0,0.0,0.7,0.30920450032248425,1.0
POS92329,maple,55.0,493563.4094358304,4877898.602490223,0.0,0.0,0.7,0.30920450032248425,1.0
POS92330,maple,36.0,493556.8062842091,4877902.025134537,0.0,0.0,0.7,0.30920450032248425,1.0
POS92334,oregon_ash,15.0,493603.0401966148,4877871.403670494,0.0,0.0,0.0,0.2929778296583273,1.0
POS92338,douglas_fir,21.0,493619.55556488014,4877841.918626285,0.0,0.0,0.0,0.2734711950108324,1.0
POS92339,douglas_fir,21.0,493632.0042989991,4877840.808110616,0.0,0.0,0.0,0.24295575039306622,1.0
POS92341,oregon_ash,9.0,493639.233639913,4877848.216196005,0.0,0.0,0.0,0.39662071663963666,1.0
POS92342,maple,10.0,493643.14841357275,4877837.056477107,0.0,0.0,0.7,0.2698894151577137,1.0
POS92343,douglas_fir,16.0,493649.83062964416,4877834.03390591,0.0,0.0,0.0,0.25845690213948097,1.0
POS92345,oregon_ash,26.0,493660.6943333264,4877836.749307968,0.0,0.0,0.0,0.3707496397456628,1.0
POS92347,maple,30.0,493680.67030066304,4877832.814247829,0.0,0.0,0.7,0.2956463239190415,1.0
POS92348,maple,30.0,493692.473666272,4877830.733643002,0.0,0.0,0.7,0.2901088899825195,1.0
POS92349,maple,13.0,493687.9707341263,4877831.463780045,0.0,0.0,0.7,0.2901088899825195,1.0
POS92351,maple,27.0,493698.6672341112,4877826.938164946,0.0,0.0,0.7,0.25762818112912805,1.0
POS92352,oregon_ash,26.0,493705.35636783426,4877827.460112765,0.0,0.0,0.0,0.25762818112912805,1.0
POS92357,maple,27.0,493757.8741924247,4877787.503704383,0.0,0.0,0.7,0.22232777273631332,1.0
POS92358,oregon_ash,28.0,493780.4465726643,4877768.680465868,0.0,0.0,0.0,0.16968640188140138,1.0
POS92359,oregon_ash,17.0,493786.1907730979,4877769.2595160175,0.0,0.0,0.0,0.16968640188140138,1.0
POS92360,maple,55.0,493791.2135619291,4877762.426401554,0.0,0.0,0.7,0.3084537547551595,1.0
POS92361,maple,8.0,493787.52595322445,4877783.016298735,0.0,0.0,0.7,0.241410121541962,1.0
POS92362,oak,6.0,493797.81205492513,4877772.006632594,0.0,0.0,0.5,0.32381505975674124,1.0
POS92366,douglas_fir,16.0,493816.3353441139,4877778.76826274,0.0,0.0,0.0,0.07504360918781695,1.0
POS92367,oak,7.0,493826.3995718244,4877786.15625738,0.0,0.0,0.5,0.27365773662896137,1.0
POS92368,oak,10.0,493831.53590419795,4877782.183322777,0.0,0.0,0.5,0.1140841270703567,1.0
POS92374,douglas_fir,22.0,493963.08008798136,4877793.7824739795,0.0,0.0,0.0,0.16314000543722906,1.0
POS92375,douglas_fir,17.0,493967.7449056909,4877801.386134419,0.0,0.0,0.0,0.48442013301913606,1.0
POS92376,douglas_fir,28.0,493965.06551995035,4877790.670730477,0.0,0.0,0.0,0.16314000543722906,1.0
POS92501,maple,10.0,494459.69236884476,4878131.787574387,0.0,0.0,0.7,0.16084870727247377,1.0
POS92502,oak,9.0,494463.98133124004,4878137.090445431,0.0,0.0,0.5,0.32,1.0
POS92503,maple,14.0,494399.7925919894,4877954.356923975,0.0,0.0,0.7,0.20411987047346442,1.0
POS92504,maple,14.0,494402.98154028546,4877947.741294648,0.0,0.0,0.7,0.20411987047346442,1.0
POS92507,maple,30.0,494429.6317183106,4877862.200317475,0.0,0.0,0.7,0.21679468596642137,1.0
POS92509,maple,5.0,494430.41190144006,4877834.66693801,0.0,0.0,0.7,0.23501776465777913,1.0
POS92510,oregon_ash,30.0,494426.33770265774,4877820.037479645,0.0,0.0,0.0,0.2114505849808485,1.0
POS92511,maple,9.0,494424.3771179325,4877812.512927319,0.0,0.0,0.7,0.1974136374542124,1.0
POS92512,maple,21.0,494420.0902051123,4877804.879640113,0.0,0.0,0.7,0.1974136374542124,1.0
POS92515,maple,43.0,494387.92668305157,4877779.646896624,0.0,0.0,0.7,0.2065102412198756,1.0
POS92516,maple,38.0,494384.0135339955,4877775.214965578,0.0,0.0,0.7,0.5148804825033828,1.0
POS92517,maple,44.0,494378.47563118476,4877771.004249455,0.0,0.0,0.7,0.5324779973751083,1.0
POS92518,maple,30.0,494375.85342814197,4877768.498708573,0.0,0.0,0.7,0.5214408505389104,1.0
POS92519,maple,43.0,494362.589706216,4877761.090708477,0.0,0.0,0.7,0.5423273508054345,1.0
POS92520,maple,27.0,494353.81828109984,4877756.783482603,0.0,0.0,0.7,0.009799256943743829,1.0
POS92521,maple,45.0,494345.6102957186,4877754.345132262,0.0,0.0,0.7,0.002909562788325009,1.0
POS92522,maple,29.0,494335.0378474101,4877751.423897775,0.0,0.0,0.7,0.03160614931994049,1.0
POS92523,oregon_ash,36.0,494413.5903736963,4877788.322124819,0.0,0.0,0.0,0.5919507039035088,1.0
POS92524,maple,14.0,494424.6187704361,4877795.845814384,0.0,0.0,0.7,0.5451898500141283,1.0
POS92525,maple,16.0,494442.54547178926,4877845.188006238,0.0,0.0,0.7,0.2640951713118164,1.0
POS92528,maple,19.0,494468.29418503435,4877712.794921308,0.0,0.0,0.7,0.05069370758929362,1.0
POS92529,maple,8.0,494466.5831865839,4877715.976055783,0.0,0.0,0.7,0.5907861152092523,1.0
POS92530,maple,20.0,494462.24301250465,4877762.941706402,0.0,0.0,0.7,0.5830501686519273,1.0
POS92531,maple,6.0,494460.15075820393,4877788.737075679,0.0,0.0,0.7,0.2570694245186918,1.0
POS92532,oregon_ash,14.0,494461.18933394045,4877793.322517642,0.0,0.0,0.0,0.2570694245186918,1.0
POS92533,maple,13.0,494462.0503646543,4877798.93119281,0.0,0.0,0.7,0.22736419423199972,1.0
POS92534,maple,26.0,494463.74176077486,4877811.175960039,0.0,0.0,0.7,0.22095296196220277,1.0
POS92535,maple,18.0,494466.3117027644,4877818.598696231,0.0,0.0,0.7,0.21665001035797193,1.0
POS92536,maple,9.0,494472.84056854586,4877836.130008238,0.0,0.0,0.7,0.21105218589186242,1.0
POS92537,oregon_ash,10.0,494488.9041734159,4877868.931672819,0.0,0.0,0.0,0.24544610002509284,1.0
POS92538,oregon_ash,6.0,494491.6690827847,4877874.744076639,0.0,0.0,0.0,0.2361813661705574,1.0
POS92546,maple,3.0,494111.9206471725,4877730.89582343,0.0,0.0,0.7,0.025626808946873317,1.0
POS92547,douglas_fir,57.0,494148.45234012883,4877740.986738336,0.0,0.0,0.0,0.5633352030312656,1.0
POS92548,maple,39.0,494192.9904326911,4877737.140868284,0.0,0.0,0.7,0.6106432944315442,1.0
POS92549,maple,16.0,494226.26954810123,4877737.892719787,0.0,0.0,0.7,0.5764473431898647,1.0
POS92550,maple,32.0,494239.21329224325,4877731.3713246975,0.0,0.0,0.7,0.18878524732211416,1.0
POS92551,maple,16.0,494244.99015469826,4877729.096965671,0.0,0.0,0.7,0.18878524732211416,1.0
POS92557,maple,15.0,494374.1969873572,4877699.135072644,0.0,0.0,0.7,0.036440947919011035,1.0
POS92560,maple,37.0,494404.1680672331,4877689.943591813,0.0,0.0,0.7,0.06554394992896605,1.0
POS92561,maple,26.0,494433.9838359294,4877673.538648034,0.0,0.0,0.7,0.08043617721584555,1.0
POS92562,maple,24.0,494448.1797034858,4877668.197367035,0.0,0.0,0.7,0.048554425857184995,1.0
POS92564,oregon_ash,4.0,494463.40061025857,4877654.218204512,0.0,0.0,0.0,0.05650444807025498,1.0
POS92565,oregon_ash,4.0,494467.4822128531,4877651.833548014,0.0,0.0,0.0,0.057946827253737544,1.0
POS92566,maple,45.0,494506.4601781691,4877651.393872559,0.0,0.0,0.7,0.036804183127992156,1.0
POS92568,oregon_ash,6.0,494518.7250704074,4877646.907488935,0.0,0.0,0.0,0.06189566021047006,1.0
POS92569,oregon_ash,6.0,494526.0935907881,4877643.892514687,0.0,0.0,0.0,0.04735765266798729,1.0
POS92570,oregon_ash,12.0,494541.1402968439,4877636.523866132,0.0,0.0,0.0,0.06442483105147227,1.0
POS92571,maple,43.0,494457.3676244911,4877668.779408004,0.0,0.0,0.7,0.053089715974508234,1.0
POS92572,maple,35.0,494407.99821008655,4877705.2615924645,0.0,0.0,0.7,0.0643138980195742,1.0
POS92573,maple,56.0,494364.11402589804,4877711.24202346,0.0,0.0,0.7,0.11433427647819201,1.0
POS92574,douglas_fir,49.0,494334.3571504472,4877707.647894052,0.0,0.0,0.0,0.0318998655440986,1.0
POS92576,maple,23.0,494265.8090001681,4877725.311294191,0.0,0.0,0.7,0.19612929472633084,1.0
POS92577,oak,25.0,494252.53351821733,4877739.459529372,0.0,0.0,0.5,0.5690996206160482,1.0
POS92580,maple,22.0,494210.32741286175,4877754.0503322,0.0,0.0,0.7,0.5843370402889873,1.0
POS92581,oregon_ash,37.0,494185.33322379674,4877741.803784165,0.0,0.0,0.0,0.6067954275419054,1.0
POS92582,maple,35.0,494145.1812119512,4877746.204476102,0.0,0.0,0.7,0.5805742342482335,1.0
POS92583,maple,43.0,494136.92688029225,4877746.505033387,0.0,0.0,0.7,0.5805742342482335,1.0
POS92584,maple,45.0,494128.7258363928,4877744.698514472,0.0,0.0,0.7,0.5823597006235389,1.0
POS92585,maple,37.0,494124.47061596526,4877745.2408338655,0.0,0.0,0.7,0.568731588953927,1.0
POS92591,maple,15.0,494384.17023891874,4877739.987228244,0.0,0.0,0.7,0.04966113955056066,1.0
POS92592,maple,8.0,494483.77868774196,4877984.421902095,0.0,0.0,0.7,0.22709598832342717,1.0
POS92593,maple,3.0,494485.17730633373,4877983.32041108,0.0,0.0,0.7,0.24704043200964487,1.0
POS92594,maple,3.0,494486.9907336139,4877982.13529786,0.0,0.0,0.7,0.24965345380753368,1.0
POS92595,maple,7.0,494488.85319548025,4877981.113253205,0.0,0.0,0.7,0.24965345380753368,1.0
POS92596,maple,15.0,494490.8931832925,4877979.557790427,0.0,0.0,0.7,0.24965345380753368,1.0
POS92597,maple,9.0,494493.04560071835,4877977.843978301,0.0,0.0,0.7,0.24965345380753368,1.0
POS92598,maple,6.0,494494.78598608205,4877976.97849503,0.0,0.0,0.7,0.24965345380753368,1.0
POS92599,maple,15.0,494496.5487744573,4877975.68406707,0.0,0.0,0.7,0.26041731372398425,1.0
POS92600,maple,5.0,494498.0325331884,4877974.939828283,0.0,0.0,0.7,0.26041731372398425,1.0
POS92601,maple,8.0,494499.1254951184,4877974.198425838,0.0,0.0,0.7,0.22969988939701974,1.0
POS92602,maple,8.0,494500.7252149569,4877972.953032457,0.0,0.0,0.7,0.22969988939701974,1.0
POS92603,maple,10.0,494501.92877631774,4877972.342435044,0.0,0.0,0.7,0.22969988939701974,1.0
POS92604,maple,11.0,494502.6036417497,4877971.392747595,0.0,0.0,0.7,0.22969988939701974,1.0
POS92605,maple,18.0,494508.28256735206,4877968.868162741,0.0,0.0,0.7,0.29080243849287,1.0
POS92606,maple,14.0,494513.691490183,4877964.557563852,0.0,0.0,0.7,0.29080243849287,1.0
POS92607,maple,14.0,494533.3377845156,4877946.207358212,0.0,0.0,0.7,0.42367783855782776,1.0
POS92608,maple,12.0,494536.2868143643,4877945.70685982,0.0,0.0,0.7,0.42367783855782776,1.0
POS92609,maple,11.0,494540.24617759197,4877944.124082289,0.0,0.0,0.7,0.24236742591329377,1.0
POS92610,maple,18.0,494544.75587772625,4877941.19708835,0.0,0.0,0.7,0.24236742591329377,1.0
POS92611,oregon_ash,5.0,494548.51475140284,4877940.628958675,0.0,0.0,0.0,0.23526425078976748,1.0
POS92612,maple,12.0,494550.3207068757,4877937.1109498795,0.0,0.0,0.7,0.23526425078976748,1.0
POS92613,maple,5.0,494546.0667975966,4877913.435447949,0.0,0.0,0.7,0.2937459401046668,1.0
POS92615,oregon_ash,6.0,494543.31675675197,4877905.074408438,0.0,0.0,0.0,0.2937459401046668,1.0
POS92620,maple,28.0,494515.67157121666,4877855.323247846,0.0,0.0,0.7,0.25772425886384154,1.0
POS92622,douglas_fir,10.0,494510.5673074712,4877834.697557582,0.0,0.0,0.0,0.2689701232201705,1.0
POS92623,maple,50.0,494528.45023576124,4877855.900759639,0.0,0.0,0.7,0.29872003833594385,1.0
POS92624,douglas_fir,9.0,494506.3763607405,4877827.581550423,0.0,0.0,0.0,0.2468752652492703,1.0
POS92628,oak,5.0,494509.1632161729,4877816.690084466,0.0,0.0,0.5,0.273176301305152,1.0
POS92629,maple,28.0,494492.9137282562,4877793.630974383,0.0,0.0,0.7,0.2876677091243608,1.0
POS92630,maple,30.0,494507.7147621285,4877810.947572955,0.0,0.0,0.7,0.31610265093610823,1.0
POS92633,maple,16.0,494502.22469227895,4877757.128017315,0.0,0.0,0.7,0.2748027006311806,1.0
POS92635,douglas_fir,9.0,494518.67217633897,4877699.677889856,0.0,0.0,0.0,0.05868677329356539,1.0
POS92637,oregon_ash,13.0,494524.1560844842,4877699.358453184,0.0,0.0,0.0,0.05868677329356539,1.0
POS92640,oregon_ash,13.0,494562.9577877561,4877663.314689847,0.0,0.0,0.0,0.058268327284319354,1.0
POS92641,maple,30.0,494638.2877507279,4877634.200184804,0.0,0.0,0.7,0.11713341171911083,1.0
POS92643,pine,30.0,494644.05040011986,4877641.213903129,0.0,0.0,0.0,0.08283646735205012,1.0
POS92689,douglas_fir,32.0,494572.42239514214,4877915.533728357,0.0,0.0,0.0,0.25194671384680506,1.0
POS92791,maple,49.0,494578.90344185196,4877626.497833761,0.0,0.0,0.7,0.03304230212385851,1.0
POS92792,oak,8.0,494631.491591203,4877611.971133708,0.0,0.0,0.5,0.05203462116806702,1.0
POS93384,maple,8.0,493351.51132031553,4876787.5856477795,0.0,0.0,0.7,0.152175501480014,1.0
POS93386,maple,8.0,493354.65067890496,4876781.327923586,0.0,0.0,0.7,0.13321220913939152,1.0
POS93387,maple,5.0,493358.25540108676,4876780.406469282,0.0,0.0,0.7,0.16101873263084665,1.0
POS93388,maple,5.0,493365.5159057021,4876780.133138082,0.0,0.0,0.7,0.16101873263084665,1.0
POS93389,maple,8.0,493368.9556968894,4876780.284798353,0.0,0.0,0.7,0.16015563867504665,1.0
POS93390,maple,4.0,493376.3946001502,4876780.604811595,0.0,0.0,0.7,0.16015563867504665,1.0
POS93391,maple,4.0,493379.43063150503,4876780.553615451,0.0,0.0,0.7,0.15987332855977565,1.0
POS93392,maple,4.0,493384.4035867008,4876780.93943872,0.0,0.0,0.7,0.15987332855977565,1.0
POS93393,maple,9.0,493389.513375412,4876782.041370035,0.0,0.0,0.7,0.16330126272107476,1.0
POS93394,maple,10.0,493397.93024580413,4876781.0266240975,0.0,0.0,0.7,0.13582046154242766,1.0
POS93395,maple,1.0,493408.37158402253,4876781.100932665,0.0,0.0,0.7,0.1784784167488302,1.0
POS94351,pine,21.0,493583.2296821184,4877365.42324021,0.0,0.0,0.0,0.11541285639146932,1.0
POS94357,pine,21.0,493712.48803467583,4877289.903259509,0.0,0.0887871076713432,0.0,0.1448240680553396,1.0
POS94366,western_hemlock,6.0,493851.41086476337,4877160.959372922,0.0,0.04246666544650662,0.0,0.19342373953204803,1.0
POS94367,douglas_fir,51.0,493860.0261676357,4877160.422675052,0.0,0.03639879217873101,0.0,0.14101074835462568,1.0
POS94368,douglas_fir,28.0,493867.6786529553,4877156.68223634,0.0,0.03154296450746077,0.0,0.15728909142760447,1.0
POS94371,maple,8.0,493885.9331495801,4877161.19588418,0.0,0.0,0.7,0.16685993479666336,1.0
POS94372,douglas_fir,57.0,493884.7474516609,4877152.164398252,0.0,0.0,0.0,0.17507644843384698,1.0
POS94373,oak,50.0,493906.42876639543,4877161.5430803215,0.0,0.0,0.5,0.16679008278676336,1.0
POS94374,dogwood,12.0,493926.606627399,4877159.2347062,0.0,0.0,0.9,0.1411493819366782,1.0
POS94375,dogwood,10.0,493935.0285648136,4877156.310959891,0.0,0.0,0.9,0.1411493819366782,1.0
POS94376,douglas_fir,56.0,493943.7701055775,4877151.544591171,0.0,0.0,0.0,0.22043742546519662,1.0
POS94377,douglas_fir,41.0,493952.84903122584,4877148.772757886,0.0,0.0,0.0,0.0840220740914786,1.0
POS94378,western_hemlock,14.0,493978.373231082,4877144.639586183,0.0,0.0,0.0,0.17006019874282438,1.0
POS94379,western_hemlock,15.0,493979.65442164865,4877145.237742962,0.0,0.0,0.0,0.17006019874282438,1.0
POS94381,pine,21.0,493996.3778510136,4877139.833972545,0.0,0.0,0.0,0.16644888670162775,1.0
POS94382,pine,12.0,494002.62092696223,4877139.111272609,0.0,0.0,0.0,0.2177248767442969,1.0
POS94400,pine,29.0,494179.0209883432,4877086.332102373,0.0,0.0,0.0,0.10528773530191593,1.0
POS94404,douglas_fir,22.0,494217.61316408846,4877074.320501213,0.0,0.0,0.0,0.22901246765605443,1.0
POS94406,western_hemlock,8.0,494229.98961915495,4877074.094574649,0.0,0.0,0.0,0.12076366039874817,1.0
POS94408,douglas_fir,25.0,494233.4094438435,4877072.5428892635,0.0,0.0,0.0,0.12076366039874817,1.0
POS94409,western_hemlock,7.0,494238.8268227327,4877072.770781168,0.0,0.0,0.0,0.17021129519369588,1.0
POS94410,douglas_fir,18.0,494241.541368527,4877070.470421513,0.0,0.0,0.0,0.17021129519369588,1.0
POS94411,douglas_fir,21.0,494249.2216018744,4877070.236634201,0.0,0.0,0.0,0.1214542592584168,1.0
POS94417,oak,48.0,494323.20688194025,4877038.147061599,0.0,0.0,0.5,0.14159431949611165,1.0
POS94419,oak,39.0,494335.46507264004,4877041.886476335,0.0,0.0,0.5,0.1646499429203938,1.0
POS94543,oak,14.0,494169.4836398862,4877133.277240809,0.0,0.0,0.5,0.1064376164788658,1.0
POS94544,oak,14.0,494163.85769215884,4877134.49846506,0.0,0.0,0.5,0.22752524902470483,1.0
POS94545,oak,32.0,494150.97731228673,4877152.456360829,0.0,0.0,0.5,0.06946943634108202,1.0
POS94547,oak,29.0,494138.0233563291,4877153.883991131,0.0,0.0,0.5,0.14651256971932022,1.0
POS94548,oak,33.0,494119.4904516037,4877155.527856764,0.0,0.0,0.5,0.09559247733221699,1.0
POS94549,oak,20.0,494110.3467045352,4877167.052648119,0.0,0.0,0.5,0.2444026337407152,1.0
POS94551,oak,38.0,494090.1554691854,4877157.104290764,0.0,0.0,0.5,0.1749194627913014,1.0
POS94552,oak,42.0,494075.8003666923,4877161.560733268,0.0,0.0,0.5,0.17883614693435101,1.0
POS94553,oak,44.0,494061.65032974887,4877164.309106899,0.0,0.0,0.5,0.20726290584420654,1.0
POS94554,oak,43.0,494046.16997213603,4877168.405284624,0.0,0.0,0.5,0.10549278359932374,1.0
POS94555,oak,29.0,494031.5643978731,4877170.96659263,0.0,0.0,0.5,0.2541766241908048,1.0
POS94556,oak,57.0,494016.4378172901,4877175.8981792815,0.0,0.0,0.5,0.16636932938948384,1.0
POS94557,oak,36.0,494001.41673627746,4877180.098372294,0.0,0.0,0.5,0.22659469043252556,1.0
POS94558,oak,38.0,493986.85972661694,4877183.50295667,0.0,0.0,0.5,0.16451109703485473,1.0
POS94560,oak,33.0,493949.0375583216,4877194.675513611,0.0,0.0,0.5,0.10049496327818705,1.0
POS94561,oak,28.0,493931.98758837016,4877200.403839638,0.0,0.0,0.5,0.1296429890891767,1.0
POS94562,oak,20.0,493933.4103439886,4877205.939322056,0.0,0.0,0.5,0.1510420268429511,1.0
POS94563,oak,20.0,493924.97327512334,4877208.979144523,0.0,0.0,0.5,0.12522426964255495,1.0
POS94567,oak,17.0,493909.73089770315,4877215.781532437,0.0,0.0,0.5,0.1769871203443503,1.0
POS94568,oak,19.0,493885.20796605875,4877220.310694943,0.0,0.0,0.5,0.10762564270494743,1.0
POS94569,oak,19.0,493872.2900413351,4877227.598404783,0.0,0.0,0.5,0.09355170560725919,1.0
POS94570,maple,8.0,493872.2352379853,4877235.1777189365,0.0,0.0,0.7,0.08986755027734596,1.0
POS94572,oak,25.0,493861.3528392124,4877241.032731154,0.0,0.0,0.5,0.151427812607146,1.0
POS94573,oak,36.0,493852.84281049896,4877245.30649384,0.0,0.0,0.5,0.0952711140797918,1.0
POS95131,oak,2.0,493426.8836309538,4876369.92978153,0.0,0.0,0.5,0.16846324656454156,1.0
POS95419,oak,1.0,492948.09682671016,4878050.93005214,0.0,0.0,0.5,0.08367330674068624,1.0
POS95429,sycamore,3.0,492812.5917547971,4878089.750099899,0.0,0.0,0.9,0.23,1.0
POS95606,douglas_fir,36.0,493542.6543937575,4877188.845914654,0.0,0.11109212120592574,0.0,0.17368097642714703,1.0
POS95685,green_ash,14.0,494402.9327565081,4877304.224177694,0.0,0.0,0.0,0.2948561368835353,1.0
POS95859,oak,2.0,492685.93292552483,4876307.218902929,0.0,0.0,0.5,0.12314162596104124,1.0
POS95892,dogwood,12.0,493955.9038975893,4877087.885607245,0.0,0.0,0.9,0.18517334059328,1.0
POS95896,douglas_fir,43.0,493945.1784386057,4877083.301955508,0.0,0.0,0.0,0.20458723965058415,1.0
POS95982,oak,1.0,492670.119548606,4876317.483665535,0.0,0.0,0.5,0.13745716085833765,1.0
POS96244,maple,5.0,492707.241922639,4877559.075592965,0.0,0.0,0.7,0.13861225149899198,1.0
POS96245,maple,5.0,492708.39820641384,4877557.452146089,0.0,0.0,0.7,0.13861225149899198,1.0
POS96250,maple,4.0,492727.8052530068,4877560.896297561,0.0,0.0,0.7,0.12004332031829704,1.0
POS96251,maple,4.0,492728.58650111634,4877563.810905396,0.0,0.0,0.7,0.12004332031829704,1.0
POS96252,maple,4.0,492728.927606114,4877566.713078168,0.0,0.0,0.7,0.11794414432046099,1.0
POS96255,maple,4.0,492728.9090253726,4877571.229569283,0.0,0.0,0.7,0.11794414432046099,1.0
POS96256,maple,4.0,492728.4192625601,4877574.247051138,0.0,0.0,0.7,0.11794414432046099,1.0
POS96257,maple,5.0,492727.74506008654,4877577.138324898,0.0,0.0,0.7,0.16488903113817177,1.0
POS96258,maple,4.0,492726.00580614986,4877580.000014666,0.0,0.0,0.7,0.1419499070220746,1.0
POS96259,maple,17.0,492742.394637316,4877488.845940629,0.0,0.0,0.7,0.13670831145254508,1.0
POS96260,maple,3.0,492726.03717175324,4877557.8242357625,0.0,0.0,0.7,0.15085501452955702,1.0
POS96487,sycamore,20.0,492738.04408636625,4877529.453727264,0.0,0.0,0.9,0.13002342771947906,1.0
POS96577,oak,1.0,494065.50905518106,4876205.362053265,0.0,0.0,0.5,0.2218045171937725,1.0
POS96670,oak,15.0,494403.79114122037,4877326.198515652,0.0,0.0,0.5,0.3157485703486187,1.0
POS96671,oak,17.0,494403.6939460197,4877333.602956692,0.0,0.0,0.5,0.3157485703486187,1.0
POS96672,oak,17.0,494403.5201096089,4877344.955639041,0.0,0.0,0.5,0.30790335588478057,1.0
POS96711,pine,2.0,493621.05512769945,4877959.46296312,0.0,0.0,0.0,0.18986064476449938,1.0
POS96770,maple,1.0,493177.81848277635,4877862.089155073,0.0,0.0,0.7,0.1302102191064158,1.0
POS96772,maple,1.0,493165.1875391399,4877861.976792288,0.0,0.0,0.7,0.22380262335152218,1.0
POS96773,maple,1.0,493176.9128138855,4877852.53685883,0.0,0.0,0.7,0.16072098947935126,1.0
POS96774,maple,1.0,493160.3807090954,4877847.942251081,0.0,0.0,0.7,0.23305415514050523,1.0
POS96775,maple,1.0,493171.41255549074,4877841.788979979,0.0,0.0,0.7,0.17215935422393697,1.0
POS96783,maple,1.0,493163.7522273398,4877854.657676906,0.0,0.0,0.7,0.22380262335152218,1.0
POS96992,maple,11.0,492708.09351986134,4877184.138838129,0.0,0.0,0.7,0.21718094302056898,1.0
POS98713,maple,,494490.3735616944,4878013.6127388785,0.0,0.0,0.7,0.18739468921936275,1.0
POS98714,maple,,494490.2750047342,4878012.448561255,0.0,0.0,0.7,0.18739468921936275,1.0
POS98715,maple,,494488.77903322614,4878024.749193592,0.0,0.0,0.7,0.18676957736233496,1.0
POS99086,pine,38.0,494406.95954230125,4876242.475942444,0.0,0.0,0.0,0.23861592042437146,1.0
POS99087,maple,4.0,494557.8720208668,4876300.627677367,0.0,0.0,0.7,0.14151695063447373,1.0
POS99088,maple,3.0,494558.4425736283,4876327.822567557,0.0,0.0,0.7,0.13075969353486228,1.0
POS99166,maple,47.0,492672.64233247953,4878139.874412464,0.0,0.0,0.7,0.23,1.0
POS99199,douglas_fir,46.0,492666.0925633956,4878130.8355781045,0.0,0.0,0.0,0.23,1.0
POS99225,oak,2.0,493644.3587801998,4876283.101125512,0.0,0.0,0.5,0.11447397038830218,1.0
POS99255,oregon_ash,1.0,493764.23462057975,4876331.578737929,0.0,0.0,0.0,0.2388670451199323,1.0
POS99265,maple,5.0,494161.3151040008,4878054.609348626,0.0,0.0,0.7,0.21648348592572095,1.0
POS99266,maple,2.0,494178.7332534412,4878056.334551079,0.0,0.0,0.7,0.21411814558197187,1.0
POS99267,maple,3.0,494190.44154451316,4878056.745701138,0.0,0.0,0.7,0.24807667700204045,1.0
POS99268,maple,17.0,494193.9127597104,4878072.386083843,0.0,0.0,0.7,0.24817569249368315,1.0
POS99269,maple,15.0,494195.8917238625,4878070.167878154,0.0,0.0,0.7,0.24817569249368315,1.0
POS99270,oregon_ash,32.0,494199.56687883055,4878070.005659327,0.0,0.0,0.0,0.26240608001504323,1.0
POS99271,oregon_ash,14.0,494202.89849930943,4878067.830525466,0.0,0.0,0.0,0.26240608001504323,1.0
POS99272,oregon_ash,18.0,494206.3112520025,4878068.421998492,0.0,0.0,0.0,0.26240608001504323,1.0
POS99279,maple,3.0,494336.59994362504,4878084.6934320135,0.0,0.0,0.7,0.15262065669512276,1.0
POS99282,oregon_ash,3.0,494345.8879987752,4878089.458987179,0.0,0.0,0.0,0.15262065669512276,1.0
POS99283,oregon_ash,3.0,494356.35519396723,4878093.674917829,0.0,0.0,0.0,0.15937190756853306,1.0
POS99286,douglas_fir,27.0,494241.4059921297,4878111.187133008,0.0,0.0,0.0,0.23364279926488282,1.0
POS99362,oregon_ash,36.0,494020.47854947083,4878137.162818227,0.0,0.0,0.0,0.32,1.0
POS99374,oak,1.0,492993.23035131337,4876938.603713928,0.0,0.0,0.5,0.18710790526899493,1.0
POS99376,oak,1.0,492766.2132543871,4876938.581420134,0.0,0.0,0.5,0.15581553693410155,1.0
POS99377,oregon_ash,7.0,494017.4578042245,4878147.648786554,0.0,0.0,0.0,0.32,1.0
POS99378,maple,13.0,494009.6265584695,4878149.749828586,0.0,0.0,0.7,0.32,1.0
POS99379,maple,10.0,494009.17561781115,4878151.509824361,0.0,0.0,0.7,0.32,1.0
POS99421,maple,8.0,493722.5436122605,4877525.810035207,0.0,0.0,0.7,0.06843735089136689,1.0
POS99422,maple,17.0,493648.90502826724,4877547.3925523665,0.0,0.0,0.7,0.08251546864314671,1.0
POS99445,maple,45.0,494043.2430759218,4877817.630479826,0.0,0.0,0.7,0.2681656178904164,1.0
POS99485,oak,4.0,493103.7932809796,4876558.391103033,0.0,0.0,0.5,0.3082239299867108,1.0
POS99543,maple,1.0,493395.7806131707,4876793.7215040475,0.0,0.0,0.7,0.1772451535261959,1.0
POS99544,maple,1.0,493392.08459865104,4876800.050817609,0.0,0.0,0.7,0.2391438484276801,1.0
POS99545,maple,1.0,493409.8466907447,4876787.167361732,0.0,0.0,0.7,0.23376416133387962,1.0
POS99606,maple,14.0,493052.2682976894,4877434.693674997,0.0,0.0,0.7,0.116424705512912,1.0
POS99624,maple,1.0,492685.89744588645,4876246.977213515,0.0,0.0,0.7,0.13432415608397713,1.0
POS99625,maple,1.0,492685.84279094264,4876240.689159609,0.0,0.0,0.7,0.16194234200063803,1.0
POS99771,oak,4.0,494407.55663099216,4876623.833549102,0.0,0.0,0.5,0.315955212408895,1.0
POS99772,oak,4.0,494407.7391104924,4876632.44633418,0.0,0.0,0.5,0.32032462035661574,1.0
POS99773,oak,4.0,494407.7917713348,4876641.0084192995,0.0,0.0,0.5,0.44201902816086813,1.0
POS99774,oak,4.0,494407.7414993834,4876650.911619207,0.0,0.0,0.5,0.44297507179440837,1.0
POS99775,oak,4.0,494407.9374332349,4876660.66078287,0.0,0.0,0.5,0.44169846773675353,1.0
POS99776,oak,4.0,494407.9658425775,4876669.857383929,0.0,0.0,0.5,0.44004668714235673,1.0
POS100314,oak,1.0,493441.19137363735,4876937.9899082435,0.0,0.0,0.5,0.11453747113423375,1.0
POS100480,maple,1.0,492898.26334642724,4878023.703119164,0.0,0.0,0.7,0.13141529413503292,1.0
POS100563,maple,2.0,492891.75781859126,4878038.442984559,0.0,0.0,0.7,0.1381776537735116,1.0
POS100564,maple,2.0,492896.9156499725,4878038.454005604,0.0,0.0,0.7,0.10876266673517468,1.0
POS100565,maple,2.0,492902.91895583965,4878038.255650988,0.0,0.0,0.7,0.10876266673517468,1.0
POS100718,douglas_fir,31.0,493960.81625710096,4877819.219412842,0.0,0.0,0.0,0.5589151190738596,1.0
POS100719,douglas_fir,26.0,493958.18395441095,4877812.883952707,0.0,0.0,0.0,0.5763490532171397,1.0
POS100723,douglas_fir,28.0,493970.39050952636,4877806.37794938,0.0,0.0,0.0,0.4703134405263747,1.0
POS101356,oak,1.0,492939.7980437894,4876360.10463842,0.0,0.0,0.5,0.21101653674674523,1.0
POS101662,maple,1.0,492930.1257259809,4877248.9547762405,0.0,0.0,0.7,0.1664429312022821,1.0
POS101823,pine,2.0,492775.7114991063,4877047.10231604,0.0,0.0,0.0,0.3216555720254297,1.0
POS102305,oak,4.0,493275.1510817631,4876559.387468715,0.0,0.0,0.5,0.3186485527191037,1.0
POS102343,maple,1.0,492863.9797308877,4877047.398031688,0.0,0.0,0.7,0.3001329769132447,1.0
POS102360,maple,3.0,493060.3542208779,4876738.118751177,0.0,0.0,0.7,0.1898877369492007,1.0
POS102537,maple,10.0,492820.9962729698,4876582.33397571,0.0,0.0,0.7,0.1376242731393183,1.0
POS102681,oregon_ash,5.0,493241.79097276554,4878066.523839554,0.0,0.0,0.0,0.07648148747791517,1.0
POS102682,maple,6.0,493241.4509404419,4878061.38433277,0.0,0.0,0.7,0.07971512529429234,1.0
POS102685,oregon_ash,6.0,493243.3869521946,4878018.823188258,0.0,0.0,0.0,0.24647095734391805,1.0
POS102686,oregon_ash,6.0,493241.63352648704,4878044.322352698,0.0,0.0,0.0,0.11778593362138219,1.0
POS102689,maple,6.0,493240.9538941947,4878010.003104256,0.0,0.0,0.7,0.1432019147990427,1.0
POS102690,oregon_ash,8.0,493243.4921907243,4878007.767485055,0.0,0.0,0.0,0.1432019147990427,1.0
POS102691,oregon_ash,5.0,493244.39352395275,4878004.801791255,0.0,0.0,0.0,0.1432019147990427,1.0
POS102699,oregon_ash,4.0,493300.74702924903,4877838.751852029,0.0,0.0,0.0,0.16085346209747936,1.0
POS102700,oregon_ash,6.0,493303.56233553996,4877833.389900594,0.0,0.0,0.0,0.10232930019151024,1.0
POS102702,oregon_ash,3.0,493308.57564047724,4877828.137547806,0.0,0.0,0.0,0.06061853966660205,1.0
POS102703,maple,7.0,493320.6563655979,4877790.626690077,0.0,0.0,0.7,0.05737637402950323,1.0
POS102705,oregon_ash,5.0,493408.2575856949,4877674.318005073,0.0,0.0,0.0,0.13091607765086252,1.0
POS102886,maple,1.0,492785.2865083853,4877550.049094551,0.0,0.0,0.7,0.20726407470275804,1.0
POS103241,maple,9.0,492821.75980678643,4876297.323896705,0.0,0.0,0.7,0.15640098312570855,1.0
POS103242,maple,10.0,492821.6198443474,4876304.232163761,0.0,0.0,0.7,0.15640098312570855,1.0
POS103455,maple,2.0,492908.28526503505,4878038.311194988,0.0,0.0,0.7,0.15071789145410375,1.0
POS104092,maple,1.0,492700.8159817507,4876252.643510853,0.0,0.0,0.7,0.24608807543945707,1.0
POS104108,maple,1.0,492872.4318723343,4877550.127791373,0.0,0.0,0.7,0.12774222972955895,1.0
POS104109,maple,1.0,492880.3072521032,4877550.039806736,0.0,0.0,0.7,0.2378357767710311,1.0
POS104112,maple,1.0,492902.56556146505,4877550.003242008,0.0,0.0,0.7,0.14088407721174517,1.0
POS104113,maple,1.0,492908.40963868675,4877550.08404482,0.0,0.0,0.7,0.1355537372981039,1.0
POS104172,oak,1.0,493425.8187538659,4876236.258633568,0.0,0.0,0.5,0.16907482333094,1.0
POS104192,maple,2.0,493136.87788030534,4878146.216394576,0.0,0.0,0.7,0.26,1.0
POS104656,pine,1.0,493050.57447954506,4877263.421339137,0.0,0.0,0.0,0.19564701821685826,1.0
POS104703,oak,1.0,493887.2473925924,4876157.663454684,0.0,0.0,0.5,0.32,1.0
POS104767,maple,8.0,493062.582937069,4877269.4308007965,0.0,0.0,0.7,0.15918281801122122,1.0
POS105442,maple,1.0,493200.04525549314,4877675.982841793,0.0,0.0,0.7,0.19107724811031312,1.0
POS105451,sycamore,1.0,492927.54768681916,4876600.404733529,0.0,0.0,0.9,0.3215681835691314,1.0
POS105452,oak,1.0,492940.7083027009,4876496.188562606,0.0,0.0,0.5,0.11570682238443517,1.0
POS105501,sycamore,3.0,492808.3539268212,4877068.423444717,0.0,0.0,0.9,0.20477835857945895,1.0
POS105681,oak,1.0,492942.46061606664,4876869.166272721,0.0,0.0,0.5,0.19934332985411332,1.0
POS105709,oak,1.0,493643.8949818822,4876296.289048638,0.0,0.0,0.5,0.08719026564131814,1.0
POS105710,maple,1.0,493060.6759149056,4876744.1777586695,0.0,0.0,0.7,0.1898877369492007,1.0
POS105711,maple,1.0,493060.8405955141,4876732.011456874,0.0,0.0,0.7,0.13605920484137585,1.0
POS105823,oak,1.0,493171.09794581897,4877070.705597707,0.0,0.0,0.5,0.16454193575167225,1.0
POS105925,sycamore,1.0,493307.61139977927,4877547.132310662,0.0,0.0,0.9,0.09191474968363361,1.0
POS106295,maple,1.0,493403.3282589059,4876328.914064783,0.0,0.0,0.7,0.13193829306985816,1.0
POS106296,maple,1.0,493397.2450994672,4876328.831818928,0.0,0.0,0.7,0.13193829306985816,1.0
POS106297,sycamore,2.0,494383.030094128,4876312.7068189895,0.0,0.0,0.9,0.1280086209488057,1.0
POS106362,pine,21.0,492869.271634762,4876214.557024353,0.0,0.0,0.0,0.1690045669334465,1.0
POS106373,pine,1.0,493998.67363894894,4876310.966072974,0.0,0.0,0.0,0.21787539218534652,1.0
POS106376,sycamore,1.0,493971.3929268727,4876311.215790582,0.0,0.0,0.9,0.16633839373858145,1.0
POS106382,maple,1.0,493698.5208794444,4876329.83101592,0.0,0.0,0.7,0.16293680245556041,1.0
POS106383,maple,1.0,493677.313370066,4876329.978251279,0.0,0.0,0.7,0.08945641297916473,1.0
POS106385,maple,1.0,493589.93373992055,4876330.18985859,0.0,0.0,0.7,0.21028385778984757,1.0
POS106390,oak,1.0,493497.211126002,4876328.945373451,0.0,0.0,0.5,0.159186916301075,1.0
POS106549,maple,1.0,492851.2246112866,4876330.863208404,0.0,0.0,0.7,0.2248671210615436,1.0
POS125498,maple,3.0,494336.59994362504,4878084.6934320135,0.0,0.0,0.7,0.15262065669512276,1.0
POS125640,oak,1.0,493425.69598354114,4876225.646982037,0.0,0.0,0.5,0.19777541211035582,1.0
POS125990,maple,1.0,492686.1331887464,4877230.285731977,0.0,0.0,0.7,0.16398894077241183,1.0
POS126077,sycamore,1.0,493061.7354620625,4876856.809413447,0.0,0.0,0.9,0.11162476750315133,1.0
POS126117,maple,1.0,492930.637784681,4877389.290185017,0.0,0.0,0.7,0.20065274877560504,1.0
POS126119,pine,2.0,492942.11565961095,4876796.941622719,0.0,0.0,0.0,0.10139114476210577,1.0
POS126120,oak,2.0,492928.44992770546,4876794.99693867,0.0,0.0,0.5,0.13670244277759447,1.0
POS126236,maple,1.0,493412.52574928897,4876271.837539273,0.0,0.0,0.7,0.13461066469396882,1.0
POS126237,maple,1.0,493412.7881291657,4876265.482045186,0.0,0.0,0.7,0.13461066469396882,1.0
POS126238,maple,1.0,493412.6334061726,4876259.122803027,0.0,0.0,0.7,0.16198703872347206,1.0
POS126240,maple,1.0,493412.4785336445,4876253.184071181,0.0,0.0,0.7,0.15552587647963118,1.0
POS126532,maple,7.0,493409.087373321,4876309.224486,0.0,0.0,0.7,0.22428254311388734,1.0
POS126627,maple,1.0,492806.7485247425,4876672.641209684,0.0,0.0,0.7,0.2627574773719124,1.0
POS126628,oak,1.0,492807.33547454566,4876702.118738524,0.0,0.0,0.5,0.1430736882506463,1.0
POS126803,maple,1.0,493412.27361574606,4876247.712562238,0.0,0.0,0.7,0.15552587647963118,1.0
POS126944,maple,1.0,492663.59606394236,4876939.2323587695,0.0,0.0,0.7,0.1447659959155069,1.0
POS127034,pine,12.0,493788.01513429737,4877162.719519182,0.0,0.13140925389687183,0.0,0.21887935396465313,1.0
POS127035,pine,10.0,493781.08785459795,4877162.865283603,0.0,0.14862953983786129,0.0,0.23551457503576825,1.0
POS127081,pine,1.0,493429.7451402112,4877630.165432428,0.0,0.0,0.0,0.08416243732252476,1.0
POS127087,oak,,493443.76932827284,4877612.224195836,0.0,0.0,0.5,0.07603280754917896,1.0
POS127088,oak,1.0,493451.10264704085,4877618.809765307,0.0,0.0,0.5,0.05207815319516301,1.0
POS127173,oak,12.0,494548.2221141309,4878107.317886997,0.0,0.0,0.5,0.1740683934195315,1.0
POS127174,oak,12.0,494557.31146200607,4878100.473858764,0.0,0.0,0.5,0.23488589683697836,1.0
POS127952,maple,1.0,492824.6852366704,4877617.789519194,0.0,0.0,0.7,0.15488301914350056,1.0
POS127954,maple,1.0,492824.4963182567,4877586.7724057585,0.0,0.0,0.7,0.1611963896156715,1.0
POS127960,sycamore,1.0,493311.0530048413,4877603.14862084,0.0,0.0,0.9,0.10610270029518212,1.0
POS127961,sycamore,1.0,493306.5142633709,4877606.720484942,0.0,0.0,0.9,0.14739388490433306,1.0
POS127962,sycamore,1.0,493301.7372525547,4877610.381541209,0.0,0.0,0.9,0.1240550712270764,1.0
POS127964,sycamore,1.0,493231.6644884813,4877665.590413502,0.0,0.0,0.9,0.12795910041720016,1.0
POS127979,oak,1.0,493359.04827187076,4877598.622553694,0.0,0.0,0.5,0.15963946675429985,1.0
POS127980,oak,2.0,493351.63991417683,4877604.272060565,0.0,0.0,0.5,0.14449364087128758,1.0
POS128152,oak,2.0,492942.68618843175,4876854.724074843,0.0,0.0,0.5,0.19432059806784202,1.0
POS128436,oak,5.0,492681.38413849164,4877590.841576542,0.0,0.0,0.5,0.13651709558958539,1.0
POS128437,oak,5.0,492669.09237341443,4877598.04860195,0.0,0.0,0.5,0.1177245737509456,1.0
POS128438,oak,5.0,492668.60957355273,4877590.974066741,0.0,0.0,0.5,0.12528587244289147,1.0
POS128439,oak,6.0,492681.54552478006,4877598.3116329685,0.0,0.0,0.5,0.13172039268057267,1.0
POS128440,sycamore,6.0,492669.2278805434,4877560.272428576,0.0,0.0,0.9,0.13478524625167637,1.0
POS128441,sycamore,6.0,492675.83661512367,4877560.20134179,0.0,0.0,0.9,0.13478524625167637,1.0
POS128442,oak,5.0,492675.2929452451,4877590.744302115,0.0,0.0,0.5,0.12528587244289147,1.0
POS128443,sycamore,6.0,492680.42423025344,4877560.386749817,0.0,0.0,0.9,0.12932017390688458,1.0
POS128444,sycamore,5.0,492681.0229441905,4877577.249260146,0.0,0.0,0.9,0.15748116691154418,1.0
POS128445,sycamore,6.0,492669.4599690155,4877566.827665929,0.0,0.0,0.9,0.1544951213461611,1.0
POS128446,sycamore,6.0,492674.6690437402,4877567.095521918,0.0,0.0,0.9,0.1544951213461611,1.0
POS128448,sycamore,5.0,492680.89410544693,4877566.942683145,0.0,0.0,0.9,0.13204326049272072,1.0
POS128449,sycamore,6.0,492675.27989690844,4877577.371982054,0.0,0.0,0.9,0.13490085352840514,1.0
POS128654,oak,1.0,493557.003287057,4878061.351676688,0.0,0.0,0.5,0.3510177136335798,1.0
POS128655,oak,1.0,493576.6745245983,4877999.930935016,0.0,0.0,0.5,0.22613111952534648,1.0
POS128667,maple,1.0,492867.4725894077,4877168.3462989675,0.0,0.0,0.7,0.14833546573452946,1.0
POS129274,sycamore,1.0,492700.1805618055,4877125.494773954,0.0,0.0,0.9,0.13158149743595965,1.0
POS129319,maple,6.0,493129.3065627036,4877999.885314769,0.0,0.0,0.7,0.11989853766607285,1.0
POS129321,maple,6.0,493156.05784987804,4877994.977793794,0.0,0.0,0.7,0.13441039084625866,1.0
POS129758,maple,1.0,492945.0062642452,4877244.28198647,0.0,0.0,0.7,0.1592279310154015,1.0
POS129759,oak,1.0,492942.0513732246,4876741.63293597,0.0,0.0,0.5,0.13218135380105456,1.0
POS129760,oak,1.0,492942.19334864046,4876732.442569023,0.0,0.0,0.5,0.11712296394935154,1.0
POS133182,oregon_ash,9.0,493580.0159732434,4878142.0091508385,0.0,0.0,0.0,0.32,1.0
POS133539,oak,1.0,493290.14395920036,4876388.896835908,0.0,0.0,0.5,0.18529500000609556,1.0
POS134363,maple,1.0,493160.6417958195,4877756.86867802,0.0,0.0,0.7,0.1315694133831658,1.0
POS134369,maple,1.0,493237.8211800536,4877694.900424603,0.0,0.0,0.7,0.16260148693912818,1.0
POS134370,maple,1.0,493244.9403876654,4877689.052870931,0.0,0.0,0.7,0.12655662477419338,1.0
POS134377,maple,1.0,493320.54053764686,4877628.729842651,0.0,0.0,0.7,0.09624810766676951,1.0
POS134433,oak,1.0,493346.0119947123,4877408.0003012605,0.0,0.0,0.5,0.24418837967867896,1.0
POS134434,oak,1.0,493333.34593458753,4877408.035405578,0.0,0.0,0.5,0.2341520029332373,1.0
POS134435,oak,1.0,493325.7413974545,4877408.0752627,0.0,0.0,0.5,0.23602876575465076,1.0
POS134982,oak,1.0,493413.78426168143,4876729.210002794,0.0,0.0,0.5,0.1480435404121917,1.0
POS135121,maple,1.0,493284.2152133674,4876385.462213836,0.0,0.0,0.7,0.15579862401769123,1.0
POS135122,maple,1.0,493268.8336729988,4876389.964284196,0.0,0.0,0.7,0.14231460516264394,1.0
POS135675,maple,4.0,492941.0596727883,4876518.165412847,0.0,0.0,0.7,0.16432076458038053,1.0
POS135676,maple,5.0,492941.1576997071,4876525.3724886635,0.0,0.0,0.7,0.1553754086135925,1.0
POS135678,maple,18.0,492940.8762413135,4876550.1844505705,0.0,0.0,0.7,0.1476418289130647,1.0
POS135679,oak,3.0,492941.39157397446,4876580.506579906,0.0,0.0,0.5,0.1503900113172031,1.0
POS135680,oak,2.0,492941.3666643119,4876592.801461892,0.0,0.0,0.5,0.16273640461547778,1.0
POS135681,maple,5.0,492942.1587266385,4876604.669309161,0.0,0.0,0.7,0.16798121655309473,1.0
POS135682,oak,1.0,492942.0848106701,4876619.950031028,0.0,0.0,0.5,0.16543044665709872,1.0
POS135686,oak,1.0,492941.6843832181,4876664.568218915,0.0,0.0,0.5,0.1281989804615674,1.0
POS135694,maple,16.0,492942.33275872946,4876827.204231954,0.0,0.0,0.7,0.10976246748508175,1.0
POS135696,maple,12.0,492942.74338746606,4876839.58210694,0.0,0.0,0.7,0.1319027714852392,1.0
POS135698,oak,1.0,492942.7056635131,4876858.51232407,0.0,0.0,0.5,0.19432059806784202,1.0
POS135700,sycamore,1.0,492928.94589757564,4876882.786523359,0.0,0.0,0.9,0.19012809779852285,1.0
POS135701,maple,5.0,492942.72595629,4876878.755616198,0.0,0.0,0.7,0.23303908070092622,1.0
POS135702,maple,37.0,492943.6870318826,4876895.27095635,0.0,0.0,0.7,0.2677888915976911,1.0
POS135703,maple,11.0,492942.7863424766,4876953.596047834,0.0,0.0,0.7,0.14835303964624885,1.0
POS135704,maple,14.0,492942.6275715266,4876958.916189036,0.0,0.0,0.7,0.1505992581093316,1.0
POS135705,maple,6.0,492943.29101870785,4876978.669152995,0.0,0.0,0.7,0.29989629123352224,1.0
POS135706,sycamore,10.0,492943.4020924251,4877016.927853264,0.0,0.0,0.9,0.1638622791445335,1.0
POS135708,oak,1.0,492943.450185357,4877036.306638284,0.0,0.0,0.5,0.13339207836222788,1.0
POS135709,maple,15.0,492943.56251475465,4877074.523269274,0.0,0.0,0.7,0.1756421066916602,1.0
POS135710,maple,10.0,492943.35265421344,4877092.057192084,0.0,0.0,0.7,0.13231764936866028,1.0
POS135711,maple,11.0,492943.4973703713,4877097.699799035,0.0,0.0,0.7,0.14671256317180933,1.0
POS135713,oak,2.0,492821.5224318693,4876756.807580717,0.0,0.0,0.5,0.2632886693183194,1.0
POS135715,maple,34.0,492821.4009583794,4876829.700242027,0.0,0.0,0.7,0.150653969371981,1.0
POS135718,maple,35.0,492821.9568796815,4876863.544981939,0.0,0.0,0.7,0.1606371453613725,1.0
POS135719,sycamore,14.0,492821.8123925322,4876878.88849061,0.0,0.0,0.9,0.17367085484355688,1.0
POS135720,sycamore,7.0,492822.4336889951,4876910.542603333,0.0,0.0,0.9,0.171485413457026,1.0
POS135725,maple,10.0,492822.73790119775,4876973.822317301,0.0,0.0,0.7,0.13588571572485836,1.0
POS135726,oak,1.0,492822.4203624385,4876984.462599437,0.0,0.0,0.5,0.2105986547987234,1.0
POS135732,maple,8.0,492822.34660675353,4877079.766094093,0.0,0.0,0.7,0.24421946994836713,1.0
POS135733,maple,13.0,492822.32602439704,4877085.589474429,0.0,0.0,0.7,0.24239701400200964,1.0
POS135734,maple,23.0,492823.0079531321,4877137.593058332,0.0,0.0,0.7,0.20028699209104098,1.0
POS135735,maple,16.0,492822.84636231005,4877144.632970327,0.0,0.0,0.7,0.1852542995841855,1.0
POS135736,maple,16.0,492822.9502927774,4877151.055885398,0.0,0.0,0.7,0.1852542995841855,1.0
POS135737,maple,16.0,492823.0829942715,4877157.694266108,0.0,0.0,0.7,0.15135277997589197,1.0
POS135738,maple,14.0,492823.34268690634,4877399.196369512,0.0,0.0,0.7,0.11167686214019577,1.0
POS135739,maple,13.0,492823.0012746605,4877393.70080166,0.0,0.0,0.7,0.14209834105639302,1.0
POS135740,maple,16.0,492823.0381520171,4877389.465963852,0.0,0.0,0.7,0.14209834105639302,1.0
POS135744,maple,19.0,492822.71670941194,4877257.914353265,0.0,0.0,0.7,0.18407200109208438,1.0
POS135747,maple,13.0,492824.79972448514,4877230.099696325,0.0,0.0,0.7,0.29585014864663517,1.0
POS135748,maple,12.0,492825.35527189967,4877221.972606309,0.0,0.0,0.7,0.10394608936531695,1.0
POS135749,maple,14.0,492825.39743358723,4877210.071270742,0.0,0.0,0.7,0.11699986360839035,1.0
POS135753,maple,12.0,492943.7108683004,4877155.017978458,0.0,0.0,0.7,0.29396423447451214,1.0
POS135754,oak,35.0,492944.74817833444,4877216.401368865,0.0,0.0,0.5,0.1588510774595218,1.0
POS135755,oak,29.0,492944.9252204849,4877221.42991849,0.0,0.0,0.5,0.1588510774595218,1.0
POS135756,oak,37.0,492944.8007589694,4877229.9331852915,0.0,0.0,0.5,0.22922443811756268,1.0
POS135757,maple,22.0,492945.51478466153,4877312.483612607,0.0,0.0,0.7,0.2502916826897817,1.0
POS135758,maple,19.0,492945.78855707037,4877320.094832481,0.0,0.0,0.7,0.24328749927039262,1.0
POS135760,maple,22.0,492945.8243344082,4877335.432903274,0.0,0.0,0.7,0.19994239944746384,1.0
POS135772,oak,2.0,492881.476822205,4876558.855334086,0.0,0.0,0.5,0.23088287921349945,1.0
POS135775,sycamore,10.0,492919.1299903998,4876572.900378044,0.0,0.0,0.9,0.16389085983239146,1.0
POS135778,maple,10.0,492829.24281621294,4876572.212119528,0.0,0.0,0.7,0.2314195729125847,1.0
POS135779,maple,9.0,492837.33808029676,4876572.142297133,0.0,0.0,0.7,0.1391001451305445,1.0
POS135780,maple,9.0,492846.67717375193,4876572.109794757,0.0,0.0,0.7,0.11920532218079925,1.0
POS135781,oak,2.0,492788.18094928464,4876573.151880461,0.0,0.0,0.5,0.20887294947614113,1.0
POS135790,oak,1.0,492767.43778145703,4876559.438089109,0.0,0.0,0.5,0.2742266469361202,1.0
POS135791,oak,3.0,492779.2189758816,4876559.437697638,0.0,0.0,0.5,0.28103741414829086,1.0
POS135796,oak,1.0,492832.79634646146,4876802.557380033,0.0,0.0,0.5,0.2758906950444471,1.0
POS135797,maple,33.0,492842.58608492714,4876802.584027569,0.0,0.0,0.7,0.276412045802485,1.0
POS135799,maple,23.0,492863.46776298835,4876803.680919435,0.0,0.0,0.7,0.17142223384241867,1.0
POS135803,maple,2.0,492910.8783524368,4876803.125539051,0.0,0.0,0.7,0.11880267791411289,1.0
POS135806,dogwood,3.0,492882.95319769904,4876681.2045161,0.0,0.0,0.9,0.12852819269877605,1.0
POS135833,oak,1.0,492918.99805708183,4876938.951855858,0.0,0.0,0.5,0.2081870623266244,1.0
POS135836,oak,1.0,492898.50180052913,4876939.439917199,0.0,0.0,0.5,0.15546105552714434,1.0
POS135839,douglas_fir,35.0,492736.1035298816,4876938.035470184,0.0,0.0,0.0,0.15025447011086554,1.0
POS135840,douglas_fir,45.0,492761.1483242123,4876938.469469036,0.0,0.0,0.0,0.15581553693410155,1.0
POS135841,maple,16.0,492727.5520711764,4876938.852106351,0.0,0.0,0.7,0.15025447011086554,1.0
POS135842,maple,17.0,492715.10838109115,4876938.348446835,0.0,0.0,0.7,0.12409911379350917,1.0
POS135843,maple,15.0,492706.6495787811,4876938.409322948,0.0,0.0,0.7,0.12409911379350917,1.0
POS135848,pine,9.0,492778.2565022375,4876816.51037471,0.0,0.0,0.0,0.09875465659004147,1.0
POS135849,pine,8.0,492785.76736904675,4876816.734521572,0.0,0.0,0.0,0.09875465659004147,1.0
POS135850,maple,42.0,492835.2800478699,4876816.604077501,0.0,0.0,0.7,0.10531316920014008,1.0
POS135949,maple,6.0,492686.49606499774,4877148.49874835,0.0,0.0,0.7,0.15256004345501506,1.0
POS135950,maple,10.0,492686.64943486144,4877156.478690541,0.0,0.0,0.7,0.3504512989330918,1.0
POS135951,oak,6.0,492685.95759021747,4877204.690444687,0.0,0.0,0.5,0.0682399255974403,1.0
POS135952,oak,10.0,492685.8332109386,4877211.076644509,0.0,0.0,0.5,0.0682399255974403,1.0
POS135953,oak,23.0,492687.3314022415,4877266.393781083,0.0,0.0,0.5,0.18478331203013545,1.0
POS135954,oak,19.0,492687.0947616059,4877274.323380744,0.0,0.0,0.5,0.18478331203013545,1.0
POS135955,oak,17.0,492686.8474520049,4877282.37256582,0.0,0.0,0.5,0.1548045254301963,1.0
POS135956,oak,15.0,492684.0999195851,4877313.307192574,0.0,0.0,0.5,0.157358827770759,1.0
POS135957,oak,16.0,492684.241030928,4877318.805984258,0.0,0.0,0.5,0.13949577892201626,1.0
POS135958,oak,16.0,492684.0589975011,4877324.905752413,0.0,0.0,0.5,0.14379202839657257,1.0
POS135959,oak,22.0,492686.46249237994,4877370.462270165,0.0,0.0,0.5,0.1566927062542496,1.0
POS135960,oak,18.0,492685.7937285607,4877379.29360203,0.0,0.0,0.5,0.2146927937328011,1.0
POS135961,oak,12.0,492686.3418401465,4877387.03801181,0.0,0.0,0.5,0.15750444298567567,1.0
POS135963,oak,2.0,492701.3707487695,4877376.160044557,0.0,0.0,0.5,0.1357890195150019,1.0
POS135964,oak,1.0,492701.3984613835,4877366.384751686,0.0,0.0,0.5,0.193099447740352,1.0
POS135967,oak,4.0,492703.15931255784,4877319.065346897,0.0,0.0,0.5,0.22077247575094258,1.0
POS135968,oak,8.0,492703.29583635484,4877314.490570704,0.0,0.0,0.5,0.22077247575094258,1.0
POS135969,maple,14.0,492701.3472517312,4877277.4961042525,0.0,0.0,0.7,0.12855803412442549,1.0
POS135970,maple,14.0,492701.501981912,4877272.3112507975,0.0,0.0,0.7,0.1472408360939477,1.0
POS135971,maple,10.0,492701.6749124991,4877266.516520301,0.0,0.0,0.7,0.1472408360939477,1.0
POS135972,maple,15.0,492701.51560102496,4877261.6276049195,0.0,0.0,0.7,0.12428473959267644,1.0
POS135973,maple,6.0,492701.9752667472,4877256.451951381,0.0,0.0,0.7,0.12428473959267644,1.0
POS135974,maple,15.0,492702.12999398366,4877251.267197582,0.0,0.0,0.7,0.18241179288183282,1.0
POS135975,maple,30.0,492703.30371282576,4877229.486303775,0.0,0.0,0.7,0.21290896869537518,1.0
POS135976,maple,19.0,492700.7520734282,4877212.1935862135,0.0,0.0,0.7,0.22343574865419957,1.0
POS135977,maple,17.0,492700.5679261693,4877197.561106221,0.0,0.0,0.7,0.2185909236215609,1.0
POS135978,maple,17.0,492700.6417528166,4877192.017725575,0.0,0.0,0.7,0.21189400341071202,1.0
POS135983,green_ash,11.0,492686.2060122976,4876714.943143145,0.0,0.0,0.0,0.19767794786141554,1.0
POS135985,oak,15.0,492686.33521140186,4876745.447544262,0.0,0.0,0.5,0.12442151269445505,1.0
POS135986,maple,11.0,492685.9405031697,4876758.569914569,0.0,0.0,0.7,0.12718799958407545,1.0
POS135987,oak,3.0,492686.07677999773,4876768.074306331,0.0,0.0,0.5,0.12890799085049282,1.0
POS135988,oak,13.0,492686.0086213321,4876777.180883562,0.0,0.0,0.5,0.1365410445527787,1.0
POS135989,maple,11.0,492685.9692398305,4876793.633670102,0.0,0.0,0.7,0.1487050471526341,1.0
POS135990,maple,16.0,492715.1756902065,4876816.599626048,0.0,0.0,0.7,0.13765639816549569,1.0
POS135993,maple,3.0,492699.69351446704,4876880.17317071,0.0,0.0,0.7,0.17131441697374106,1.0
POS135995,oak,36.0,492700.08403963497,4876896.3346724445,0.0,0.0,0.5,0.1366506743267192,1.0
POS135999,oak,32.0,492685.9172311997,4876891.402942741,0.0,0.0,0.5,0.13997409302776023,1.0
POS136000,oak,41.0,492686.2135754118,4876879.016466248,0.0,0.0,0.5,0.10769815207655557,1.0
POS136001,oak,9.0,492686.50384565385,4876864.370531413,0.0,0.0,0.5,0.23490834361919938,1.0
POS136002,oak,37.0,492685.54299783084,4876835.994693626,0.0,0.0,0.5,0.1098931679340501,1.0
POS136003,oak,19.0,492686.3106402122,4876827.392108667,0.0,0.0,0.5,0.11316651899085908,1.0
POS136018,oak,19.0,492664.3099601305,4876817.045217866,0.0,0.0,0.5,0.15434114482306124,1.0
POS136019,oak,22.0,492676.1381165567,4876817.469004859,0.0,0.0,0.5,0.10163760710658863,1.0
POS136020,maple,6.0,492669.8658981538,4876803.555756797,0.0,0.0,0.7,0.12857595800981955,1.0
POS136272,green_ash,10.0,492927.22909056995,4876512.522479008,0.0,0.0,0.0,0.12661340554982128,1.0
POS136273,green_ash,10.0,492927.40781487705,4876527.94624865,0.0,0.0,0.0,0.2183307903003235,1.0
POS136274,oak,2.0,492927.3135317345,4876537.958182698,0.0,0.0,0.5,0.21586645230556087,1.0
POS136276,sycamore,7.0,492927.5887541671,4876578.601304894,0.0,0.0,0.9,0.31095821870357443,1.0
POS136277,sycamore,11.0,492927.57306088594,4876586.221100271,0.0,0.0,0.9,0.3167418652157715,1.0
POS136284,green_ash,12.0,492927.99931546574,4876751.126293291,0.0,0.0,0.0,0.21652493803280481,1.0
POS136285,oak,28.0,492928.0861015203,4876763.971022284,0.0,0.0,0.5,0.1619576373666744,1.0
POS136286,douglas_fir,20.0,492928.0252579981,4876776.498234422,0.0,0.0,0.0,0.18099930953791848,1.0
POS136289,sycamore,1.0,492928.8062901093,4876830.853694311,0.0,0.0,0.9,0.2330475490528841,1.0
POS136321,oak,12.0,492748.1894025633,4876680.606762573,0.0,0.0,0.5,0.14481364228902288,1.0
POS136323,oak,19.0,492725.47725215,4876680.240476307,0.0,0.0,0.5,0.11770723265943628,1.0
POS136324,oak,17.0,492715.82723012206,4876680.263602507,0.0,0.0,0.5,0.11803329989107404,1.0
POS136325,oak,19.0,492706.6530695378,4876681.273763459,0.0,0.0,0.5,0.11803329989107404,1.0
POS136326,oak,24.0,492699.51424944174,4876673.977777106,0.0,0.0,0.5,0.1087607161597237,1.0
POS136327,oak,13.0,492699.73433770105,4876666.696694327,0.0,0.0,0.5,0.1087607161597237,1.0
POS136328,oak,16.0,492699.7244120831,4876659.174539083,0.0,0.0,0.5,0.11268481011073649,1.0
POS136329,oak,24.0,492699.8801711614,4876634.619940665,0.0,0.0,0.5,0.17872889234283468,1.0
POS136330,oak,22.0,492700.27153402905,4876622.464200023,0.0,0.0,0.5,0.2122593319201771,1.0
POS136331,oak,20.0,492700.1529457231,4876614.679292209,0.0,0.0,0.5,0.2122593319201771,1.0
POS136332,oak,23.0,492700.175124544,4876608.544342033,0.0,0.0,0.5,0.20453110440838676,1.0
POS136333,oak,19.0,492700.05387610086,4876601.170268782,0.0,0.0,0.5,0.20536226363805338,1.0
POS136334,oak,24.0,492700.05975138803,4876594.140700924,0.0,0.0,0.5,0.2056395308021584,1.0
POS136335,oak,23.0,492699.81767898984,4876586.696919397,0.0,0.0,0.5,0.2056395308021584,1.0
POS136336,oak,3.0,492699.6674981527,4876729.897870806,0.0,0.0,0.5,0.1359036277164997,1.0
POS136337,oak,24.0,492699.8883575199,4876786.869910491,0.0,0.0,0.5,0.14919685382884135,1.0
POS136338,oak,7.0,492700.2599645718,4876760.7021057615,0.0,0.0,0.5,0.13292410676653138,1.0
POS136340,oak,3.0,492699.76285342005,4876742.6634537345,0.0,0.0,0.5,0.23213732015493635,1.0
POS136341,oak,18.0,492700.46239797183,4876542.339820915,0.0,0.0,0.5,0.16087646461529762,1.0
POS136342,oak,20.0,492700.05906614085,4876521.95627637,0.0,0.0,0.5,0.15876563273976668,1.0
POS136343,maple,5.0,492700.19054034015,4876511.941151379,0.0,0.0,0.7,0.08832109986527054,1.0
POS136344,oak,19.0,492685.70723439794,4876581.203148063,0.0,0.0,0.5,0.12183995492743457,1.0
POS136345,oak,20.0,492685.86942652805,4876595.090168928,0.0,0.0,0.5,0.12364131135641382,1.0
POS136346,oak,21.0,492685.67995996674,4876603.69421254,0.0,0.0,0.5,0.12364131135641382,1.0
POS136347,oak,22.0,492685.49617991934,4876611.39729453,0.0,0.0,0.5,0.1522434436505662,1.0
POS136348,oak,22.0,492685.1415432618,4876619.484090972,0.0,0.0,0.5,0.14601686189221103,1.0
POS136349,oak,24.0,492685.54486457753,4876635.9707959825,0.0,0.0,0.5,0.1560903709337378,1.0
POS136350,oak,13.0,492685.530918191,4876648.552013707,0.0,0.0,0.5,0.12029758496458383,1.0
POS136351,oak,8.0,492685.70823893946,4876658.822359203,0.0,0.0,0.5,0.126360211341282,1.0
POS136353,maple,10.0,492686.0362765512,4876673.746862293,0.0,0.0,0.7,0.12409264359201325,1.0
POS136354,green_ash,14.0,492686.1261957072,4876704.444900912,0.0,0.0,0.0,0.135009514853528,1.0
POS136365,maple,13.0,492666.31945141335,4876437.58928307,0.0,0.0,0.7,0.32369047418340535,1.0
POS136366,maple,12.0,492657.3664204169,4876437.328499887,0.0,0.0,0.7,0.32369047418340535,1.0
POS136453,oregon_ash,8.0,492940.26531341305,4876460.821909993,0.0,0.0,0.0,0.12774045756039923,1.0
POS136454,oregon_ash,8.0,492940.3912602838,4876467.0900872545,0.0,0.0,0.0,0.11330355881004313,1.0
POS136455,maple,18.0,492928.8970375208,4876857.492207469,0.0,0.0,0.7,0.16756073671212846,1.0
POS136461,maple,10.0,492929.4609891918,4876950.181572863,0.0,0.0,0.7,0.22082916999951918,1.0
POS136462,maple,7.0,492928.98875323194,4876955.768268579,0.0,0.0,0.7,0.2543474303740457,1.0
POS136463,oak,2.0,492929.4786048949,4877001.068511261,0.0,0.0,0.5,0.30173477995858655,1.0
POS136464,sycamore,9.0,492929.8182374791,4877015.540532627,0.0,0.0,0.9,0.31191483323724667,1.0
POS136467,maple,7.0,492930.53878477373,4877068.558411328,0.0,0.0,0.7,0.14773543274720624,1.0
POS136468,maple,3.0,492930.2241404626,4877084.14814251,0.0,0.0,0.7,0.20441783514610481,1.0
POS136470,maple,38.0,492930.8839421087,4877126.766153513,0.0,0.0,0.7,0.135834091783079,1.0
POS136471,maple,36.0,492930.15876963275,4877137.76557872,0.0,0.0,0.7,0.13322022552874496,1.0
POS136472,maple,25.0,492930.32358315587,4877145.542855769,0.0,0.0,0.7,0.13836196620503147,1.0
POS136473,maple,13.0,492929.48292465456,4877152.72160717,0.0,0.0,0.7,0.13836196620503147,1.0
POS136476,maple,22.0,492930.6945533968,4877395.5048606135,0.0,0.0,0.7,0.14572358573690466,1.0
POS136480,maple,20.0,492930.2253159776,4877348.428118287,0.0,0.0,0.7,0.14498202214670283,1.0
POS136481,maple,15.0,492930.3630440196,4877334.44047004,0.0,0.0,0.7,0.15797831388273612,1.0
POS136482,maple,26.0,492930.2327229626,4877325.044972801,0.0,0.0,0.7,0.20023542077911752,1.0
POS136483,oak,26.0,492930.048427798,4877282.125662606,0.0,0.0,0.5,0.24667442882705506,1.0
POS136486,oak,24.0,492929.9491094328,4877263.243576799,0.0,0.0,0.5,0.2631514154115859,1.0
POS136487,oak,26.0,492930.1995942218,4877269.202348198,0.0,0.0,0.5,0.241346788795288,1.0
POS136488,oak,21.0,492930.39678916056,4877275.1942303125,0.0,0.0,0.5,0.24667442882705506,1.0
POS136490,oak,29.0,492929.6217459197,4877201.638172412,0.0,0.0,0.5,0.1803101429834248,1.0
POS136491,oak,25.0,492929.7606237691,4877189.408111738,0.0,0.0,0.5,0.14050378636132071,1.0
POS136492,oak,38.0,492945.42851410824,4877379.343928256,0.0,0.0,0.5,0.22935411064894962,1.0
POS136493,oak,27.0,492945.5926242445,4877364.931354487,0.0,0.0,0.5,0.22271585042666311,1.0
POS136494,oak,10.0,492945.8819141171,4877358.417774452,0.0,0.0,0.5,0.19355438378303466,1.0
POS136495,oak,11.0,492945.4091883415,4877351.585543558,0.0,0.0,0.5,0.19440126655383658,1.0
POS136496,maple,1.0,492887.3174654786,4877046.112837844,0.0,0.0,0.7,0.3218644807376363,1.0
POS136497,oak,21.0,492853.4526987956,4877047.7357936995,0.0,0.0,0.5,0.3018182027403742,1.0
POS136498,oak,25.0,492835.13848176587,4877046.730625009,0.0,0.0,0.5,0.3134172282971051,1.0
POS136499,maple,16.0,492821.2766089141,4876461.771950317,0.0,0.0,0.7,0.09009530285672182,1.0
POS136500,maple,16.0,492820.92832483974,4876480.462708839,0.0,0.0,0.7,0.10514626416780111,1.0
POS136501,maple,15.0,492820.9405184212,4876488.274044982,0.0,0.0,0.7,0.1495546110726497,1.0
POS136502,maple,19.0,492821.743968784,4876503.332546092,0.0,0.0,0.7,0.1141195891862119,1.0
POS136503,sycamore,8.0,492822.3045961998,4876526.527683153,0.0,0.0,0.9,0.1912503735753403,1.0
POS136504,maple,18.0,492822.0057340221,4876536.542112379,0.0,0.0,0.7,0.13321406961966545,1.0
POS136505,maple,32.0,492822.8465428941,4876550.348783161,0.0,0.0,0.7,0.12355479619891124,1.0
POS136506,maple,9.0,492821.2689679261,4876598.442570846,0.0,0.0,0.7,0.19732701079277778,1.0
POS136517,oak,4.0,492699.57650619105,4876706.55775478,0.0,0.0,0.5,0.10639894988867596,1.0
POS136522,maple,21.0,492700.7217736714,4877042.733036654,0.0,0.0,0.7,0.2165478691881066,1.0
POS136523,maple,2.0,492700.18197066226,4877037.293845624,0.0,0.0,0.7,0.2165478691881066,1.0
POS136524,maple,15.0,492700.56687874306,4877027.465502279,0.0,0.0,0.7,0.3319705718227899,1.0
POS136525,maple,17.0,492700.68522891216,4877016.341960648,0.0,0.0,0.7,0.17685270042155327,1.0
POS136526,maple,9.0,492700.1786401837,4877006.716919791,0.0,0.0,0.7,0.19077688327836784,1.0
POS136527,maple,1.0,492700.6029539242,4876985.340863138,0.0,0.0,0.7,0.2871203244282725,1.0
POS136529,maple,20.0,492700.9806420244,4876962.457663185,0.0,0.0,0.7,0.11414486341080538,1.0
POS136530,maple,16.0,492700.47519860783,4876948.706016007,0.0,0.0,0.7,0.18849071369979828,1.0
POS136532,maple,15.0,492686.218881162,4876962.892060872,0.0,0.0,0.7,0.15222438985866088,1.0
POS136533,maple,17.0,492686.51913349715,4877007.204412496,0.0,0.0,0.7,0.1691860230802435,1.0
POS136535,oak,5.0,492685.59076348704,4877038.313152616,0.0,0.0,0.5,0.1100144128495823,1.0
POS136536,oak,33.0,492686.28723870276,4877045.660182934,0.0,0.0,0.5,0.10962821080404118,1.0
POS136537,oak,7.0,492686.4102463669,4877051.768958382,0.0,0.0,0.5,0.10962821080404118,1.0
POS136540,maple,11.0,492686.2927516823,4877138.881561109,0.0,0.0,0.7,0.13078129764470098,1.0
POS136541,maple,10.0,492807.72481426626,4876727.8533399245,0.0,0.0,0.7,0.14296236777975244,1.0
POS136542,maple,13.0,492807.6326766207,4876741.861570161,0.0,0.0,0.7,0.11681503469065732,1.0
POS136543,maple,13.0,492807.8366942656,4876735.025224366,0.0,0.0,0.7,0.11681503469065732,1.0
POS136545,green_ash,15.0,492807.5045900221,4876760.063470537,0.0,0.0,0.0,0.19311383918117936,1.0
POS136546,maple,11.0,492807.9530068461,4876766.028156115,0.0,0.0,0.7,0.16147275285456758,1.0
POS136547,maple,11.0,492808.19596290565,4876778.8775453735,0.0,0.0,0.7,0.17779987815444995,1.0
POS136548,green_ash,17.0,492808.0327982986,4876794.846921183,0.0,0.0,0.0,0.14180902552075236,1.0
POS136553,douglas_fir,44.0,492808.55249182077,4876955.858790215,0.0,0.0,0.0,0.18034825056723539,1.0
POS136554,douglas_fir,36.0,492808.66920812655,4876962.439695111,0.0,0.0,0.0,0.18034825056723539,1.0
POS136555,douglas_fir,38.0,492808.51506043307,4876972.038318409,0.0,0.0,0.0,0.19193095789519352,1.0
POS136561,maple,25.0,492808.59270724264,4877033.225691722,0.0,0.0,0.7,0.266394991350417,1.0
POS136563,maple,35.0,492804.43941808195,4877091.691905427,0.0,0.0,0.7,0.1518724367661945,1.0
POS136566,oak,43.0,492807.72387634235,4877207.238762086,0.0,0.0,0.5,0.305308393858411,1.0
POS136567,oak,32.0,492807.7639010233,4877214.278389515,0.0,0.0,0.5,0.305308393858411,1.0
POS136568,oak,34.0,492808.26758996135,4877221.222550342,0.0,0.0,0.5,0.3289138773660726,1.0
POS136569,oak,38.0,492808.0016533329,4877228.471653958,0.0,0.0,0.5,0.21783533729686697,1.0
POS136570,oak,36.0,492807.8773200547,4877246.812549487,0.0,0.0,0.5,0.19827324891920725,1.0
POS136571,oak,27.0,492811.35948303057,4877255.382747069,0.0,0.0,0.5,0.17089057120074658,1.0
POS136572,oak,27.0,492811.1353364786,4877262.89360581,0.0,0.0,0.5,0.17089057120074658,1.0
POS136573,oak,40.0,492811.22423043224,4877270.413506472,0.0,0.0,0.5,0.1640606907279069,1.0
POS136574,oak,7.0,492810.7384248128,4877276.193599496,0.0,0.0,0.5,0.1828508388708416,1.0
POS136575,oak,4.0,492810.5749925413,4877281.67000271,0.0,0.0,0.5,0.1828508388708416,1.0
POS136576,oak,7.0,492809.5196677522,4877317.032572589,0.0,0.0,0.5,0.11563798134351891,1.0
POS136577,oak,16.0,492809.90037218685,4877325.266203899,0.0,0.0,0.5,0.13755863151789174,1.0
POS136578,oak,9.0,492809.6575571155,4877333.402624779,0.0,0.0,0.5,0.13755863151789174,1.0
POS136579,oak,14.0,492809.6156611553,4877340.057492764,0.0,0.0,0.5,0.173532666385201,1.0
POS136580,oak,12.0,492809.8421435505,4877348.207918587,0.0,0.0,0.5,0.1690256001431532,1.0
POS136588,maple,2.0,492742.0242198402,4876802.940470705,0.0,0.0,0.7,0.15955671686157408,1.0
POS136592,green_ash,19.0,492807.55384543765,4876464.539330723,0.0,0.0,0.0,0.10788398006951957,1.0
POS136593,green_ash,19.0,492807.1871457118,4876471.575933182,0.0,0.0,0.0,0.10788398006951957,1.0
POS136613,maple,14.0,492803.36146852456,4876663.457516889,0.0,0.0,0.7,0.1472112393822611,1.0
POS136614,maple,16.0,492803.757697229,4876656.94271685,0.0,0.0,0.7,0.1472112393822611,1.0
POS136615,maple,10.0,492807.8851104546,4876722.48203939,0.0,0.0,0.7,0.18473009938033252,1.0
POS136634,oak,13.0,492673.84856151073,4876681.96004198,0.0,0.0,0.5,0.1201224613490947,1.0
POS136635,oak,17.0,492663.7154334366,4876681.754944827,0.0,0.0,0.5,0.341771452263784,1.0
POS136651,sycamore,16.0,492662.23757385864,4876559.433217503,0.0,0.0,0.9,0.13294875567707404,1.0
POS136652,sycamore,16.0,492674.5100320659,4876559.130538582,0.0,0.0,0.9,0.13180831130089973,1.0
POS137192,dogwood,5.0,492824.8908038722,4877454.800279649,0.0,0.0,0.9,0.14929925220110993,1.0
POS137193,dogwood,5.0,492824.05390911124,4877450.610468798,0.0,0.0,0.9,0.152495614996369,1.0
POS137194,dogwood,4.0,492824.06081316347,4877446.120028795,0.0,0.0,0.9,0.152495614996369,1.0
POS137195,maple,12.0,492824.26639651094,4877438.041600978,0.0,0.0,0.7,0.1436227327199309,1.0
POS137196,maple,18.0,492835.47786653653,4877427.583033623,0.0,0.0,0.7,0.15331257308525226,1.0
POS137197,maple,15.0,492841.9985975443,4877427.451721414,0.0,0.0,0.7,0.14484024861392436,1.0
POS137206,maple,16.0,492882.68906513666,4877412.3743199995,0.0,0.0,0.7,0.2051525529895676,1.0
POS137234,maple,12.0,492666.9048528885,4877535.040990746,0.0,0.0,0.7,0.20732859325658118,1.0
POS137235,maple,25.0,492681.8990412137,4877530.339390094,0.0,0.0,0.7,0.13263950621182458,1.0
POS137236,maple,11.0,492686.37838615826,4877520.477342233,0.0,0.0,0.7,0.1491573002620402,1.0
POS137237,maple,9.0,492686.0692683794,4877511.131615101,0.0,0.0,0.7,0.1884064345678127,1.0
POS137238,maple,12.0,492686.32107045525,4877498.816830319,0.0,0.0,0.7,0.12653595343191412,1.0
POS137245,oak,13.0,492686.79676925234,4877462.241038806,0.0,0.0,0.5,0.13962574195831412,1.0
POS137246,oak,14.0,492686.8151550838,4877455.609871895,0.0,0.0,0.5,0.13962574195831412,1.0
POS137249,oak,40.0,492664.0201767219,4877421.005104984,0.0,0.0,0.5,0.22866897607663814,1.0
POS137252,sycamore,6.0,492658.03805132373,4877413.922057588,0.0,0.0,0.9,0.13217645862976654,1.0
POS137263,maple,17.0,492845.87337754795,4877412.253257607,0.0,0.0,0.7,0.12368021582165865,1.0
POS137264,maple,16.0,492832.51631465513,4877412.180452877,0.0,0.0,0.7,0.12376318664084177,1.0
POS137434,maple,1.0,492983.4839980498,4877535.707273262,0.0,0.0,0.7,0.14057611227179273,1.0
POS137435,oak,1.0,492993.2968309861,4877535.817315467,0.0,0.0,0.5,0.10849757877388552,1.0
POS137439,oak,25.0,492931.1445890265,4877492.494044826,0.0,0.0,0.5,0.11441186626628727,1.0
POS137440,oak,23.0,492931.0521541813,4877499.55891522,0.0,0.0,0.5,0.12599814172007037,1.0
POS137442,oak,21.0,492931.28636914666,4877514.034773275,0.0,0.0,0.5,0.143775888574091,1.0
POS137443,oak,17.0,492931.1267157364,4877521.274442994,0.0,0.0,0.5,0.1564883715820068,1.0
POS137444,oak,18.0,492931.1983433507,4877527.580084353,0.0,0.0,0.5,0.28247864469260164,1.0
POS137446,oak,22.0,492913.5730412747,4877534.832639893,0.0,0.0,0.5,0.2686894083544872,1.0
POS137447,oak,23.0,492905.0006450209,4877534.762918269,0.0,0.0,0.5,0.2735128246321761,1.0
POS137478,sycamore,19.0,492748.8307472619,4877527.952072314,0.0,0.0,0.9,0.13023395903690455,1.0
POS137479,sycamore,16.0,492748.6475285735,4877523.086847383,0.0,0.0,0.9,0.10775796575913468,1.0
POS137480,sycamore,18.0,492748.8416504746,4877518.076578235,0.0,0.0,0.9,0.10775796575913468,1.0
POS137481,sycamore,24.0,492748.9446576986,4877513.019788495,0.0,0.0,0.9,0.10476464121706869,1.0
POS137482,maple,6.0,492741.29036311695,4877491.13596134,0.0,0.0,0.7,0.13670831145254508,1.0
POS137483,maple,9.0,492746.5295108525,4877491.150107534,0.0,0.0,0.7,0.20179380478801454,1.0
POS137487,maple,12.0,492768.7034172011,4877523.055351359,0.0,0.0,0.7,0.13481971434714551,1.0
POS137488,maple,9.0,492768.5180436366,4877530.630864426,0.0,0.0,0.7,0.1260708363368776,1.0
POS137489,maple,24.0,492767.3645663771,4877470.485193766,0.0,0.0,0.7,0.24102128740893736,1.0
POS137490,oak,32.0,492749.44631814957,4877468.279108194,0.0,0.0,0.5,0.129536985125762,1.0
POS137491,oak,19.0,492723.9836535136,4877468.799773076,0.0,0.0,0.5,0.15308104929422323,1.0
POS137492,oak,12.0,492718.1434408739,4877468.797190691,0.0,0.0,0.5,0.15308104929422323,1.0
POS137493,oak,20.0,492712.4094878222,4877468.9870856125,0.0,0.0,0.5,0.14365971039723024,1.0
POS137494,maple,16.0,492706.61185127567,4877505.819668824,0.0,0.0,0.7,0.1190661771673785,1.0
POS137503,maple,14.0,492809.8222646923,4877524.4152612435,0.0,0.0,0.7,0.1425214782590674,1.0
POS137504,maple,16.0,492809.7779662353,4877517.2474074345,0.0,0.0,0.7,0.12671177877881548,1.0
POS137505,maple,26.0,492810.1012692501,4877508.434570204,0.0,0.0,0.7,0.12985570201820035,1.0
POS137506,maple,16.0,492810.5507011958,4877498.836771292,0.0,0.0,0.7,0.12199443098814992,1.0
POS137507,douglas_fir,20.0,492710.4933820051,4877526.056255491,0.0,0.0,0.0,0.11969744998833075,1.0
POS137508,maple,8.0,492739.556477222,4877491.1872206945,0.0,0.0,0.7,0.13670831145254508,1.0
POS137510,maple,24.0,492720.991995834,4877491.159722394,0.0,0.0,0.7,0.11025390545495374,1.0
POS137512,maple,7.0,492713.00082475296,4877490.339125166,0.0,0.0,0.7,0.10078646637230224,1.0
POS137729,maple,6.0,492745.2671408078,4877305.0633600475,0.0,0.0,0.7,0.11570452689015445,1.0
POS137730,maple,11.0,492738.6940615857,4877289.376091183,0.0,0.0,0.7,0.13063388647311905,1.0
POS137731,maple,9.0,492734.1832176049,4877289.523384194,0.0,0.0,0.7,0.12752045881578483,1.0
POS137732,maple,5.0,492729.399420416,4877289.380622288,0.0,0.0,0.7,0.12752045881578483,1.0
POS137734,oak,7.0,492767.23371077166,4877305.1555867465,0.0,0.0,0.5,0.14350737521200987,1.0
POS137735,oak,11.0,492774.2686769187,4877305.365530488,0.0,0.0,0.5,0.14350737521200987,1.0
POS137736,oak,6.0,492789.75399895717,4877305.546048461,0.0,0.0,0.5,0.1043207068956797,1.0
POS137737,oak,14.0,492795.95359130343,4877305.449253299,0.0,0.0,0.5,0.1043207068956797,1.0
POS137738,oak,11.0,492789.9346290834,4877290.06032948,0.0,0.0,0.5,0.14034580164354418,1.0
POS137739,oak,9.0,492774.7137691416,4877290.451022327,0.0,0.0,0.5,0.12803517285978833,1.0
POS137740,oak,13.0,492767.6788027419,4877290.241078552,0.0,0.0,0.5,0.12803517285978833,1.0
POS137741,oak,22.0,492921.4747470504,4877289.665252426,0.0,0.0,0.5,0.1757561677805315,1.0
POS137742,oak,32.0,492905.93997322343,4877291.26911242,0.0,0.0,0.5,0.14750146389795565,1.0
POS137743,maple,4.0,492912.2779380929,4877305.09660615,0.0,0.0,0.7,0.13484632751095482,1.0
POS137744,maple,4.0,492888.0785392246,4877305.348050482,0.0,0.0,0.7,0.12868050409649093,1.0
POS137838,maple,5.0,492856.7720127348,4877290.992424098,0.0,0.0,0.7,0.17999324583515716,1.0
POS137839,maple,5.0,492848.21234089154,4877290.754177575,0.0,0.0,0.7,0.14677558816763092,1.0
POS137854,maple,2.0,492659.1631373858,4877183.420347834,0.0,0.0,0.7,0.2741625803449016,1.0
POS137855,oak,4.0,492666.7948282633,4877183.432490589,0.0,0.0,0.5,0.09230555461148893,1.0
POS137856,oak,5.0,492674.41819436353,4877183.375082749,0.0,0.0,0.5,0.09230555461148893,1.0
POS137857,maple,13.0,492675.2132676,4877168.548616856,0.0,0.0,0.7,0.2973502125309546,1.0
POS137863,maple,15.0,492715.2465642997,4877183.196966467,0.0,0.0,0.7,0.21718094302056898,1.0
POS137864,maple,15.0,492724.25983718474,4877183.184438353,0.0,0.0,0.7,0.13914663781004374,1.0
POS137865,maple,22.0,492734.2537673833,4877183.341980687,0.0,0.0,0.7,0.1552756964453825,1.0
POS137866,maple,12.0,492747.76959171926,4877183.463421958,0.0,0.0,0.7,0.29172157224350165,1.0
POS137867,sycamore,7.0,492790.30754637683,4877183.183826954,0.0,0.0,0.9,0.35484954417638603,1.0
POS137868,maple,14.0,492801.7527198628,4877167.752761562,0.0,0.0,0.7,0.18144712122270396,1.0
POS137869,maple,14.0,492795.84318651276,4877167.576403443,0.0,0.0,0.7,0.19376191281992225,1.0
POS137870,maple,10.0,492789.64399174484,4877167.673210413,0.0,0.0,0.7,0.19376191281992225,1.0
POS137871,maple,10.0,492783.8582476817,4877168.063665404,0.0,0.0,0.7,0.18713356009367638,1.0
POS137872,maple,12.0,492778.0896934394,4877167.891514772,0.0,0.0,0.7,0.18713356009367638,1.0
POS137873,maple,5.0,492767.520044948,4877168.139404278,0.0,0.0,0.7,0.15396944810103005,1.0
POS137874,maple,12.0,492762.44066484855,4877168.287230768,0.0,0.0,0.7,0.1721590518252733,1.0
POS137875,maple,16.0,492833.1170541338,4877168.09144852,0.0,0.0,0.7,0.11286337102077033,1.0
POS137876,maple,17.0,492840.2926117389,4877168.023779881,0.0,0.0,0.7,0.15882033210866336,1.0
POS137877,maple,16.0,492847.5228056759,4877167.710333679,0.0,0.0,0.7,0.12788951006986063,1.0
POS137878,maple,15.0,492862.70471581037,4877168.162509246,0.0,0.0,0.7,0.15867221920566918,1.0
POS137879,sycamore,7.0,492853.41143599036,4877168.0844753105,0.0,0.0,0.9,0.12788951006986063,1.0
POS137883,maple,16.0,492907.71730280377,4877168.296788514,0.0,0.0,0.7,0.17583282985591225,1.0
POS138027,oak,24.0,492700.99095722457,4877436.544581666,0.0,0.0,0.5,0.13296056617355465,1.0
POS138029,oak,13.0,492701.1260336412,4877444.681777469,0.0,0.0,0.5,0.14931309652931077,1.0
POS138030,oak,16.0,492700.93983686436,4877450.076596567,0.0,0.0,0.5,0.14931309652931077,1.0
POS138031,oak,14.0,492701.2058425336,4877455.595814139,0.0,0.0,0.5,0.1327073600712626,1.0
POS138032,oak,16.0,492701.14385195053,4877460.910137003,0.0,0.0,0.5,0.1327073600712626,1.0
POS138033,maple,11.0,492701.74976221495,4877512.301585613,0.0,0.0,0.7,0.1369319377917482,1.0
POS138035,maple,12.0,492712.24187284056,4877535.069324922,0.0,0.0,0.7,0.19088085846490724,1.0
POS138036,maple,12.0,492726.04965188657,4877535.42678492,0.0,0.0,0.7,0.19649237858730823,1.0
POS138224,maple,32.0,492827.25376852247,4876924.180505636,0.0,0.0,0.7,0.10556631583366836,1.0
POS139277,maple,14.0,492810.3453928053,4877890.185037433,0.0,0.0,0.7,0.15915425605602385,1.0
POS139279,oak,13.0,492755.3289400826,4877780.112066424,0.0,0.0,0.5,0.3408533803279292,1.0
POS139285,oak,10.0,492716.53479590453,4877780.3336873185,0.0,0.0,0.5,0.15234495683028634,1.0
POS139286,oak,15.0,492721.4101813589,4877780.4130797945,0.0,0.0,0.5,0.15234495683028634,1.0
POS139287,oak,6.0,492729.308015586,4877780.185757775,0.0,0.0,0.5,0.1724353318079001,1.0
POS139288,oak,10.0,492742.09485012677,4877780.188139686,0.0,0.0,0.5,0.1506699188944186,1.0
POS139289,oak,8.0,492748.18293756875,4877780.148117893,0.0,0.0,0.5,0.3408533803279292,1.0
POS139290,oak,14.0,492769.51643207663,4877780.063745762,0.0,0.0,0.5,0.14365265234700464,1.0
POS139291,oak,8.0,492777.845282812,4877780.057494021,0.0,0.0,0.5,0.13858437938145407,1.0
POS139292,oak,12.0,492784.6791033645,4877780.100929497,0.0,0.0,0.5,0.13858437938145407,1.0
POS139293,douglas_fir,38.0,492702.3413206668,4877775.20076686,0.0,0.0,0.0,0.14891793848794901,1.0
POS139294,oak,21.0,492701.83395166066,4877763.551056208,0.0,0.0,0.5,0.11546633070383275,1.0
POS139295,oak,20.0,492702.5067819312,4877741.1693230085,0.0,0.0,0.5,0.14645650940776517,1.0
POS139296,oak,17.0,492702.02995534206,4877752.54975567,0.0,0.0,0.5,0.15667415883886765,1.0
POS139297,maple,22.0,492687.5498916239,4877752.838055438,0.0,0.0,0.7,0.1542830149985277,1.0
POS139299,maple,16.0,492688.40577087284,4877718.089590034,0.0,0.0,0.7,0.0978670377160712,1.0
POS139300,sycamore,24.0,492687.66421755636,4877694.499408143,0.0,0.0,0.9,0.09329058332048064,1.0
POS139800,oak,4.0,492715.06832483906,4877902.770491161,0.0,0.0,0.5,0.17265987396606491,1.0
POS139801,maple,8.0,492702.214868244,4877884.465646562,0.0,0.0,0.7,0.1942108187299607,1.0
POS139803,dogwood,5.0,492688.32834694994,4877857.311794149,0.0,0.0,0.9,0.1865785856966146,1.0
POS139807,oak,6.0,492701.9027474281,4877845.574106553,0.0,0.0,0.5,0.12179078615356662,1.0
POS139808,maple,17.0,492702.276952287,4877864.815880382,0.0,0.0,0.7,0.08645712282806323,1.0
POS139809,maple,14.0,492702.72407898115,4877871.671639428,0.0,0.0,0.7,0.08645712282806323,1.0
POS139865,maple,22.0,492807.64932508866,4876714.003312316,0.0,0.0,0.7,0.11167912195321825,1.0
POS139868,oak,18.0,492921.0696550337,4877794.773869547,0.0,0.0,0.5,0.1528090816889997,1.0
POS139869,maple,16.0,492871.4975302864,4877901.976611287,0.0,0.0,0.7,0.12380758096501213,1.0
POS139871,maple,17.0,492866.60733019,4877902.202684607,0.0,0.0,0.7,0.12380758096501213,1.0
POS139872,maple,8.0,492859.53736596875,4877902.224202893,0.0,0.0,0.7,0.21744706068350245,1.0
POS139877,maple,13.0,492845.8661948773,4877902.141824571,0.0,0.0,0.7,0.12503620562407397,1.0
POS139878,maple,11.0,492839.95921615476,4877902.151648682,0.0,0.0,0.7,0.12503620562407397,1.0
POS139880,oak,13.0,492914.6517294371,4877794.8751476165,0.0,0.0,0.5,0.1262051355380842,1.0
POS139881,oak,15.0,492904.53700488346,4877794.922203496,0.0,0.0,0.5,0.14072298316965598,1.0
POS139882,oak,16.0,492895.5189419526,4877794.884583699,0.0,0.0,0.5,0.1356676506070973,1.0
POS139883,oak,17.0,492888.5094329648,4877795.105311835,0.0,0.0,0.5,0.1356676506070973,1.0
POS139884,oak,15.0,492919.9166907844,4877779.0688649,0.0,0.0,0.5,0.14606439616710737,1.0
POS139885,oak,19.0,492899.59228897264,4877779.271846474,0.0,0.0,0.5,0.09181499172447552,1.0
POS139886,oak,18.0,492878.9923897065,4877779.3136025155,0.0,0.0,0.5,0.08939052158893043,1.0
POS139887,oak,18.0,492872.6858219572,4877779.423104657,0.0,0.0,0.5,0.11883422520125048,1.0
POS139888,oak,29.0,492853.8908895572,4877795.240925963,0.0,0.0,0.5,0.14752667359894045,1.0
POS139889,oak,22.0,492863.5417486759,4877779.539830029,0.0,0.0,0.5,0.06472855676060085,1.0
POS139890,oak,14.0,492850.4316555466,4877779.441894594,0.0,0.0,0.5,0.075000191935435,1.0
POS139891,oak,24.0,492842.32970975153,4877779.612421369,0.0,0.0,0.5,0.12465878116806227,1.0
POS139892,oak,22.0,492835.0669484578,4877779.522983017,0.0,0.0,0.5,0.14346314918444092,1.0
POS139893,oak,25.0,492833.363686927,4877795.313054712,0.0,0.0,0.5,0.14524087272670616,1.0
POS139912,maple,22.0,492825.91417337704,4877690.587415699,0.0,0.0,0.7,0.1013369449308246,1.0
POS139913,maple,17.0,492825.35549013,4877698.390692566,0.0,0.0,0.7,0.09080333795792175,1.0
POS139914,maple,22.0,492825.10289244616,4877706.854924567,0.0,0.0,0.7,0.2739314371539606,1.0
POS139915,maple,22.0,492825.79752184846,4877716.324555588,0.0,0.0,0.7,0.2767342951394901,1.0
POS139916,oak,25.0,492932.6223084254,4877720.708174579,0.0,0.0,0.5,0.12011244175443439,1.0
POS139917,oak,22.0,492932.368822436,4877715.657549111,0.0,0.0,0.5,0.12011244175443439,1.0
POS139918,oak,25.0,492932.395665169,4877699.226426354,0.0,0.0,0.5,0.12201113665591858,1.0
POS139919,oak,22.0,492932.7314512734,4877692.471731452,0.0,0.0,0.5,0.1257485275311088,1.0
POS139920,oak,17.0,492932.060452366,4877685.4540833,0.0,0.0,0.5,0.1257485275311088,1.0
POS139921,maple,23.0,492920.49663833296,4877675.814885141,0.0,0.0,0.7,0.11170317112127849,1.0
POS139922,maple,16.0,492910.7300550687,4877675.854129824,0.0,0.0,0.7,0.09725376014302951,1.0
POS139923,maple,20.0,492887.0041352568,4877676.067303371,0.0,0.0,0.7,0.08433988021980013,1.0
POS139924,maple,18.0,492875.8537405553,4877675.927847257,0.0,0.0,0.7,0.06079054711887072,1.0
POS139925,maple,20.0,492863.4678559596,4877676.148633352,0.0,0.0,0.7,0.06389008881986943,1.0
POS139926,oak,21.0,492851.54463926825,4877672.453701604,0.0,0.0,0.5,0.16325554819034918,1.0
POS139927,oak,18.0,492837.23025249015,4877671.700706861,0.0,0.0,0.5,0.13710745390107806,1.0
POS139928,maple,50.0,492857.7600808206,4877654.698815248,0.0,0.0,0.7,0.13111302630264768,1.0
POS139929,maple,20.0,492914.5345881387,4877657.792087911,0.0,0.0,0.7,0.30155041995205567,1.0
POS139930,oak,29.0,492932.1284238254,4877603.500886581,0.0,0.0,0.5,0.15387234066467226,1.0
POS139931,oak,20.0,492932.11369693535,4877593.07361192,0.0,0.0,0.5,0.14892310037664244,1.0
POS139932,oak,20.0,492932.4342991665,4877582.330733812,0.0,0.0,0.5,0.2221067882969398,1.0
POS139933,oak,25.0,492932.2876309583,4877571.583010863,0.0,0.0,0.5,0.17480231259749718,1.0
POS139934,oak,22.0,492931.42603582976,4877560.178631408,0.0,0.0,0.5,0.168411870607507,1.0
POS139963,maple,9.0,492672.3054249213,4877673.458403903,0.0,0.0,0.7,0.1960276420923597,1.0
POS139964,maple,9.0,492668.23126148724,4877673.499725562,0.0,0.0,0.7,0.1960276420923597,1.0
POS139965,maple,4.0,492663.6639600842,4877673.689235969,0.0,0.0,0.7,0.19087013029992686,1.0
POS139966,maple,11.0,492659.1014129699,4877673.716083096,0.0,0.0,0.7,0.19087013029992686,1.0
POS140076,maple,11.0,492702.7267094261,4877647.437392673,0.0,0.0,0.7,0.12977293339281398,1.0
POS140077,maple,9.0,492702.5809087063,4877633.329489338,0.0,0.0,0.7,0.19908245733614252,1.0
POS140078,maple,6.0,492702.3263750717,4877625.2041328475,0.0,0.0,0.7,0.19908245733614252,1.0
POS140079,maple,9.0,492702.5648043946,4877618.333827367,0.0,0.0,0.7,0.16403952490285703,1.0
POS140080,maple,11.0,492702.5435290961,4877612.106792413,0.0,0.0,0.7,0.15086684881354315,1.0
POS140081,oak,21.0,492701.82448452275,4877585.758487328,0.0,0.0,0.5,0.12505954622181414,1.0
POS140082,oak,17.0,492702.171291588,4877571.560379221,0.0,0.0,0.5,0.1392222463962747,1.0
POS140083,oak,40.0,492711.9806947681,4877553.535727372,0.0,0.0,0.5,0.13264910447029374,1.0
POS140084,maple,10.0,492765.0791127767,4877549.939964027,0.0,0.0,0.7,0.1464814149260234,1.0
POS140103,oak,27.0,492808.6653535468,4877744.4869943205,0.0,0.0,0.5,0.14032552279510563,1.0
POS140104,oak,25.0,492808.9473174381,4877756.877102509,0.0,0.0,0.5,0.15692215547745525,1.0
POS140105,oak,40.0,492809.19041748083,4877770.569491884,0.0,0.0,0.5,0.3213191759615601,1.0
POS140106,maple,23.0,492678.27795668767,4877779.044398002,0.0,0.0,0.7,0.10565457937282517,1.0
POS140107,maple,22.0,492669.55144974816,4877780.432728915,0.0,0.0,0.7,0.11373308979685202,1.0
POS140257,maple,5.0,493413.6388455326,4876698.011486268,0.0,0.0,0.7,0.1264684088100476,1.0
POS140258,maple,6.0,493413.6578215086,4876705.913523383,0.0,0.0,0.7,0.13185563654309146,1.0
POS140259,maple,6.0,493413.16763057525,4876713.800464503,0.0,0.0,0.7,0.13185563654309146,1.0
POS140268,oak,2.0,493414.2558965762,4876790.53306258,0.0,0.0,0.5,0.23376416133387962,1.0
POS140269,oak,20.0,493414.2143904434,4876824.915893437,0.0,0.0,0.5,0.20773949862658378,1.0
POS140274,maple,16.0,493414.28534803435,4876878.764937011,0.0,0.0,0.7,0.22132925294357744,1.0
POS140279,oak,2.0,493428.0879541127,4876882.737689939,0.0,0.0,0.5,0.13326179419460576,1.0
POS140280,oregon_ash,11.0,493427.8384620261,4876868.037146588,0.0,0.0,0.0,0.16609893503040535,1.0
POS140281,maple,13.0,493428.07020643336,4876860.272099605,0.0,0.0,0.7,0.12012758250168498,1.0
POS140282,sycamore,8.0,493428.5618670454,4876850.834752591,0.0,0.0,0.9,0.11704059465671374,1.0
POS140283,sycamore,8.0,493428.02301263803,4876840.736628712,0.0,0.0,0.9,0.132258651300176,1.0
POS140285,oak,23.0,493428.2920133175,4876789.493014558,0.0,0.0,0.5,0.14660883269923278,1.0
POS140287,sycamore,8.0,493427.742099242,4876740.607935348,0.0,0.0,0.9,0.10837547750815532,1.0
POS140289,oregon_ash,16.0,493427.6498703603,4876699.856288165,0.0,0.0,0.0,0.11561903459538836,1.0
POS140290,sycamore,10.0,493427.2566750078,4876669.189101575,0.0,0.0,0.9,0.13629056211986637,1.0
POS140295,maple,12.0,493426.4573986246,4876600.087068993,0.0,0.0,0.7,0.24373017790883503,1.0
POS140302,oregon_ash,18.0,493412.957326866,4876672.313965624,0.0,0.0,0.0,0.13213758479093504,1.0
POS140303,maple,12.0,493426.98017055035,4876429.72365526,0.0,0.0,0.7,0.15449188119056823,1.0
POS140304,maple,8.0,493426.76004541595,4876409.207268881,0.0,0.0,0.7,0.15994397745110991,1.0
POS140305,maple,12.0,493426.7247238806,4876399.031558742,0.0,0.0,0.7,0.14711519732880585,1.0
POS140306,maple,10.0,493427.01800684526,4876389.204567298,0.0,0.0,0.7,0.13786553285900455,1.0
POS140307,oak,2.0,493426.50703446195,4876372.231223241,0.0,0.0,0.5,0.16846324656454156,1.0
POS140308,maple,9.0,493426.18582210294,4876347.927884226,0.0,0.0,0.7,0.22310587036683693,1.0
POS140312,oregon_ash,24.0,493426.9260202439,4876255.912432414,0.0,0.0,0.0,0.13461148536290857,1.0
POS140313,oak,1.0,493425.9186523024,4876245.881214267,0.0,0.0,0.5,0.18845689470588547,1.0
POS140315,oak,1.0,493426.1418909679,4876217.894285738,0.0,0.0,0.5,0.1584329713142606,1.0
POS140317,maple,10.0,493426.2428858691,4876176.528931952,0.0,0.0,0.7,0.26,1.0
POS140318,maple,22.0,493425.8963313239,4876171.0919962805,0.0,0.0,0.7,0.26,1.0
POS140339,maple,1.0,493412.3780472835,4876288.397115655,0.0,0.0,0.7,0.1267035313533149,1.0
POS140436,maple,24.0,493307.7056896176,4877220.7033735495,0.0,0.0,0.7,0.1329448613650799,1.0
POS140485,maple,9.0,493292.85707497614,4877212.333766781,0.0,0.0,0.7,0.1471434212040813,1.0
POS140486,maple,11.0,493293.014648405,4877207.053894758,0.0,0.0,0.7,0.1471434212040813,1.0
POS140487,maple,18.0,493293.09310310043,4877191.768930492,0.0,0.0,0.7,0.18635084411896,1.0
POS140498,maple,17.0,493372.84588804626,4876938.109944403,0.0,0.0,0.7,0.200471678283741,1.0
POS140499,maple,9.0,493366.87583797245,4876938.329385201,0.0,0.0,0.7,0.200471678283741,1.0
POS140500,maple,9.0,493360.5088250989,4876938.537078976,0.0,0.0,0.7,0.1556878574983317,1.0
POS140501,maple,9.0,493350.975994276,4876938.252577618,0.0,0.0,0.7,0.1506852380479604,1.0
POS140502,maple,12.0,493342.02097805735,4876938.581441069,0.0,0.0,0.7,0.14638174527797945,1.0
POS140503,maple,11.0,493333.077808837,4876938.513344887,0.0,0.0,0.7,0.1456575346730397,1.0
POS140504,maple,11.0,493323.34032028576,4876938.421542998,0.0,0.0,0.7,0.1030383462616939,1.0
POS140505,maple,12.0,493314.0988808048,4876938.275043216,0.0,0.0,0.7,0.13042446127469928,1.0
POS140508,maple,1.0,493346.2893128055,4876923.998930663,0.0,0.0,0.7,0.2303772249383093,1.0
POS140511,maple,13.0,493461.91442274075,4876924.3336982215,0.0,0.0,0.7,0.2062525910168686,1.0
POS140512,maple,11.0,493466.42220826825,4876924.335926981,0.0,0.0,0.7,0.2062525910168686,1.0
POS140514,maple,1.0,493486.2816692361,4876924.004494799,0.0,0.0,0.7,0.21657035016486675,1.0
POS140521,maple,12.0,493251.3021630718,4876938.144384421,0.0,0.0,0.7,0.2140857690029238,1.0
POS140523,maple,17.0,493228.9923206612,4876938.740509949,0.0,0.0,0.7,0.29234434281530064,1.0
POS140524,oak,25.0,493217.17262100946,4876938.41216304,0.0,0.0,0.5,0.2067145324799209,1.0
POS140525,oak,30.0,493195.99165308796,4876938.1760513205,0.0,0.0,0.5,0.16153826364471385,1.0
POS140527,maple,24.0,493162.7809532787,4876937.6057271585,0.0,0.0,0.7,0.15268395941007107,1.0
POS140529,maple,6.0,493111.23966625397,4876938.170307933,0.0,0.0,0.7,0.11961274952015397,1.0
POS140537,maple,19.0,493306.7758866429,4876954.702454661,0.0,0.0,0.7,0.14765774780908897,1.0
POS140538,maple,21.0,493306.78973159083,4876960.692269468,0.0,0.0,0.7,0.14765774780908897,1.0
POS140539,maple,21.0,493307.25942411483,4876970.055301629,0.0,0.0,0.7,0.2163473405167437,1.0
POS140540,maple,20.0,493307.18357062934,4876978.923336078,0.0,0.0,0.7,0.1577585717458373,1.0
POS140541,maple,9.0,493307.10740549216,4876987.791761048,0.0,0.0,0.7,0.22885864069689543,1.0
POS140542,maple,12.0,493307.02030144894,4876997.036772019,0.0,0.0,0.7,0.18260892677881702,1.0
POS140544,maple,18.0,493306.8488716934,4877009.1106611155,0.0,0.0,0.7,0.2377715811325951,1.0
POS140549,maple,12.0,493103.8731233081,4876938.371176686,0.0,0.0,0.7,0.1174874786287847,1.0
POS140553,maple,10.0,493029.4293485892,4876938.252671873,0.0,0.0,0.7,0.13301810309451362,1.0
POS140554,oak,26.0,493019.75796857,4876938.174050428,0.0,0.0,0.5,0.12995035934149168,1.0
POS140555,maple,16.0,493004.6233578487,4876937.93278713,0.0,0.0,0.7,0.15328252441096116,1.0
POS140556,maple,11.0,492985.9042633214,4876938.005265096,0.0,0.0,0.7,0.15529354391341516,1.0
POS140557,maple,12.0,492977.27690956456,4876938.168209117,0.0,0.0,0.7,0.15529354391341516,1.0
POS140558,sycamore,4.0,492954.14550461946,4876938.108709932,0.0,0.0,0.9,0.13767082023273636,1.0
POS140565,maple,27.0,493193.0361714569,4876924.292782563,0.0,0.0,0.7,0.1442007878362353,1.0
POS140566,maple,1.0,493214.4880758623,4876924.427476303,0.0,0.0,0.7,0.3532498718968493,1.0
POS152210,oak,22.0,493453.2684083621,4877417.412006805,0.0,0.0,0.5,0.1272255651101045,1.0
POS155080,oak,15.0,493056.07023836847,4878111.606515691,0.0,0.0,0.5,0.23,1.0
POS155079,oak,16.0,493055.7691116924,4878105.193431233,0.0,0.0,0.5,0.23,1.0
POS1530,maple,17.0,493414.5014389229,4877025.534427082,0.0,0.0,0.7,0.22168458386182482,1.0
POS140623,oak,16.0,493045.71048804355,4877640.085722714,0.0,0.0,0.5,0.13575468908972085,1.0
POS140624,oak,26.0,493043.6404215053,4877654.561710095,0.0,0.0,0.5,0.1709248965711827,1.0
POS140625,maple,11.0,493064.23561368557,4877698.58492956,0.0,0.0,0.7,0.09393135419503512,1.0
POS140626,maple,8.0,493070.73660070833,4877720.892646569,0.0,0.0,0.7,0.04883558911734706,1.0
POS140629,maple,2.0,493050.89332423627,4877809.472382358,0.0,0.0,0.7,0.16540777716435748,1.0
POS140630,maple,2.0,493046.08407914237,4877812.809667795,0.0,0.0,0.7,0.18134075539186184,1.0
POS140631,maple,2.0,493040.21568125027,4877817.343883306,0.0,0.0,0.7,0.1468226823736755,1.0
POS140632,maple,2.0,493034.3411767969,4877822.082723088,0.0,0.0,0.7,0.14014730174905662,1.0
POS140633,maple,2.0,493020.87077928835,4877826.957386937,0.0,0.0,0.7,0.12131643950639617,1.0
POS140634,maple,24.0,493007.2886284093,4877836.632267695,0.0,0.0,0.7,0.11884628546653885,1.0
POS140635,maple,45.0,493011.2945440823,4877839.618308197,0.0,0.0,0.7,0.11884628546653885,1.0
POS140636,maple,20.0,493017.3951407327,4877841.028909437,0.0,0.0,0.7,0.11192030347148016,1.0
POS140637,maple,15.0,493037.1930017845,4877836.29617741,0.0,0.0,0.7,0.10038732392376926,1.0
POS140638,maple,20.0,493040.9608113114,4877833.542031393,0.0,0.0,0.7,0.11728200721112284,1.0
POS140639,maple,17.0,492954.6512062405,4877777.014256444,0.0,0.0,0.7,0.22181247411436217,1.0
POS140640,maple,11.0,492965.76037335576,4877776.903176277,0.0,0.0,0.7,0.20125007861027208,1.0
POS140641,maple,14.0,492974.739599756,4877776.536525849,0.0,0.0,0.7,0.18386822721028373,1.0
POS140642,maple,11.0,492984.34055046167,4877776.400936677,0.0,0.0,0.7,0.17506916945716405,1.0
POS140643,maple,18.0,492992.8342515654,4877776.151901143,0.0,0.0,0.7,0.17120544819510963,1.0
POS140644,maple,11.0,493033.1917210863,4877613.605581949,0.0,0.0,0.7,0.1052057873454693,1.0
POS140645,maple,13.0,493030.46169176156,4877609.019563787,0.0,0.0,0.7,0.1052057873454693,1.0
POS140646,maple,10.0,493034.4251759096,4877599.718845392,0.0,0.0,0.7,0.10907034117021622,1.0
POS140647,maple,15.0,493030.318199738,4877590.716393529,0.0,0.0,0.7,0.11565917095607425,1.0
POS140648,maple,15.0,493034.15871642786,4877584.688310355,0.0,0.0,0.7,0.11565917095607425,1.0
POS140649,oak,19.0,493045.18727319536,4877418.884763729,0.0,0.0,0.5,0.10453097655054469,1.0
POS140650,oak,14.0,493056.8039198294,4877418.503822038,0.0,0.0,0.5,0.1246819195720057,1.0
POS140651,oak,35.0,493067.79565717105,4877418.005227911,0.0,0.0,0.5,0.1292917954128234,1.0
POS140652,oak,13.0,493280.0450607552,4877418.223268466,0.0,0.0,0.5,0.14258816147589104,1.0
POS140653,oak,20.0,493291.7341941463,4877418.737525787,0.0,0.0,0.5,0.1686627880544262,1.0
POS140656,maple,22.0,492946.74467344064,4877557.422685848,0.0,0.0,0.7,0.1154149734794588,1.0
POS140657,maple,19.0,492946.8797080118,4877563.982827056,0.0,0.0,0.7,0.1154149734794588,1.0
POS140658,maple,19.0,492946.7784922659,4877569.820594634,0.0,0.0,0.7,0.10889114305237882,1.0
POS140659,maple,24.0,492946.9358651368,4877599.641750533,0.0,0.0,0.7,0.14920325266782078,1.0
POS140660,maple,18.0,492946.73650655354,4877613.821356701,0.0,0.0,0.7,0.14217642354319593,1.0
POS140661,maple,32.0,492947.36804927245,4877627.582944985,0.0,0.0,0.7,0.15117201366675448,1.0
POS140662,maple,16.0,492956.17540348606,4877675.713517613,0.0,0.0,0.7,0.15882057682262618,1.0
POS140663,maple,16.0,492964.4389335905,4877675.778322708,0.0,0.0,0.7,0.1422827536927798,1.0
POS140664,maple,7.0,492973.2272572151,4877675.97459325,0.0,0.0,0.7,0.32081547553260303,1.0
POS140665,maple,18.0,492983.08688140486,4877675.73972037,0.0,0.0,0.7,0.13296616813109985,1.0
POS140666,maple,15.0,492992.01822999824,4877675.543246974,0.0,0.0,0.7,0.1195750751662873,1.0
POS140667,maple,16.0,493228.8701638438,4877060.7237592125,0.0,0.0,0.7,0.13647395694836156,1.0
POS140668,maple,4.0,493220.84872505587,4877060.26705984,0.0,0.0,0.7,0.1307213055558306,1.0
POS140669,sycamore,15.0,493206.29226264067,4877060.484058424,0.0,0.0,0.9,0.1499635132373454,1.0
POS140671,maple,12.0,493184.5031965202,4877073.996059471,0.0,0.0,0.7,0.15194576175189745,1.0
POS140672,oak,3.0,493184.98665462487,4877090.360333408,0.0,0.0,0.5,0.13429770943270636,1.0
POS140673,oak,22.0,493184.34580443293,4877098.507280205,0.0,0.0,0.5,0.13344772239243669,1.0
POS140675,maple,39.0,493185.3400649992,4877144.01126616,0.0,0.0,0.7,0.15089676844061692,1.0
POS140678,pine,50.0,493171.1816496768,4877123.6092593875,0.0,0.0,0.0,0.19464255006102832,1.0
POS140679,maple,34.0,493171.8227080677,4877102.128875136,0.0,0.0,0.7,0.14594570840841636,1.0
POS140680,maple,10.0,493171.2557721913,4877084.738376198,0.0,0.0,0.7,0.1905790256465288,1.0
POS140684,maple,3.0,493145.9118499659,4877060.745239316,0.0,0.0,0.7,0.14398689058678155,1.0
POS140691,maple,4.0,493091.53433329135,4877047.013203631,0.0,0.0,0.7,0.2758963633096639,1.0
POS140694,maple,12.0,493135.2800791154,4877045.877859858,0.0,0.0,0.7,0.2851071233142204,1.0
POS140695,oak,19.0,493152.9642715332,4877047.037245251,0.0,0.0,0.5,0.1702054315735902,1.0
POS140715,maple,30.0,493170.5034777908,4876991.220994433,0.0,0.0,0.7,0.27289632058135715,1.0
POS140753,maple,2.0,493062.2785924957,4876969.237323354,0.0,0.0,0.7,0.17605893009568735,1.0
POS140755,douglas_fir,23.0,493061.9993986263,4876998.02445941,0.0,0.0,0.0,0.10552442603648332,1.0
POS140757,oak,10.0,493062.3681666074,4877011.563618972,0.0,0.0,0.5,0.23405337309652754,1.0
POS140770,maple,12.0,493062.8400407995,4877128.535209517,0.0,0.0,0.7,0.29068102528073647,1.0
POS140771,oak,2.0,493063.0447095115,4877216.27672745,0.0,0.0,0.5,0.17663354286260208,1.0
POS140773,maple,12.0,493063.2520925924,4877238.433748223,0.0,0.0,0.7,0.19277257857243507,1.0
POS140774,maple,5.0,493062.8894754095,4877250.584327639,0.0,0.0,0.7,0.13888147343139318,1.0
POS140785,maple,29.0,493170.62428640807,4876947.086414665,0.0,0.0,0.7,0.15016311419599376,1.0
POS140786,oak,26.0,493184.49011972407,4876946.906605765,0.0,0.0,0.5,0.23593321134505826,1.0
POS140789,oak,23.0,493184.45469265996,4876955.375133826,0.0,0.0,0.5,0.18384822013409552,1.0
POS140791,maple,27.0,493183.9142456477,4877009.868037034,0.0,0.0,0.7,0.15800935152256834,1.0
POS140792,maple,33.0,493183.6876080129,4877017.462128199,0.0,0.0,0.7,0.16815498428077036,1.0
POS140793,maple,2.0,493184.6500849499,4877034.664027765,0.0,0.0,0.7,0.14870848444717882,1.0
POS140795,maple,10.0,493217.55518607516,4877046.921524415,0.0,0.0,0.7,0.22230731696830264,1.0
POS140796,maple,10.0,493228.8638150563,4877046.390390462,0.0,0.0,0.7,0.21865051132283775,1.0
POS140798,maple,5.0,493255.998410983,4877046.766083014,0.0,0.0,0.7,0.3458197630817974,1.0
POS140803,maple,26.0,493286.6566255635,4877060.059265207,0.0,0.0,0.7,0.22913483920731587,1.0
POS140807,maple,5.0,493248.1011707582,4877060.336258574,0.0,0.0,0.7,0.3519177139041627,1.0
POS140816,maple,15.0,493050.8640383079,4877245.465488344,0.0,0.0,0.7,0.23465946178806338,1.0
POS140817,maple,6.0,493050.7245316874,4877254.295216307,0.0,0.0,0.7,0.23465946178806338,1.0
POS140819,pine,36.0,493050.38300607016,4877274.605593407,0.0,0.0,0.0,0.13102746264536508,1.0
POS140820,pine,44.0,493050.50498495693,4877283.550027927,0.0,0.0,0.0,0.13102746264536508,1.0
POS140821,maple,6.0,493062.41679158906,4877251.873364019,0.0,0.0,0.7,0.13888147343139318,1.0
POS140822,maple,10.0,493064.1067801694,4877268.754153991,0.0,0.0,0.7,0.15918281801122122,1.0
POS140823,oak,8.0,493062.93432445906,4877281.665789848,0.0,0.0,0.5,0.10783625043973435,1.0
POS140824,green_ash,17.0,493056.7466333399,4877303.6071542865,0.0,0.0,0.0,0.13511739119096935,1.0
POS140825,green_ash,9.0,493036.7787878755,4877303.228149765,0.0,0.0,0.0,0.14854249523380159,1.0
POS140827,maple,5.0,493018.96751653973,4877303.348320202,0.0,0.0,0.7,0.24388837165931618,1.0
POS140828,maple,25.0,492963.3107901531,4877290.989981012,0.0,0.0,0.7,0.24841553150460344,1.0
POS140829,maple,23.0,492976.07609412196,4877291.664050441,0.0,0.0,0.7,0.30071481245886067,1.0
POS140830,maple,33.0,492987.1109564604,4877292.025969399,0.0,0.0,0.7,0.1399836725535688,1.0
POS140834,oak,17.0,493039.96846130496,4877290.944734083,0.0,0.0,0.5,0.23632729894867255,1.0
POS140836,maple,2.0,493230.05630766996,4877168.825856049,0.0,0.0,0.7,0.2783092013550196,1.0
POS140837,maple,32.0,493270.6816293121,4877168.987546529,0.0,0.0,0.7,0.28596428228739823,1.0
POS140838,pine,50.0,493283.27490689367,4877168.921867479,0.0,0.0,0.0,0.27966948985702256,1.0
POS427,maple,17.0,493414.22006145096,4877034.962545419,0.0,0.0,0.7,0.1620899723146144,1.0
POS546,maple,16.0,493414.1804831461,4876998.347437289,0.0,0.0,0.7,0.13980474293719972,1.0
POS547,maple,19.0,493414.895105954,4876987.045184744,0.0,0.0,0.7,0.18248761050076834,1.0
POS548,oak,23.0,493428.775402735,4876951.977942636,0.0,0.0,0.5,0.11671428955002097,1.0
POS1493,maple,20.0,493413.3815754223,4877075.703683486,0.0,0.0,0.7,0.10730036551583608,1.0
POS140856,oak,13.0,493706.5436123997,4876913.666932726,0.0,0.0,0.5,0.12472745569644003,1.0
POS140858,maple,13.0,493016.61318149936,4877046.512042938,0.0,0.0,0.7,0.18310712545509586,1.0
POS140859,maple,18.0,493001.5524904411,4877046.062578961,0.0,0.0,0.7,0.1976552070061578,1.0
POS140862,oak,6.0,492971.1858176536,4877046.895490567,0.0,0.0,0.5,0.20966076103187942,1.0
POS140863,maple,9.0,492963.4168149735,4877046.806441777,0.0,0.0,0.7,0.25322608558072485,1.0
POS140865,oak,6.0,492960.2882808333,4877060.016820894,0.0,0.0,0.5,0.1421989027358932,1.0
POS140866,maple,4.0,492982.7998248293,4877060.419233412,0.0,0.0,0.7,0.11533112252257219,1.0
POS140868,maple,4.0,492990.8809202773,4877060.431793614,0.0,0.0,0.7,0.14343498983277414,1.0
POS140871,maple,12.0,493024.501174285,4877060.662014153,0.0,0.0,0.7,0.08111205844851764,1.0
POS140873,maple,12.0,493024.12063781027,4877167.955932079,0.0,0.0,0.7,0.1950012436405219,1.0
POS140874,maple,25.0,493016.20409899805,4877168.987216739,0.0,0.0,0.7,0.14221134360126955,1.0
POS140876,oak,34.0,492991.69687423896,4877166.1426656805,0.0,0.0,0.5,0.16530727495362105,1.0
POS140877,oak,36.0,492983.98343490175,4877166.021473702,0.0,0.0,0.5,0.14921820311502737,1.0
POS140878,oak,46.0,492976.28803362045,4877166.485439594,0.0,0.0,0.5,0.1846328866842629,1.0
POS140879,maple,15.0,492982.7179562249,4877182.368550968,0.0,0.0,0.7,0.3267728659849703,1.0
POS140880,maple,12.0,492991.71259595983,4877182.427475008,0.0,0.0,0.7,0.33894759674980607,1.0
POS140881,maple,13.0,493012.1666940715,4877182.939493113,0.0,0.0,0.7,0.30284489526524866,1.0
POS140882,maple,8.0,493096.11202618247,4877182.405023411,0.0,0.0,0.7,0.3441572406446045,1.0
POS140883,maple,14.0,493107.28821723943,4877181.858133318,0.0,0.0,0.7,0.1886057807028084,1.0
POS140884,maple,25.0,493125.3934478133,4877182.651269711,0.0,0.0,0.7,0.18382913066093198,1.0
POS140885,maple,16.0,493157.58638866374,4877182.709099907,0.0,0.0,0.7,0.20364669357687695,1.0
POS140886,maple,12.0,493165.18024133163,4877182.528116286,0.0,0.0,0.7,0.20364669357687695,1.0
POS140887,maple,5.0,493171.38361997355,4877200.911951699,0.0,0.0,0.7,0.15291252165666536,1.0
POS140888,maple,19.0,493184.8451652687,4877212.834377686,0.0,0.0,0.7,0.2794140596229663,1.0
POS140889,maple,26.0,493184.6967590294,4877186.5132778855,0.0,0.0,0.7,0.311666933532744,1.0
POS140890,maple,11.0,493191.28898942575,4877182.944191185,0.0,0.0,0.7,0.22835547727087496,1.0
POS140891,maple,14.0,493197.97805352585,4877183.143819224,0.0,0.0,0.7,0.17086642688266435,1.0
POS140892,maple,16.0,493204.04599954747,4877183.115503808,0.0,0.0,0.7,0.17086642688266435,1.0
POS140895,maple,25.0,493267.3620152335,4877182.71613378,0.0,0.0,0.7,0.16365985936648342,1.0
POS140896,douglas_fir,44.0,493154.73011887853,4877169.700129422,0.0,0.0,0.0,0.20142447670684346,1.0
POS140897,maple,16.0,493142.489570075,4877168.716404023,0.0,0.0,0.7,0.18899050970707143,1.0
POS140898,maple,16.0,493132.6338852084,4877168.443573579,0.0,0.0,0.7,0.18676345029560584,1.0
POS140899,maple,15.0,493103.8834386864,4877167.364344835,0.0,0.0,0.7,0.23223144909826177,1.0
POS140900,maple,22.0,493096.3581911521,4877167.1397634875,0.0,0.0,0.7,0.2533756988806284,1.0
POS140964,oak,9.0,493680.1192110746,4876693.610835753,0.0,0.0,0.5,0.34103848458603836,1.0
POS140966,maple,19.0,493636.39331679157,4876679.772100426,0.0,0.0,0.7,0.14682713063720393,1.0
POS140967,oak,6.0,493624.07996186503,4876679.404607395,0.0,0.0,0.5,0.15608949763494212,1.0
POS140971,oak,9.0,493667.1521134539,4876693.468538779,0.0,0.0,0.5,0.33369708948868493,1.0
POS140974,maple,26.0,493611.3398392392,4876693.336568613,0.0,0.0,0.7,0.23569252936441182,1.0
POS140975,maple,26.0,493601.7948563357,4876693.449012042,0.0,0.0,0.7,0.18625023991929376,1.0
POS140976,maple,26.0,493588.8877314577,4876693.639418743,0.0,0.0,0.7,0.18440266436712852,1.0
POS140979,maple,25.0,493581.84414404846,4876717.877040366,0.0,0.0,0.7,0.2047242351655392,1.0
POS140981,maple,27.0,493583.0820605445,4876785.771102239,0.0,0.0,0.7,0.2411674140552223,1.0
POS140983,oak,11.0,493582.23984769086,4876774.424880766,0.0,0.0,0.5,0.24042450647095975,1.0
POS140987,maple,32.0,493581.40730448073,4876611.5011498155,0.0,0.0,0.7,0.14391873254461696,1.0
POS140988,oak,1.0,493581.3169813295,4876598.2327965945,0.0,0.0,0.5,0.13751439865141496,1.0
POS140990,sycamore,1.0,493580.9477499798,4876508.208461147,0.0,0.0,0.9,0.1880476425675151,1.0
POS140991,maple,32.0,493580.8109713338,4876494.174591594,0.0,0.0,0.7,0.11301011108735334,1.0
POS140992,sycamore,1.0,493580.5562180423,4876479.442776462,0.0,0.0,0.9,0.08132175720325066,1.0
POS141040,oak,10.0,493434.12479320285,4876450.372197122,0.0,0.0,0.5,0.1933858561454768,1.0
POS141041,oak,12.0,493441.0223599104,4876450.247341058,0.0,0.0,0.5,0.135904562268122,1.0
POS141042,maple,12.0,493452.2035332544,4876450.646641799,0.0,0.0,0.7,0.12895430512370082,1.0
POS141043,maple,12.0,493462.1668517816,4876450.513579019,0.0,0.0,0.7,0.1635564669738288,1.0
POS141048,oak,6.0,493526.31754630525,4876450.401072144,0.0,0.0,0.5,0.1165851352889101,1.0
POS141051,oak,3.0,493568.45276210416,4876480.053782945,0.0,0.0,0.5,0.12666171291864636,1.0
POS141055,oak,27.0,493569.5868522727,4876522.844715209,0.0,0.0,0.5,0.16983363286262915,1.0
POS141056,oak,27.0,493569.2214034442,4876509.091031456,0.0,0.0,0.5,0.1594411146396902,1.0
POS141058,oak,14.0,493537.0880450217,4876557.846237416,0.0,0.0,0.5,0.1531332934952085,1.0
POS141059,oak,12.0,493520.3298922567,4876558.016216013,0.0,0.0,0.5,0.19240747604427225,1.0
POS141060,oak,24.0,493509.61091011594,4876557.919417649,0.0,0.0,0.5,0.20174334643400463,1.0
POS141062,oak,9.0,493478.33354610956,4876558.103090619,0.0,0.0,0.5,0.21903449607552247,1.0
POS141063,oak,17.0,493466.95168970566,4876557.763402332,0.0,0.0,0.5,0.22516263324236693,1.0
POS141064,oak,10.0,493459.8101033389,4876557.550263864,0.0,0.0,0.5,0.22258088012045757,1.0
POS141066,pine,45.0,493447.5304634541,4876571.93239233,0.0,0.0,0.0,0.16432807418347678,1.0
POS141067,oak,18.0,493461.3857484017,4876572.116490822,0.0,0.0,0.5,0.20770212845544367,1.0
POS141068,oak,19.0,493470.7656885602,4876572.172924584,0.0,0.0,0.5,0.11950185216951417,1.0
POS141069,oak,13.0,493478.13694832753,4876572.169410037,0.0,0.0,0.5,0.11959476616599618,1.0
POS141070,oak,18.0,493485.2718698174,4876572.605857617,0.0,0.0,0.5,0.11959476616599618,1.0
POS141071,sycamore,7.0,493515.6567877812,4876572.395850255,0.0,0.0,0.9,0.1277375385361306,1.0
POS141072,oak,27.0,493536.2154566354,4876572.115789614,0.0,0.0,0.5,0.09687476660368627,1.0
POS141073,oak,29.0,493547.18409402284,4876571.326408682,0.0,0.0,0.5,0.10089173292304643,1.0
POS141087,maple,13.0,493582.39356846054,4876825.131493405,0.0,0.0,0.7,0.12113447698307588,1.0
POS141088,dogwood,4.0,493582.6276616049,4876831.250487407,0.0,0.0,0.9,0.12113447698307588,1.0
POS141089,maple,7.0,493582.33977163234,4876836.242465055,0.0,0.0,0.7,0.12666150388594177,1.0
POS141092,maple,18.0,493582.50262919016,4876879.65659618,0.0,0.0,0.7,0.14068143829130067,1.0
POS141093,maple,18.0,493582.69951287773,4876900.984992872,0.0,0.0,0.7,0.1484537559445348,1.0
POS141094,maple,19.0,493582.719398508,4876911.9592568455,0.0,0.0,0.7,0.13666711833192735,1.0
POS141097,maple,18.0,493604.9516767199,4876802.234338385,0.0,0.0,0.7,0.12904416242572614,1.0
POS141098,oak,6.0,493593.1843708703,4876802.123951538,0.0,0.0,0.5,0.113136232441513,1.0
POS141099,oregon_ash,3.0,493614.2600484635,4876801.957727958,0.0,0.0,0.0,0.13888762250156483,1.0
POS141100,oak,9.0,493632.9644179059,4876801.323320085,0.0,0.0,0.5,0.1883467365519791,1.0
POS141101,oak,7.0,493642.8946108265,4876801.619687452,0.0,0.0,0.5,0.21465471855946672,1.0
POS141102,oak,6.0,493651.6391526652,4876801.681862414,0.0,0.0,0.5,0.17064112530838643,1.0
POS141103,oak,6.0,493666.6960159978,4876801.82422598,0.0,0.0,0.5,0.248922154525955,1.0
POS141593,sycamore,11.0,493322.57630444143,4876816.025198411,0.0,0.0,0.9,0.10895477462959063,1.0
POS141595,oak,8.0,493344.52782020473,4876816.1636093315,0.0,0.0,0.5,0.15928525384881098,1.0
POS141867,maple,38.0,492976.5945312447,4876679.923950776,0.0,0.0,0.7,0.3591724237633493,1.0
POS141871,douglas_fir,29.0,493040.4014372796,4876681.441463906,0.0,0.0,0.0,0.13763090479850779,1.0
POS141872,maple,37.0,493047.9438146204,4876675.0875300085,0.0,0.0,0.7,0.16547547640500976,1.0
POS141873,maple,24.0,493047.741699562,4876662.407962354,0.0,0.0,0.7,0.19239115781549943,1.0
POS141878,maple,18.0,493047.53936717234,4876604.354323005,0.0,0.0,0.7,0.2718507033117946,1.0
POS141880,maple,9.0,493047.2185173715,4876588.827511376,0.0,0.0,0.7,0.2736179246703817,1.0
POS141891,oak,2.0,493083.76554570376,4876680.703639879,0.0,0.0,0.5,0.15374586933683795,1.0
POS141905,oak,11.0,493398.0647025119,4876206.702365431,0.0,0.0,0.5,0.1440784249079446,1.0
POS141906,maple,7.0,493337.3407229915,4876192.81405865,0.0,0.0,0.7,0.12327877787884495,1.0
POS141940,oak,3.0,493182.9985389811,4876597.367965196,0.0,0.0,0.5,0.16238450415286731,1.0
POS141942,oregon_ash,7.0,493182.8209283188,4876617.96927593,0.0,0.0,0.0,0.21527825865706865,1.0
POS141944,oregon_ash,6.0,493183.0739955141,4876633.746572151,0.0,0.0,0.0,0.2034429280207032,1.0
POS141945,maple,13.0,493182.8432124345,4876641.479551281,0.0,0.0,0.7,0.18976175832007405,1.0
POS141964,green_ash,10.0,493291.9201101246,4876579.886319948,0.0,0.0,0.0,0.2557741080198356,1.0
POS141969,maple,9.0,493304.88947705814,4876620.531371501,0.0,0.0,0.7,0.2403632298567924,1.0
POS141970,oak,7.0,493305.2777523334,4876637.953659217,0.0,0.0,0.5,0.16674609790503142,1.0
POS141971,oak,7.0,493304.9830008671,4876651.472328171,0.0,0.0,0.5,0.1898995236581758,1.0
POS141977,oak,13.0,493342.84290394775,4876680.986407473,0.0,0.0,0.5,0.1437029391336311,1.0
POS142036,sycamore,15.0,493371.68773045886,4876680.492618069,0.0,0.0,0.9,0.26129273793326,1.0
POS142039,sycamore,3.0,493405.6534829481,4876680.771183564,0.0,0.0,0.9,0.24819241154192367,1.0
POS142085,douglas_fir,22.0,492957.939001811,4876816.544496949,0.0,0.0,0.0,0.13223174079254796,1.0
POS142086,maple,23.0,492981.88057704805,4876816.529071593,0.0,0.0,0.7,0.15724597478982327,1.0
POS142087,oak,4.0,493006.8457866125,4876816.654400251,0.0,0.0,0.5,0.14951094405145998,1.0
POS142088,oak,4.0,493015.15430665924,4876816.639747138,0.0,0.0,0.5,0.14951094405145998,1.0
POS142089,maple,24.0,493025.32293770916,4876816.452598827,0.0,0.0,0.7,0.13588687625778295,1.0
POS142092,maple,20.0,493047.59405497165,4876823.252958383,0.0,0.0,0.7,0.25838426342331167,1.0
POS142095,maple,9.0,493046.5689144046,4876902.281045968,0.0,0.0,0.7,0.20399175334759337,1.0
POS142096,maple,9.0,493046.6088793931,4876913.712225101,0.0,0.0,0.7,0.19374240706541246,1.0
POS142098,oak,8.0,493062.1676802427,4876883.88663182,0.0,0.0,0.5,0.16866232419806892,1.0
POS142099,oak,8.0,493061.97435215756,4876877.594349254,0.0,0.0,0.5,0.16866232419806892,1.0
POS142100,sycamore,1.0,493061.73318607965,4876863.509074759,0.0,0.0,0.9,0.11162476750315133,1.0
POS142102,maple,3.0,493061.932001634,4876829.627757485,0.0,0.0,0.7,0.15099035354209783,1.0
POS142107,oak,2.0,493121.53289643914,4876816.503365125,0.0,0.0,0.5,0.13704494717553256,1.0
POS142108,oak,2.0,493141.1183268059,4876816.853061804,0.0,0.0,0.5,0.14111820067978148,1.0
POS142109,maple,48.0,493160.00381709816,4876816.4158444,0.0,0.0,0.7,0.1581314646820513,1.0
POS142110,oak,4.0,493170.2951787468,4876826.779721089,0.0,0.0,0.5,0.16919855404079695,1.0
POS142111,oregon_ash,10.0,493169.6596185302,4876836.823595407,0.0,0.0,0.0,0.14877004651141218,1.0
POS142119,oak,4.0,493171.3083202137,4876914.133516352,0.0,0.0,0.5,0.1658405551456671,1.0
POS142120,maple,5.0,493183.63281300245,4876902.959137798,0.0,0.0,0.7,0.15423680776909443,1.0
POS142122,maple,3.0,493183.58325704397,4876881.401429538,0.0,0.0,0.7,0.20599525599830942,1.0
POS142123,maple,36.0,493183.8952760223,4876858.467763955,0.0,0.0,0.7,0.23608492805513565,1.0
POS142124,oak,4.0,493183.88940036687,4876845.894461995,0.0,0.0,0.5,0.24746660717411542,1.0
POS142125,maple,35.0,493183.8953451246,4876830.773825862,0.0,0.0,0.7,0.25480081844480795,1.0
POS142129,maple,28.0,493199.6160317059,4876816.835804156,0.0,0.0,0.7,0.13636075904859613,1.0
POS142130,oak,5.0,493214.8709844441,4876816.3387410985,0.0,0.0,0.5,0.16167125958796297,1.0
POS142132,maple,6.0,493281.1744827534,4876815.673821619,0.0,0.0,0.7,0.3635332919965957,1.0
POS142133,oak,21.0,493291.7867476568,4876847.030890871,0.0,0.0,0.5,0.1363210458081643,1.0
POS142139,oak,6.0,493305.927751218,4876902.09446888,0.0,0.0,0.5,0.40860508610764784,1.0
POS142142,oak,9.0,493305.6161704151,4876836.236039205,0.0,0.0,0.5,0.3290246082041739,1.0
POS142143,oak,24.0,493305.80588487326,4876827.617408153,0.0,0.0,0.5,0.33668511268780643,1.0
POS142144,oak,2.0,492951.10922126507,4876573.6066390965,0.0,0.0,0.5,0.28306984240569466,1.0
POS142145,oak,2.0,492963.3360585678,4876573.589417164,0.0,0.0,0.5,0.275695216163158,1.0
POS142148,maple,10.0,493028.53956631856,4876571.168371236,0.0,0.0,0.7,0.27198672026824217,1.0
POS142153,oregon_ash,11.0,493151.27428230486,4876572.023943603,0.0,0.0,0.0,0.17268423237169667,1.0
POS142154,oregon_ash,12.0,493160.07765911357,4876571.957859784,0.0,0.0,0.0,0.15756291951310186,1.0
POS142160,maple,7.0,493254.82596099173,4876573.123177833,0.0,0.0,0.7,0.215527837164772,1.0
POS142162,oak,18.0,493325.2532577405,4876572.910049385,0.0,0.0,0.5,0.16472904826993323,1.0
POS142164,maple,11.0,493355.5460189399,4876572.849285194,0.0,0.0,0.7,0.2857807141074567,1.0
POS142165,maple,15.0,493362.8706485211,4876573.067884676,0.0,0.0,0.7,0.2889361267119979,1.0
POS142166,oak,20.0,493377.53221110185,4876573.119637868,0.0,0.0,0.5,0.2962056835427422,1.0
POS142169,oak,19.0,493395.8847812407,4876559.390167317,0.0,0.0,0.5,0.17782761438586267,1.0
POS142186,oak,3.0,493355.40547378757,4876815.839124076,0.0,0.0,0.5,0.2411123697674959,1.0
POS142187,oak,5.0,493367.30639174127,4876815.885589418,0.0,0.0,0.5,0.12713767711619076,1.0
POS142199,maple,13.0,493579.40159216354,4876354.153939901,0.0,0.0,0.7,0.1909834863866039,1.0
POS142200,oak,4.0,493579.8159333939,4876395.018937576,0.0,0.0,0.5,0.10276842438194336,1.0
POS142201,maple,26.0,493579.5930608016,4876306.725186932,0.0,0.0,0.7,0.1320055284541532,1.0
POS142202,maple,16.0,493579.2910911972,4876282.56482363,0.0,0.0,0.7,0.17165407876477196,1.0
POS142203,maple,21.0,493579.28656191233,4876267.651562261,0.0,0.0,0.7,0.13099874607138196,1.0
POS142207,oak,6.0,493579.22137530876,4876214.591740359,0.0,0.0,0.5,0.17800704532391015,1.0
POS142208,oak,3.0,493447.824570136,4876206.53137281,0.0,0.0,0.5,0.12766404703788914,1.0
POS142209,oak,4.0,493456.6827593994,4876206.672938683,0.0,0.0,0.5,0.11599364707090618,1.0
POS142215,maple,4.0,493221.7652115167,4876559.2876630435,0.0,0.0,0.7,0.32037159384106995,1.0
POS142216,oak,1.0,493201.23224381456,4876558.790279334,0.0,0.0,0.5,0.30685586624119143,1.0
POS142218,sycamore,15.0,493182.862066336,4876547.2445579,0.0,0.0,0.9,0.3332354554791412,1.0
POS142229,sycamore,11.0,493167.9988184815,4876463.453681176,0.0,0.0,0.9,0.32761442035454025,1.0
POS142232,oak,16.0,493168.1486941883,4876497.221429997,0.0,0.0,0.5,0.3693378138289317,1.0
POS142234,oregon_ash,6.0,493166.90871576464,4876519.371895355,0.0,0.0,0.0,0.32159189971211466,1.0
POS142235,oregon_ash,7.0,493166.5980640172,4876529.781086023,0.0,0.0,0.0,0.19352104053923183,1.0
POS142236,oregon_ash,7.0,493166.7421119307,4876537.88876617,0.0,0.0,0.0,0.18659292956243093,1.0
POS142237,pine,14.0,493166.9204868073,4876544.839530464,0.0,0.0,0.0,0.1728447147775507,1.0
POS142238,oak,4.0,493166.73639658454,4876551.007950508,0.0,0.0,0.5,0.1728447147775507,1.0
POS142239,maple,16.0,493227.59783203405,4876328.97588629,0.0,0.0,0.7,0.1764038370316809,1.0
POS142242,maple,14.0,493279.00556347024,4876329.3470694255,0.0,0.0,0.7,0.2918376790578459,1.0
POS142261,sycamore,7.0,493290.1563527049,4876285.789610621,0.0,0.0,0.9,0.2813772186643548,1.0
POS142262,green_ash,11.0,493289.9591733778,4876297.365834444,0.0,0.0,0.0,0.2875447955153178,1.0
POS142267,maple,3.0,493250.8813379309,4876314.128716653,0.0,0.0,0.7,0.14278400400867042,1.0
POS142268,maple,5.0,493242.9734238394,4876314.408029313,0.0,0.0,0.7,0.15426097587468218,1.0
POS142275,oak,17.0,493181.98097064253,4876254.028895253,0.0,0.0,0.5,0.24502151327130206,1.0
POS142276,oak,17.0,493182.13074021746,4876248.541370688,0.0,0.0,0.5,0.24502151327130206,1.0
POS142279,maple,18.0,493182.10727919237,4876216.927950715,0.0,0.0,0.7,0.19048379236826055,1.0
POS142282,maple,4.0,493168.2720203565,4876268.681097121,0.0,0.0,0.7,0.22150125028615625,1.0
POS142283,sycamore,26.0,493167.93275035924,4876274.825189364,0.0,0.0,0.9,0.26984814205160873,1.0
POS142291,oak,1.0,493060.0932196287,4876298.617290574,0.0,0.0,0.5,0.20470058711429043,1.0
POS142292,oak,3.0,493060.2200011811,4876283.277632665,0.0,0.0,0.5,0.27826449630655864,1.0
POS142294,oak,24.0,493060.8107142809,4876255.304572384,0.0,0.0,0.5,0.23749320963354725,1.0
POS142295,oak,24.0,493060.1741331125,4876230.188185676,0.0,0.0,0.5,0.14625971537476576,1.0
POS142298,oak,24.0,493045.8298511672,4876235.790011983,0.0,0.0,0.5,0.2359400639307051,1.0
POS142299,oak,16.0,493047.21183723985,4876270.909596937,0.0,0.0,0.5,0.33925158085071316,1.0
POS142300,oak,1.0,493047.0747075749,4876286.150343018,0.0,0.0,0.5,0.34536163951337784,1.0
POS142301,sycamore,2.0,493046.86290576815,4876303.909948956,0.0,0.0,0.9,0.28756295905982976,1.0
POS142323,maple,15.0,493223.24748912605,4876802.659856051,0.0,0.0,0.7,0.17637166443049246,1.0
POS142411,oak,2.0,492940.4402113954,4876304.149232152,0.0,0.0,0.5,0.31341425485891766,1.0
POS142412,sycamore,23.0,492940.2960301897,4876293.043437524,0.0,0.0,0.9,0.31042723400580907,1.0
POS142413,sycamore,24.0,492940.0475331179,4876285.959171616,0.0,0.0,0.9,0.31042723400580907,1.0
POS142414,oak,12.0,492940.4977441514,4876278.650948821,0.0,0.0,0.5,0.3673894744034696,1.0
POS142415,oak,18.0,492939.82699770416,4876270.31123733,0.0,0.0,0.5,0.3074437473813302,1.0
POS142417,oak,1.0,492926.92095761,4876218.679461108,0.0,0.0,0.5,0.2702545141177507,1.0
POS142418,oak,1.0,492926.26047310286,4876229.307327633,0.0,0.0,0.5,0.13528268551184214,1.0
POS142419,oak,1.0,492926.37817526626,4876236.867108121,0.0,0.0,0.5,0.1627651399221215,1.0
POS142422,oak,18.0,492927.1006166893,4876270.205047633,0.0,0.0,0.5,0.34978662518363585,1.0
POS142423,oak,25.0,492926.7295336155,4876287.528385794,0.0,0.0,0.5,0.19095465414587529,1.0
POS142426,oak,2.0,493136.3174544372,4876558.724628115,0.0,0.0,0.5,0.2412989351731304,1.0
POS142435,oak,14.0,493060.9392346816,4876482.666089826,0.0,0.0,0.5,0.13561285608817863,1.0
POS142441,maple,4.0,493046.9297377876,4876521.322453654,0.0,0.0,0.7,0.2363143823331862,1.0
POS142442,oak,11.0,493046.4937651637,4876530.274653993,0.0,0.0,0.5,0.21451325248019684,1.0
POS142443,maple,6.0,493046.4885074845,4876541.776896293,0.0,0.0,0.7,0.1646162836001117,1.0
POS142444,maple,15.0,493046.40033334226,4876550.401164053,0.0,0.0,0.7,0.1551121641839796,1.0
POS142445,maple,10.0,493038.03599286283,4876558.609234502,0.0,0.0,0.7,0.15930602034111224,1.0
POS142446,oak,12.0,493033.162528411,4876558.867106438,0.0,0.0,0.5,0.17798069887750628,1.0
POS142460,oak,9.0,493765.2872899649,4876222.485207262,0.0,0.0,0.5,0.27293093140185926,1.0
POS142461,oak,9.0,493765.8548529423,4876233.105521611,0.0,0.0,0.5,0.2722101224102059,1.0
POS142462,oak,7.0,493764.79853871476,4876251.208636412,0.0,0.0,0.5,0.26601200240218126,1.0
POS142463,green_ash,5.0,493765.1668534354,4876264.497497767,0.0,0.0,0.0,0.26289468548769784,1.0
POS142465,oak,11.0,493290.63954987435,4876501.142073678,0.0,0.0,0.5,0.17338238376436144,1.0
POS142474,maple,10.0,493304.2263947849,4876509.999257357,0.0,0.0,0.7,0.29980882457579966,1.0
POS142480,oregon_ash,12.0,492951.9016825379,4876451.038425935,0.0,0.0,0.0,0.3126833531260246,1.0
POS142481,oregon_ash,5.0,492957.4356462645,4876450.865166905,0.0,0.0,0.0,0.15584228598403604,1.0
POS142495,sycamore,12.0,493141.8046737652,4876450.69792619,0.0,0.0,0.9,0.21867166525413487,1.0
POS142497,oregon_ash,9.0,493190.0373217902,4876450.575126689,0.0,0.0,0.0,0.14154261735290796,1.0
POS142498,oregon_ash,10.0,493201.03411512077,4876450.568104044,0.0,0.0,0.0,0.15309817124333813,1.0
POS142499,oregon_ash,9.0,493211.10230638203,4876450.3556621885,0.0,0.0,0.0,0.1543989196190752,1.0
POS142502,oregon_ash,6.0,493243.803406336,4876450.919984206,0.0,0.0,0.0,0.18829442604332222,1.0
POS142505,oak,19.0,493282.2453288207,4876450.233689843,0.0,0.0,0.5,0.3081789341359952,1.0
POS142516,maple,4.0,493326.8760472339,4876436.7780476725,0.0,0.0,0.7,0.2591492389737702,1.0
POS142519,green_ash,21.0,493303.9578976346,4876413.940395945,0.0,0.0,0.0,0.14313959153463338,1.0
POS142532,green_ash,8.0,493289.9097222498,4876403.012770032,0.0,0.0,0.0,0.20786578649328194,1.0
POS142545,pine,9.0,493181.9600835367,4876424.152054657,0.0,0.0,0.0,0.3075630518311012,1.0
POS142547,pine,7.0,493182.1890159246,4876401.435691844,0.0,0.0,0.0,0.2982352810869915,1.0
POS142548,pine,8.0,493181.85876674636,4876391.565290466,0.0,0.0,0.0,0.3006047069348102,1.0
POS142554,green_ash,12.0,493168.575576457,4876343.685499859,0.0,0.0,0.0,0.2212943804605148,1.0
POS142555,green_ash,8.0,493168.77862637024,4876356.082295127,0.0,0.0,0.0,0.2114129555258985,1.0
POS142556,green_ash,7.0,493168.7202191984,4876363.561614745,0.0,0.0,0.0,0.2114129555258985,1.0
POS142558,sycamore,11.0,493168.30558882066,4876389.270042761,0.0,0.0,0.9,0.17593270169775294,1.0
POS142563,sycamore,8.0,493168.5530822009,4876423.724234811,0.0,0.0,0.9,0.15840083439433042,1.0
POS142567,green_ash,10.0,493089.47712977906,4876436.966544379,0.0,0.0,0.0,0.3149924131237928,1.0
POS142569,green_ash,7.0,493069.5323757885,4876436.459120359,0.0,0.0,0.0,0.3029262961090688,1.0
POS142571,green_ash,13.0,493060.41587233724,4876420.870214102,0.0,0.0,0.0,0.11457972963775405,1.0
POS142582,oak,23.0,493046.4718398856,4876361.074790509,0.0,0.0,0.5,0.20359308843323326,1.0
POS142587,oak,21.0,493046.64428701036,4876410.465768856,0.0,0.0,0.5,0.3194425320776742,1.0
POS142588,oak,21.0,493046.76387052,4876427.13722086,0.0,0.0,0.5,0.30298807226085167,1.0
POS142596,maple,4.0,492941.01596103865,4876385.090061284,0.0,0.0,0.7,0.17039363147819633,1.0
POS142597,maple,30.0,492940.0770252589,4876375.184793564,0.0,0.0,0.7,0.16191515793669675,1.0
POS142598,maple,13.0,492939.62601071806,4876368.352194282,0.0,0.0,0.7,0.17126526009362583,1.0
POS142601,oak,24.0,492926.10567126493,4876339.9920178,0.0,0.0,0.5,0.1080507304830728,1.0
POS142602,oak,24.0,492925.48601364833,4876346.969871237,0.0,0.0,0.5,0.1231196513608044,1.0
POS142603,oak,23.0,492925.2774074134,4876353.959891741,0.0,0.0,0.5,0.1231196513608044,1.0
POS142604,oak,18.0,492925.4921226172,4876360.550931025,0.0,0.0,0.5,0.10955613466237694,1.0
POS142605,oak,17.0,492925.25897327205,4876368.363347763,0.0,0.0,0.5,0.11792462667219845,1.0
POS142606,oak,21.0,492926.4515519032,4876381.715605907,0.0,0.0,0.5,0.20588078368293683,1.0
POS142607,oak,16.0,492926.5090457726,4876390.870642818,0.0,0.0,0.5,0.18634688855413922,1.0
POS142608,oak,20.0,492926.730497556,4876398.965035244,0.0,0.0,0.5,0.1344317401324447,1.0
POS142610,oregon_ash,12.0,492926.9968848131,4876422.8747221995,0.0,0.0,0.0,0.12438110277745591,1.0
POS142621,maple,15.0,493000.02298465086,4876329.912038905,0.0,0.0,0.7,0.21537602530467262,1.0
POS142624,maple,14.0,493037.32431204396,4876329.888107166,0.0,0.0,0.7,0.31535885964601634,1.0
POS142626,oak,16.0,493109.1262309577,4876329.590163029,0.0,0.0,0.5,0.15792132585846655,1.0
POS142634,oak,7.0,493472.233733289,4876206.430928653,0.0,0.0,0.5,0.11478125738434791,1.0
POS142641,oak,7.0,493567.5366980038,4876214.392816293,0.0,0.0,0.5,0.21781146148025304,1.0
POS142643,oak,6.0,493567.9893992058,4876231.867545455,0.0,0.0,0.5,0.26659834062524446,1.0
POS142644,oak,8.0,493568.14588298043,4876241.689363011,0.0,0.0,0.5,0.2633572573196459,1.0
POS142645,maple,12.0,493567.9794947935,4876269.861992707,0.0,0.0,0.7,0.14023463757549895,1.0
POS142653,maple,16.0,493605.6552523396,4876205.090996386,0.0,0.0,0.7,0.21096866617598992,1.0
POS142656,maple,6.0,493397.1736739087,4876804.798854869,0.0,0.0,0.7,0.3873004728569546,1.0
POS142660,maple,14.0,493643.7169785079,4876220.364454753,0.0,0.0,0.7,0.2607212924727026,1.0
POS142665,maple,18.0,493657.1660298517,4876255.655278247,0.0,0.0,0.7,0.1072486464240347,1.0
POS142690,maple,14.0,493133.615431264,4876208.625415915,0.0,0.0,0.7,0.09510686640916097,1.0
POS142691,maple,13.0,493140.09448111156,4876208.500765191,0.0,0.0,0.7,0.14099648001413928,1.0
POS142693,green_ash,12.0,493190.1645570976,4876208.587908456,0.0,0.0,0.0,0.12398030204244577,1.0
POS142694,green_ash,12.0,493197.8349823817,4876208.763723561,0.0,0.0,0.0,0.11777125167564392,1.0
POS142714,green_ash,8.0,493765.5843520003,4876276.758290309,0.0,0.0,0.0,0.25886830526303617,1.0
POS142715,green_ash,5.0,493765.3985717977,4876289.409691749,0.0,0.0,0.0,0.14031959465139127,1.0
POS142716,green_ash,5.0,493765.3697856891,4876305.174287785,0.0,0.0,0.0,0.1508696744718527,1.0
POS142717,maple,8.0,493779.08200365613,4876289.642574164,0.0,0.0,0.7,0.12958145081244887,1.0
POS142718,maple,8.0,493779.55789063114,4876264.064274799,0.0,0.0,0.7,0.124894122853724,1.0
POS142719,oak,10.0,493778.922961195,4876246.791615717,0.0,0.0,0.5,0.16082692208024946,1.0
POS142720,oak,8.0,493779.57055142475,4876234.733516453,0.0,0.0,0.5,0.10821664327908861,1.0
POS142724,maple,5.0,493822.1212879597,4876206.097408448,0.0,0.0,0.7,0.22402110831875532,1.0
POS142725,maple,7.0,493827.3012351727,4876205.964596999,0.0,0.0,0.7,0.18495327048614912,1.0
POS142726,oak,18.0,493840.82174124755,4876205.792804792,0.0,0.0,0.5,0.1816792533791861,1.0
POS142727,oak,27.0,493850.606930199,4876205.509929943,0.0,0.0,0.5,0.18180118813237783,1.0
POS142728,oak,24.0,493862.961063619,4876205.878647655,0.0,0.0,0.5,0.15470043398222377,1.0
POS142729,oak,26.0,493875.0363251179,4876205.951232396,0.0,0.0,0.5,0.2529279704521122,1.0
POS142730,oak,22.0,493887.6391240264,4876217.254659375,0.0,0.0,0.5,0.24033977716043253,1.0
POS142731,oak,19.0,493887.0688993204,4876226.727176371,0.0,0.0,0.5,0.18194155820233182,1.0
POS142732,oak,28.0,493886.8330884189,4876244.261358542,0.0,0.0,0.5,0.21374453723652997,1.0
POS142733,oak,26.0,493886.541553703,4876254.029402785,0.0,0.0,0.5,0.25553063279135585,1.0
POS142734,oak,31.0,493886.2414307846,4876264.085200636,0.0,0.0,0.5,0.17659646825121783,1.0
POS142740,maple,12.0,493846.4218516307,4876191.582134203,0.0,0.0,0.7,0.32,1.0
POS142741,maple,16.0,493840.0838111171,4876191.967991551,0.0,0.0,0.7,0.32,1.0
POS142742,green_ash,6.0,493825.4230634086,4876191.818142345,0.0,0.0,0.0,0.26,1.0
POS142743,green_ash,3.0,493818.2317332951,4876191.891022874,0.0,0.0,0.0,0.26,1.0
POS142744,green_ash,3.0,493809.31667742366,4876191.912457923,0.0,0.0,0.0,0.26,1.0
POS142745,maple,20.0,493799.25259828346,4876191.899799922,0.0,0.0,0.7,0.26,1.0
POS142770,maple,19.0,493791.7828868314,4876191.676862267,0.0,0.0,0.7,0.32,1.0
POS142771,maple,5.0,493741.18323406926,4876191.316932048,0.0,0.0,0.7,0.32,1.0
POS142772,maple,11.0,493731.32351200684,4876190.870359203,0.0,0.0,0.7,0.32,1.0
POS142773,maple,18.0,493704.314487624,4876191.22440616,0.0,0.0,0.7,0.32,1.0
POS142776,maple,2.0,493625.56766730687,4876191.892095607,0.0,0.0,0.7,0.32,1.0
POS142778,maple,20.0,493612.038590266,4876192.351049185,0.0,0.0,0.7,0.32,1.0
POS142780,maple,2.0,493560.1117900895,4876191.9006302925,0.0,0.0,0.7,0.26,1.0
POS142781,maple,2.0,493551.6046442014,4876192.361160078,0.0,0.0,0.7,0.26,1.0
POS142782,maple,2.0,493544.7506996417,4876192.3947128365,0.0,0.0,0.7,0.26,1.0
POS142817,green_ash,11.0,493567.33495564276,4876158.2352020275,0.0,0.0,0.0,0.26,1.0
POS142819,maple,24.0,493568.1368158961,4876179.53828981,0.0,0.0,0.7,0.26,1.0
POS142820,maple,24.0,493567.9395956462,4876186.146438607,0.0,0.0,0.7,0.26,1.0
POS142822,oak,11.0,493578.3047333207,4876154.911665432,0.0,0.0,0.5,0.26,1.0
POS142856,maple,10.0,493643.19901339774,4876158.484500801,0.0,0.0,0.7,0.26,1.0
POS142857,douglas_fir,12.0,493643.18269526534,4876160.498885425,0.0,0.0,0.0,0.26,1.0
POS142895,sycamore,12.0,492790.52412229485,4876210.211373194,0.0,0.0,0.9,0.2326769872922091,1.0
POS142896,sycamore,11.0,492798.3894577648,4876210.400497945,0.0,0.0,0.9,0.2396718935844533,1.0
POS142897,maple,8.0,493171.40773393214,4877210.525189285,0.0,0.0,0.7,0.20490662080911357,1.0
POS142898,maple,4.0,493171.450230095,4877194.400924059,0.0,0.0,0.7,0.1940675364746459,1.0
POS142911,maple,11.0,493137.2985036058,4876802.236269858,0.0,0.0,0.7,0.19946374399101593,1.0
POS142912,maple,10.0,493129.954065395,4876802.322993895,0.0,0.0,0.7,0.2542884373604064,1.0
POS142921,oak,2.0,493026.8892852226,4876802.248259035,0.0,0.0,0.5,0.14807254927514862,1.0
POS142922,maple,37.0,493018.600724651,4876802.364811014,0.0,0.0,0.7,0.1326948546822776,1.0
POS142925,maple,37.0,492989.2090850046,4876803.170317585,0.0,0.0,0.7,0.2205192408063001,1.0
POS142926,douglas_fir,25.0,492976.36762110336,4876802.939988623,0.0,0.0,0.0,0.15496444377482615,1.0
POS142927,douglas_fir,25.0,492968.87457308953,4876802.869375276,0.0,0.0,0.0,0.15496444377482615,1.0
POS142928,douglas_fir,36.0,492958.9018385735,4876804.159308569,0.0,0.0,0.0,0.12060003120326034,1.0
POS142929,douglas_fir,30.0,492947.77185599954,4876802.698413319,0.0,0.0,0.0,0.11884230105936763,1.0
POS142933,oak,4.0,493160.4156881391,4876801.549429826,0.0,0.0,0.5,0.33177715234478944,1.0
POS142934,oak,2.0,492941.7814765092,4876706.157045292,0.0,0.0,0.5,0.09545273673912727,1.0
POS142935,maple,3.0,492927.8224494707,4876702.375445044,0.0,0.0,0.7,0.12898937296165236,1.0
POS142936,sycamore,18.0,492949.4451619685,4876695.372977948,0.0,0.0,0.9,0.09643687341666275,1.0
POS142937,sycamore,19.0,492956.7803810525,4876695.591886139,0.0,0.0,0.9,0.09559460542192776,1.0
POS142941,maple,13.0,493013.84642364184,4876695.153464219,0.0,0.0,0.7,0.16333287631588395,1.0
POS142942,maple,12.0,493017.675973614,4876694.961841251,0.0,0.0,0.7,0.11568123386742526,1.0
POS142943,maple,12.0,493021.6495710897,4876695.080427716,0.0,0.0,0.7,0.11568123386742526,1.0
POS142946,oak,5.0,493048.14213784755,4876704.283450973,0.0,0.0,0.5,0.2090452423784758,1.0
POS142963,maple,16.0,493125.2296664552,4876694.502718482,0.0,0.0,0.7,0.16280116609920087,1.0
POS142984,oak,51.0,493182.83992877934,4876760.002718133,0.0,0.0,0.5,0.4057998255840628,1.0
POS142998,green_ash,7.0,493291.5381744712,4876762.665501368,0.0,0.0,0.0,0.16706645613534926,1.0
POS143003,oak,18.0,493305.42347950675,4876793.924449757,0.0,0.0,0.5,0.24658696900824034,1.0
POS143004,oak,24.0,493305.429052632,4876784.971911067,0.0,0.0,0.5,0.24658696900824034,1.0
POS143008,oak,16.0,493304.90175827686,4876724.974325785,0.0,0.0,0.5,0.17458506814867586,1.0
POS143011,oak,4.0,493323.5155941035,4876694.052864425,0.0,0.0,0.5,0.2824769864061245,1.0
POS143013,oak,12.0,493439.5288762978,4877417.957688248,0.0,0.0,0.5,0.12104095640520363,1.0
POS143015,maple,5.0,492953.6504482592,4876681.471896355,0.0,0.0,0.7,0.3176123145656159,1.0
POS143109,maple,35.0,493657.2180003011,4876157.657256091,0.0,0.0,0.7,0.26,1.0
POS143133,maple,15.0,493764.9389757921,4876174.007193375,0.0,0.0,0.7,0.32,1.0
POS143382,oak,11.0,494010.505084603,4876279.1875637,0.0,0.0,0.5,0.1701971434119864,1.0
POS143383,oak,5.0,494010.4593739429,4876297.8375562355,0.0,0.0,0.5,0.19921571167117008,1.0
POS143384,maple,20.0,494028.8987763284,4876308.845967876,0.0,0.0,0.7,0.16529456231599435,1.0
POS143385,maple,22.0,494028.397152128,4876296.073547537,0.0,0.0,0.7,0.1849271993801214,1.0
POS143388,oak,17.0,494026.7116532419,4876229.135782425,0.0,0.0,0.5,0.16762662988642565,1.0
POS143389,oak,16.0,494027.5788592364,4876220.491958521,0.0,0.0,0.5,0.17312343476355413,1.0
POS143390,douglas_fir,28.0,494406.86284862674,4876302.259262418,0.0,0.0,0.0,0.17701045410318267,1.0
POS143391,sycamore,5.0,494406.7100821484,4876290.246280482,0.0,0.0,0.9,0.17051784477707108,1.0
POS143392,maple,13.0,494406.37922874733,4876241.37338351,0.0,0.0,0.7,0.18688328163862372,1.0
POS143395,maple,20.0,494388.25347071106,4876204.316993552,0.0,0.0,0.7,0.26,1.0
POS143396,maple,8.0,494380.1663212621,4876204.419628892,0.0,0.0,0.7,0.26,1.0
POS143397,maple,12.0,494371.45954610966,4876204.368265666,0.0,0.0,0.7,0.26,1.0
POS143398,maple,11.0,494366.09120939515,4876204.463646375,0.0,0.0,0.7,0.26,1.0
POS143509,maple,10.0,494353.4172591734,4876204.302875913,0.0,0.0,0.7,0.26,1.0
POS143510,maple,21.0,494346.39509462035,4876204.541302073,0.0,0.0,0.7,0.26,1.0
POS143519,oak,31.0,494261.09774373594,4876305.877216714,0.0,0.0,0.5,0.20181555519101202,1.0
POS143520,oak,17.0,494260.68293370726,4876295.470170468,0.0,0.0,0.5,0.16017994534285393,1.0
POS143521,oak,25.0,494260.9712951672,4876285.80873679,0.0,0.0,0.5,0.11787513171216131,1.0
POS143522,maple,18.0,494259.9796047767,4876229.936368546,0.0,0.0,0.7,0.18642574086408886,1.0
POS143523,maple,26.0,494260.2607526182,4876220.516626598,0.0,0.0,0.7,0.17322308062409256,1.0
POS143524,oak,3.0,494250.2678223131,4876203.997497199,0.0,0.0,0.5,0.32,1.0
POS143525,sycamore,11.0,494233.1880650855,4876204.237150706,0.0,0.0,0.9,0.32,1.0
POS143526,oak,2.0,494193.05802207766,4876204.247950121,0.0,0.0,0.5,0.32,1.0
POS143528,oak,1.0,494170.81589682144,4876204.30952674,0.0,0.0,0.5,0.26,1.0
POS143531,oak,1.0,494152.49954462785,4876283.417461869,0.0,0.0,0.5,0.12555466620019368,1.0
POS143532,oak,1.0,494152.48172461765,4876292.1196364,0.0,0.0,0.5,0.12537853161572082,1.0
POS143557,oak,3.0,494138.2820729997,4876306.200638549,0.0,0.0,0.5,0.2783131637587482,1.0
POS143849,maple,22.0,494133.15463637706,4876205.21174527,0.0,0.0,0.7,0.15906275920018198,1.0
POS143850,maple,25.0,494125.4990457612,4876205.289464678,0.0,0.0,0.7,0.17588270214525537,1.0
POS143851,maple,17.0,494099.93926360854,4876205.13792114,0.0,0.0,0.7,0.17758083269411845,1.0
POS143852,maple,17.0,494092.7403676213,4876204.613249972,0.0,0.0,0.7,0.1789450818157871,1.0
POS143864,oak,1.0,494028.6916103848,4876169.01234423,0.0,0.0,0.5,0.26,1.0
POS143871,maple,16.0,494408.13928780623,4876154.685045067,0.0,0.0,0.7,0.32,1.0
POS143872,maple,24.0,494407.9033429373,4876162.5901836855,0.0,0.0,0.7,0.32,1.0
POS143874,maple,12.0,494380.43558109447,4876189.635341711,0.0,0.0,0.7,0.26,1.0
POS143875,maple,9.0,494375.44681472715,4876189.65844835,0.0,0.0,0.7,0.26,1.0
POS143877,douglas_fir,36.0,494301.8121644391,4876190.212683185,0.0,0.0,0.0,0.32,1.0
POS143878,maple,11.0,494290.6314607558,4876190.222987683,0.0,0.0,0.7,0.32,1.0
POS143994,maple,7.0,494061.5699644838,4876190.440061895,0.0,0.0,0.7,0.32,1.0
POS143995,maple,6.0,494065.90817160584,4876190.515338951,0.0,0.0,0.7,0.32,1.0
POS143996,oak,1.0,494116.89260310866,4876191.580017405,0.0,0.0,0.5,0.32,1.0
POS143997,oak,1.0,494125.1279900229,4876191.389198022,0.0,0.0,0.5,0.32,1.0
POS143998,oak,1.0,494136.79734376667,4876183.691500494,0.0,0.0,0.5,0.32,1.0
POS143999,maple,24.0,494138.39722004475,4876174.155011054,0.0,0.0,0.7,0.26,1.0
POS144014,maple,16.0,494152.36120101024,4876157.801190189,0.0,0.0,0.7,0.26,1.0
POS144015,maple,14.0,494152.3561247061,4876169.497353951,0.0,0.0,0.7,0.26,1.0
POS144017,maple,13.0,494151.94319652923,4876177.56941637,0.0,0.0,0.7,0.32,1.0
POS144018,maple,14.0,494152.0073424045,4876181.183258994,0.0,0.0,0.7,0.32,1.0
POS144019,maple,11.0,494152.06625022803,4876184.969251362,0.0,0.0,0.7,0.32,1.0
POS144020,maple,7.0,494158.099185565,4876190.309395757,0.0,0.0,0.7,0.26,1.0
POS144021,maple,9.0,494162.73409055104,4876190.619637205,0.0,0.0,0.7,0.26,1.0
POS144027,maple,5.0,494261.1857869461,4876161.680450205,0.0,0.0,0.7,0.32,1.0
POS144088,oak,20.0,493914.5989457328,4876329.576928775,0.0,0.0,0.5,0.14261726548886997,1.0
POS144089,maple,8.0,493971.6595942603,4876329.917206442,0.0,0.0,0.7,0.18410305746457722,1.0
POS144090,maple,18.0,493978.8607713114,4876329.779020094,0.0,0.0,0.7,0.10858638437082391,1.0
POS144091,pine,6.0,494406.75310332427,4876365.850517563,0.0,0.0,0.0,0.12766721583096552,1.0
POS144092,oak,4.0,494406.66944564687,4876357.650233627,0.0,0.0,0.5,0.11662997979162205,1.0
POS144094,maple,19.0,494392.08579216705,4876312.727595229,0.0,0.0,0.7,0.19533480215232918,1.0
POS144095,maple,14.0,494374.172440217,4876312.735055467,0.0,0.0,0.7,0.12628402680007414,1.0
POS144096,sycamore,8.0,494364.4929768605,4876312.558257328,0.0,0.0,0.9,0.14736286094231646,1.0
POS144098,maple,15.0,494324.2310114999,4876312.529805691,0.0,0.0,0.7,0.1399520539039147,1.0
POS144099,sycamore,11.0,494279.4474132844,4876312.343001306,0.0,0.0,0.9,0.2487763472269314,1.0
POS144100,oak,32.0,494223.3885590539,4876312.8149089515,0.0,0.0,0.5,0.16188317831164672,1.0
POS144101,oak,20.0,494212.5652330266,4876312.759479449,0.0,0.0,0.5,0.1999636384190931,1.0
POS144106,oak,4.0,494406.9391903895,4876375.413606115,0.0,0.0,0.5,0.2098311271462686,1.0
POS144108,oak,4.0,494406.98150965635,4876410.050879258,0.0,0.0,0.5,0.20734486391034299,1.0
POS144109,pine,6.0,494406.9977800929,4876418.595762951,0.0,0.0,0.0,0.21265195153735825,1.0
POS144110,pine,5.0,494407.2080209118,4876436.03084545,0.0,0.0,0.0,0.27680057753684606,1.0
POS144111,oak,3.0,494407.19377602177,4876453.78013816,0.0,0.0,0.5,0.3475457131183425,1.0
POS144112,pine,8.0,494407.3096593247,4876444.375869531,0.0,0.0,0.0,0.27680057753684606,1.0
POS144113,oak,4.0,494407.29373280203,4876468.993150432,0.0,0.0,0.5,0.4129238403464698,1.0
POS144114,oak,4.0,494407.4309978546,4876478.235268321,0.0,0.0,0.5,0.41082012093508324,1.0
POS144115,oak,4.0,494407.32910338184,4876487.840960683,0.0,0.0,0.5,0.4088705921343461,1.0
POS144116,oak,5.0,494407.38182100415,4876497.362664453,0.0,0.0,0.5,0.40976864182947803,1.0
POS144117,oak,5.0,494407.36665166816,4876507.195452632,0.0,0.0,0.5,0.41032576899578754,1.0
POS144126,maple,5.0,494428.34011331346,4876519.916266539,0.0,0.0,0.7,0.1584145716787565,1.0
POS144132,oak,1.0,494460.66139035433,4876447.338608855,0.0,0.0,0.5,0.2910953816230994,1.0
POS144135,maple,16.0,494511.60544202395,4876446.699369591,0.0,0.0,0.7,0.13930728167359135,1.0
POS144136,maple,17.0,494523.17166262254,4876447.251596638,0.0,0.0,0.7,0.18711012940075913,1.0
POS144169,maple,14.0,494533.30386751227,4876447.347008129,0.0,0.0,0.7,0.1733369258413514,1.0
POS152211,oak,30.0,493470.0123368159,4877415.737151072,0.0,0.0,0.5,0.1245774924228618,1.0
POS152321,oak,33.0,493484.1867531668,4877414.83393754,0.0,0.0,0.5,0.11210835559620841,1.0
POS152606,maple,4.0,494260.41008637723,4876212.554701943,0.0,0.0,0.7,0.32,1.0
POS144173,oregon_ash,25.0,493693.01295117027,4877199.6458693,0.0,0.4356739099590284,0.0,0.2016118847848603,1.0
POS152608,sycamore,3.0,494152.6332825224,4876303.325653954,0.0,0.0,0.9,0.17076730613130983,1.0
POS152613,maple,5.0,493413.3898208114,4876721.742467317,0.0,0.0,0.7,0.12202166768194714,1.0
POS152615,maple,4.0,493426.8499267926,4876420.449944327,0.0,0.0,0.7,0.13934365276950048,1.0
POS153098,sycamore,22.0,492934.20220437506,4878133.664744585,0.0,0.0,0.9,0.26,1.0
POS153099,sycamore,23.0,492934.642122171,4878123.468123515,0.0,0.0,0.9,0.26,1.0
POS153100,maple,5.0,492837.9200949023,4877290.992343294,0.0,0.0,0.7,0.12177732242545375,1.0
POS153101,maple,4.0,492900.6497111286,4877305.433204855,0.0,0.0,0.7,0.15285952309441192,1.0
POS155075,maple,15.0,493056.0330658164,4878063.328812781,0.0,0.0,0.7,0.09882625787362714,1.0
POS155076,maple,15.0,493055.359103311,4878073.530416126,0.0,0.0,0.7,0.08041573958580779,1.0
POS155077,maple,13.0,493056.31056860316,4878082.918500903,0.0,0.0,0.7,0.09848221918158434,1.0
POS145010,sycamore,4.0,493548.83627499617,4876815.828197351,0.0,0.0,0.9,0.11612770155815,1.0
POS145017,oak,2.0,493458.51573384623,4876815.368179341,0.0,0.0,0.5,0.12493249210009509,1.0
POS145018,oak,2.0,493445.34266980016,4876815.727259749,0.0,0.0,0.5,0.13400232302831833,1.0
POS145021,oak,17.0,493457.7699603376,4876802.55968716,0.0,0.0,0.5,0.2911443684225503,1.0
POS145024,sycamore,11.0,493514.36787267943,4876802.55677787,0.0,0.0,0.9,0.1375305572065571,1.0
POS145031,maple,30.0,493557.19305547746,4876694.429852646,0.0,0.0,0.7,0.1459118944693485,1.0
POS145036,oregon_ash,25.0,493435.2448832863,4876694.144754685,0.0,0.0,0.0,0.2578003515258094,1.0
POS145042,douglas_fir,16.0,493507.89562478225,4876679.201906871,0.0,0.0,0.0,0.19879318432066795,1.0
POS145044,maple,18.0,493529.8871166372,4876679.482125835,0.0,0.0,0.7,0.19073004062519394,1.0
POS145049,sycamore,13.0,493570.1778566818,4876592.135750915,0.0,0.0,0.9,0.13692656865441305,1.0
POS145050,sycamore,14.0,493570.2557544248,4876605.820447875,0.0,0.0,0.9,0.13587242534819183,1.0
POS145051,sycamore,6.0,493570.676253575,4876617.320793693,0.0,0.0,0.9,0.14668924636157465,1.0
POS145066,oak,7.0,493901.5862305229,4876176.339156763,0.0,0.0,0.5,0.32,1.0
POS145074,oak,2.0,493935.54002876626,4876204.997616849,0.0,0.0,0.5,0.17010777375382388,1.0
POS145075,oak,1.0,493927.16200703586,4876204.834270529,0.0,0.0,0.5,0.17010777375382388,1.0
POS145077,oak,1.0,493909.48180701124,4876205.550434103,0.0,0.0,0.5,0.16448854647964098,1.0
POS145335,sycamore,4.0,492917.73204477894,4876330.600398242,0.0,0.0,0.9,0.12010487048877763,1.0
POS145336,maple,20.0,492909.26032702945,4876330.939494126,0.0,0.0,0.7,0.12907353315611048,1.0
POS145338,maple,12.0,492844.14864373306,4876330.929113181,0.0,0.0,0.7,0.2272510335002116,1.0
POS145341,maple,9.0,492821.15130603785,4876375.477789599,0.0,0.0,0.7,0.11542162208724598,1.0
POS145342,maple,8.0,492821.04156823066,4876383.715603991,0.0,0.0,0.7,0.11542162208724598,1.0
POS145343,maple,12.0,492821.41476413165,4876392.438747019,0.0,0.0,0.7,0.11010111830712888,1.0
POS145344,maple,8.0,492821.26156318595,4876401.023776218,0.0,0.0,0.7,0.10754928986713816,1.0
POS145345,maple,11.0,492821.19120188773,4876408.830150069,0.0,0.0,0.7,0.07184736622211685,1.0
POS145351,sycamore,9.0,492770.6938475013,4876331.552689359,0.0,0.0,0.9,0.1695027010861167,1.0
POS145352,oregon_ash,5.0,492775.9990484139,4876331.505305616,0.0,0.0,0.0,0.1695027010861167,1.0
POS145354,oregon_ash,5.0,492777.4702899884,4876331.549212002,0.0,0.0,0.0,0.1647762545745975,1.0
POS145355,oregon_ash,6.0,492778.3454309406,4876331.374621839,0.0,0.0,0.0,0.1647762545745975,1.0
POS145357,sycamore,11.0,492793.9987313487,4876331.6410578685,0.0,0.0,0.9,0.17620304669775755,1.0
POS145450,maple,8.0,492676.03684087517,4876194.8475043755,0.0,0.0,0.7,0.2937837824577911,1.0
POS145451,maple,15.0,492686.48074217443,4876176.278608544,0.0,0.0,0.7,0.15943582875862433,1.0
POS145452,maple,16.0,492686.91123172233,4876161.3809243655,0.0,0.0,0.7,0.26,1.0
POS145476,pine,13.0,492740.29271153716,4876193.809183563,0.0,0.0,0.0,0.13439338961873415,1.0
POS145477,pine,12.0,492738.94604552706,4876196.148779614,0.0,0.0,0.0,0.27785995052615137,1.0
POS145493,maple,11.0,492685.6509933895,4876420.919187152,0.0,0.0,0.7,0.13799563178142754,1.0
POS145533,maple,1.0,492685.88846071856,4876229.665431482,0.0,0.0,0.7,0.1662937903817065,1.0
POS145534,maple,1.0,492685.69735757954,4876218.727640375,0.0,0.0,0.7,0.13958023140544817,1.0
POS145535,oak,4.0,492675.23697046493,4876211.4129236555,0.0,0.0,0.5,0.15777340325551636,1.0
POS145536,maple,17.0,492663.3477463654,4876211.402927606,0.0,0.0,0.7,0.26,1.0
POS145547,green_ash,16.0,492807.01073482697,4876271.298633372,0.0,0.0,0.0,0.2715266835896928,1.0
POS145552,pine,2.0,492772.7800975329,4876210.46586404,0.0,0.0,0.0,0.20795119731584166,1.0
POS145553,pine,5.0,492764.68792113784,4876210.787188516,0.0,0.0,0.0,0.2114452726361828,1.0
POS145560,maple,1.0,492700.4359750817,4876219.994512864,0.0,0.0,0.7,0.16014919226105623,1.0
POS145564,maple,8.0,492821.6710937577,4876270.509801786,0.0,0.0,0.7,0.2475166816572553,1.0
POS145567,maple,4.0,492821.63712348073,4876229.228225903,0.0,0.0,0.7,0.1957762762509619,1.0
POS145568,maple,8.0,492821.63539523736,4876220.134651691,0.0,0.0,0.7,0.12034987674058009,1.0
POS146897,sycamore,9.0,494655.51251262083,4876189.153233204,0.0,0.0,0.9,0.38,1.0
POS146898,sycamore,6.0,494648.69141991274,4876189.620663677,0.0,0.0,0.9,0.38,1.0
POS146899,sycamore,6.0,494640.0887665512,4876190.16172348,0.0,0.0,0.9,0.38,1.0
POS146902,oregon_ash,3.0,494601.81516101776,4876190.454901682,0.0,0.0,0.0,0.32,1.0
POS146903,oregon_ash,3.0,494590.7326939139,4876190.239622148,0.0,0.0,0.0,0.32,1.0
POS147487,maple,10.0,494540.8748299615,4876154.98559733,0.0,0.0,0.7,0.32,1.0
POS147489,oak,10.0,494542.00217928883,4876173.496801227,0.0,0.0,0.5,0.32,1.0
POS147776,sycamore,9.0,494426.10757554416,4876180.221132271,0.0,0.0,0.9,0.32,1.0
POS147790,oak,6.0,494557.6154769685,4876180.397345049,0.0,0.0,0.5,0.32,1.0
POS147923,oak,7.0,494440.35237046395,4876678.21743584,0.0,0.0,0.5,0.3648104705225083,1.0
POS147924,sycamore,11.0,494451.691617101,4876678.50027692,0.0,0.0,0.9,0.25075373119660876,1.0
POS147925,oak,11.0,494464.13983681344,4876678.175495992,0.0,0.0,0.5,0.25451127692786507,1.0
POS147926,oak,13.0,494471.6600124468,4876678.211744957,0.0,0.0,0.5,0.25447854532029746,1.0
POS147927,oak,32.0,494507.1513809868,4876676.638570953,0.0,0.0,0.5,0.18798118533199376,1.0
POS147928,oak,4.0,494571.0651492826,4876678.00290374,0.0,0.0,0.5,0.1407699515992652,1.0
POS148004,oak,14.0,494418.3239339285,4876736.666973167,0.0,0.0,0.5,0.3549917934592745,1.0
POS148005,oak,16.0,494417.30992077955,4876748.935927259,0.0,0.0,0.5,0.35284813482615396,1.0
POS148006,oak,16.0,494416.9052769971,4876762.493212052,0.0,0.0,0.5,0.3470548067992184,1.0
POS148007,oak,15.0,494416.7557137824,4876776.60092824,0.0,0.0,0.5,0.14352812475571347,1.0
POS148008,oak,15.0,494417.12391453155,4876791.538025287,0.0,0.0,0.5,0.35555334510160697,1.0
POS148009,oak,19.0,494418.62954773364,4876832.019835694,0.0,0.0,0.5,0.3470199105286503,1.0
POS148010,oak,19.0,494418.49597185384,4876845.585208317,0.0,0.0,0.5,0.3716317244564786,1.0
POS148012,oak,21.0,494417.9417563313,4876873.250502602,0.0,0.0,0.5,0.3858838894391236,1.0
POS148015,oak,21.0,494470.746826408,4876922.590786407,0.0,0.0,0.5,0.25901923698543206,1.0
POS148016,oak,20.0,494478.6181828438,4876922.554214264,0.0,0.0,0.5,0.2482350405358421,1.0
POS148017,oak,27.0,494492.46666365035,4876922.289028497,0.0,0.0,0.5,0.22487832676069688,1.0
POS148018,oak,12.0,494499.93136267207,4876922.24051922,0.0,0.0,0.5,0.20242841648270749,1.0
POS148019,oak,14.0,494506.1798544443,4876922.020005179,0.0,0.0,0.5,0.20242841648270749,1.0
POS148020,oak,24.0,494511.75437419134,4876921.643670507,0.0,0.0,0.5,0.2130839463150493,1.0
POS148036,maple,3.0,494408.2278918981,4876882.730403389,0.0,0.0,0.7,0.14488038497461025,1.0
POS148688,sycamore,17.0,494647.0283242637,4876432.953370943,0.0,0.0,0.9,0.18761644823938411,1.0
POS148694,sycamore,6.0,494574.6744896166,4876433.379381781,0.0,0.0,0.9,0.11815952828900844,1.0
POS148695,sycamore,16.0,494567.6543743101,4876432.962942533,0.0,0.0,0.9,0.11815952828900844,1.0
POS148698,oak,19.0,494557.8159934232,4876393.679633014,0.0,0.0,0.5,0.232170575087625,1.0
POS148704,oak,1.0,494558.2864866799,4876361.250941709,0.0,0.0,0.5,0.1618683271772756,1.0
POS148718,maple,1.0,494592.6875006512,4876203.881548938,0.0,0.0,0.7,0.32,1.0
POS148723,oak,21.0,494559.10708311154,4876241.176913368,0.0,0.0,0.5,0.20124332295871017,1.0
POS148724,sycamore,15.0,494542.17363717663,4876212.541801065,0.0,0.0,0.9,0.32,1.0
POS148725,sycamore,13.0,494542.0733401681,4876222.837671511,0.0,0.0,0.9,0.32,1.0
POS148726,maple,24.0,494542.10595851904,4876242.53134046,0.0,0.0,0.7,0.20684290175335027,1.0
POS148737,pine,14.0,494542.2730020482,4876361.673913347,0.0,0.0,0.0,0.1679766136707805,1.0
POS148738,oak,1.0,494542.8805160995,4876375.964045311,0.0,0.0,0.5,0.18788702933038084,1.0
POS148739,pine,1.0,494542.6708092423,4876382.990031965,0.0,0.0,0.0,0.18788702933038084,1.0
POS148740,oak,1.0,494542.31063940394,4876392.842426469,0.0,0.0,0.5,0.19632614644403107,1.0
POS148741,oak,1.0,494541.9154293887,4876401.376028888,0.0,0.0,0.5,0.17187076420721403,1.0
POS148742,pine,2.0,494542.25454896805,4876417.726220744,0.0,0.0,0.0,0.18285937858531603,1.0
POS148743,oak,1.0,494542.43565553287,4876424.363557471,0.0,0.0,0.5,0.18285937858531603,1.0
POS148745,oregon_ash,10.0,494529.1736979224,4876433.262347751,0.0,0.0,0.0,0.12931663640747296,1.0
POS148756,green_ash,10.0,494428.0929594317,4876403.45994095,0.0,0.0,0.0,0.19574545953758693,1.0
POS148758,maple,4.0,494428.0929677633,4876389.6018572,0.0,0.0,0.7,0.09203628004923181,1.0
POS148762,maple,8.0,494427.83990059484,4876356.500546206,0.0,0.0,0.7,0.17676694140938176,1.0
POS148763,maple,4.0,494427.2599274999,4876348.20974589,0.0,0.0,0.7,0.14059568433397407,1.0
POS148764,maple,5.0,494427.679355334,4876334.157171472,0.0,0.0,0.7,0.17499671093134894,1.0
POS148767,sycamore,12.0,494427.6574855489,4876286.377540108,0.0,0.0,0.9,0.11642343972027558,1.0
POS148768,maple,8.0,494427.694602538,4876271.279516323,0.0,0.0,0.7,0.15562288192705914,1.0
POS148770,maple,10.0,494426.69819190784,4876225.406558972,0.0,0.0,0.7,0.20574391899926203,1.0
POS148772,maple,8.0,494426.5269316146,4876214.241052831,0.0,0.0,0.7,0.32,1.0
POS148777,maple,6.0,494493.8294382642,4876203.756398428,0.0,0.0,0.7,0.32,1.0
POS148779,maple,3.0,494509.23741139605,4876203.802369291,0.0,0.0,0.7,0.32,1.0
POS148780,maple,4.0,494516.37307367293,4876203.80874202,0.0,0.0,0.7,0.32,1.0
POS148815,sycamore,14.0,494567.74455854023,4876447.179729111,0.0,0.0,0.9,0.1402637466433228,1.0
POS148817,sycamore,11.0,494583.44552142965,4876446.931236885,0.0,0.0,0.9,0.18427780047997833,1.0
POS148818,sycamore,17.0,494605.52284476033,4876447.180674062,0.0,0.0,0.9,0.23710063253653219,1.0
POS148819,sycamore,3.0,494614.7309470903,4876447.409111008,0.0,0.0,0.9,0.19252858001883436,1.0
POS148820,sycamore,4.0,494625.30606185383,4876447.400840416,0.0,0.0,0.9,0.18443157480928146,1.0
POS148821,sycamore,4.0,494634.7665426175,4876447.32539984,0.0,0.0,0.9,0.2648704162257429,1.0
POS148822,sycamore,5.0,494644.5026053476,4876447.2508846745,0.0,0.0,0.9,0.12847978007023914,1.0
POS148823,sycamore,5.0,494653.47018055595,4876447.433041973,0.0,0.0,0.9,0.1573816944024521,1.0
POS150951,dogwood,5.0,492961.78852881456,4878146.580301209,0.0,0.0,0.9,0.26,1.0
POS150952,sycamore,21.0,492948.5480701878,4878119.45603941,0.0,0.0,0.9,0.23,1.0
POS150953,oak,21.0,492948.43101475254,4878107.896989217,0.0,0.0,0.5,0.23,1.0
POS150955,oak,17.0,492948.2798946178,4878063.762113379,0.0,0.0,0.5,0.07721212070933985,1.0
POS151108,maple,3.0,493412.5269596268,4876305.107348709,0.0,0.0,0.7,0.22428254311388734,1.0
POS152118,maple,14.0,494274.91553449596,4876247.888674659,0.0,0.0,0.7,0.15441679592945828,1.0
POS152120,maple,3.0,494406.62547035376,4876263.750522134,0.0,0.0,0.7,0.10513547653405698,1.0
POS152124,oak,1.0,494028.5824548607,4876249.211625921,0.0,0.0,0.5,0.19204264885648553,1.0
POS152128,oak,1.0,494010.541132964,4876254.069553699,0.0,0.0,0.5,0.18063738442580277,1.0
POS152129,douglas_fir,3.0,494010.46056865214,4876267.668529057,0.0,0.0,0.0,0.15772537211909893,1.0
POS152163,sycamore,4.0,494153.21591024316,4876254.125109434,0.0,0.0,0.9,0.12876166201041114,1.0
POS152164,sycamore,3.0,494153.06634848274,4876247.559813984,0.0,0.0,0.9,0.12876166201041114,1.0
POS152166,oak,3.0,494160.9294187835,4876203.938547902,0.0,0.0,0.5,0.26,1.0
POS152175,maple,22.0,494259.6235366049,4876237.316202197,0.0,0.0,0.7,0.12639631571978568,1.0
POS152184,oak,7.0,493568.6009547527,4876412.673655864,0.0,0.0,0.5,0.16104659969353963,1.0
POS152185,oak,5.0,493567.8130107094,4876426.0136065865,0.0,0.0,0.5,0.1391710744170998,1.0
POS152189,maple,17.0,493568.4632641379,4876347.048447597,0.0,0.0,0.7,0.28851885996833704,1.0
POS152190,maple,25.0,493568.6256484265,4876341.500298943,0.0,0.0,0.7,0.2919056298513688,1.0
POS152192,oak,31.0,493446.40429169004,4876328.876606945,0.0,0.0,0.5,0.13287714339176704,1.0
POS152193,oak,24.0,493459.35788787925,4876328.851788763,0.0,0.0,0.5,0.09390279045577485,1.0
POS152194,oak,35.0,493487.8534202391,4876328.746897408,0.0,0.0,0.5,0.13498276580359353,1.0
POS152199,oak,7.0,493554.6745195814,4876313.904672347,0.0,0.0,0.5,0.1165253453938365,1.0
POS152200,oak,5.0,493544.7867532992,4876313.891882467,0.0,0.0,0.5,0.1204153637432209,1.0
POS549,oak,33.0,493428.77563615644,4876964.622775097,0.0,0.0,0.5,0.14629680009583987,1.0
POS155081,oak,24.0,493056.17508816137,4878128.728172997,0.0,0.0,0.5,0.23,1.0
POS155082,oak,15.0,493055.74711139506,4878138.937215774,0.0,0.0,0.5,0.23,1.0
POS155520,pine,16.0,492915.5870121557,4878038.421098436,0.0,0.0,0.0,0.15071789145410375,1.0
POS155524,oak,23.0,492827.1840994874,4878099.545266978,0.0,0.0,0.5,0.23,1.0
POS155525,maple,10.0,492826.7648643177,4878109.401260919,0.0,0.0,0.7,0.23,1.0
POS155526,oak,21.0,492826.7762755761,4878117.396348483,0.0,0.0,0.5,0.23,1.0
POS159489,oak,17.0,494428.9120660443,4878144.337293164,0.0,0.0,0.5,0.38,1.0
POS159490,oak,25.0,494434.967559006,4878142.222859857,0.0,0.0,0.5,0.38,1.0
POS160400,oak,2.0,494576.90465063765,4878078.795257179,0.0,0.0,0.5,0.19691959891530164,1.0
POS160522,oak,2.0,494563.89725528366,4878092.161563764,0.0,0.0,0.5,0.24416753171417138,1.0
POS160523,oak,2.0,494570.294883257,4878085.771111915,0.0,0.0,0.5,0.2005887978511319,1.0
POS155078,oak,19.0,493055.9600560134,4878098.795231779,0.0,0.0,0.5,0.23,1.0
POS993,oak,11.0,493426.1866439429,4876455.35056783,0.0,0.0,0.5,0.16578485670153947,1.0
POS39534,maple,1.0,494389.0181393166,4878115.512540119,0.0,0.0,0.7,0.17259941980490023,1.0
POS995,oak,9.0,493426.6002282077,4876469.646108819,0.0,0.0,0.5,0.17197408018250726,1.0
POS994,oak,10.0,493426.18352318386,4876462.491823608,0.0,0.0,0.5,0.16578485670153947,1.0
POS1531,maple,18.0,493413.8990966747,4877007.775855989,0.0,0.0,0.7,0.3192950189171624,1.0
POS1899,oak,13.0,493429.3447415294,4877084.6726796,0.0,0.0,0.5,0.2437913831604859,1.0
POS1900,oak,34.0,493429.1196352115,4877092.215313063,0.0,0.0,0.5,0.2437913831604859,1.0
POS1902,oak,30.0,493429.452174706,4877131.670150185,0.0,0.0,0.5,0.10892778770460118,1.0
POS4296,maple,9.0,493048.9831780534,4876948.42705212,0.0,0.0,0.7,0.1918730778394677,1.0
POS4297,maple,8.0,493048.8396985046,4876975.517599163,0.0,0.0,0.7,0.2170215259976175,1.0
POS4487,maple,8.0,493049.21464392997,4877004.405442936,0.0,0.0,0.7,0.2568380925144259,1.0
POS4488,maple,21.0,493049.35950630694,4877012.573040157,0.0,0.0,0.7,0.1479415684309592,1.0
POS4528,maple,18.0,493049.1281036846,4877073.328268688,0.0,0.0,0.7,0.18346929706523735,1.0
POS4529,maple,18.0,493048.7515058135,4877085.052621543,0.0,0.0,0.7,0.27176058613127174,1.0
POS39536,douglas_fir,1.0,494415.432368371,4878115.60579729,0.0,0.0,0.0,0.17899772356545807,1.0
POS39537,pine,2.0,494409.45577120024,4878102.334712327,0.0,0.0,0.0,0.16433831648865732,1.0
POS39540,douglas_fir,1.0,494444.36889247445,4878093.296746837,0.0,0.0,0.0,0.176946431816193,1.0
POS39366,maple,1.0,493267.9292022285,4876329.206752019,0.0,0.0,0.7,0.1469981390142416,1.0
POS1497,maple,11.0,493414.2549272225,4877110.876419463,0.0,0.0,0.7,0.18944192846972213,1.0
