tree_id,species,dbh_in,x,y,risk_score,dispersal_score,susceptibility,environmental_match,stress_amplification
POS4254,maple,8.0,491253.57368005416,4882468.564549311,0.0,0.0,0.6,0.1806101908590372,1.0
POS37126,oregon_ash,10.0,490342.20653866476,4881326.8403421035,0.0,0.0,0.5,0.23944753795686105,1.0
POS37709,oregon_ash,21.0,490349.9736188322,4881328.412312155,0.0,0.0,0.5,0.23944753795686105,1.0
POS37710,oregon_ash,26.0,490353.68303887226,4881327.613465487,0.0,0.0,0.5,0.2596762300433226,1.0
POS37712,oregon_ash,25.0,490360.4125744794,4881326.665621683,0.0,0.0,0.5,0.2596762300433226,1.0
POS37713,oregon_ash,25.0,490362.7688371534,4881324.560472779,0.0,0.0,0.5,0.23413146629829878,1.0
POS37734,oregon_ash,15.0,490364.0543663009,4881324.010814273,0.0,0.0,0.5,0.22782069433456179,1.0
POS37735,oregon_ash,14.0,490364.11643548415,4881323.646557669,0.0,0.0,0.5,0.22782069433456179,1.0
POS37745,oregon_ash,14.0,490364.5676443168,4881323.660019977,0.0,0.0,0.5,0.22782069433456179,1.0
POS37746,oregon_ash,14.0,490364.44636113866,4881323.43479621,0.0,0.0,0.5,0.22782069433456179,1.0
POS37747,maple,38.0,490364.4848277101,4881324.143160334,0.0,0.0,0.6,0.22782069433456179,1.0
POS37932,maple,19.0,492106.10740044474,4880955.373145752,0.0,0.0,0.6,0.2462085452491994,1.0
POS38428,maple,3.0,492054.30020573235,4880981.63195776,0.0,0.0,0.6,0.2445152764662831,1.0
POS38437,douglas_fir,29.0,491889.600690433,4881008.666250396,0.0,0.0,0.4,0.3447682647465634,1.0
POS38438,oak,52.0,491881.8195839607,4880958.7327756155,0.0,0.0,0.8,0.37226301218058266,1.0
POS38439,douglas_fir,57.0,491875.0117261979,4880885.312569754,0.0,0.0,0.4,0.3354571003052605,1.0
POS38441,pine,22.0,491918.1700962617,4880852.60649633,0.0,0.0,0.0,0.4169667468839353,1.0
POS38442,pine,6.0,491921.1283672001,4880852.609869408,0.0,0.0,0.0,0.32594335041703554,1.0
POS38444,maple,50.0,491923.51481598883,4880864.296062229,0.0,0.0,0.6,0.4204760661249608,1.0
POS38445,douglas_fir,38.0,491970.02154737903,4880805.715777937,0.0,0.0,0.4,0.3550955287593804,1.0
POS38448,maple,6.0,491974.07765213266,4880843.521127479,0.0,0.0,0.6,0.38854643747346473,1.0
POS38450,douglas_fir,16.0,492131.73729524907,4880691.133831583,0.0,0.0,0.4,0.20916666666666667,1.0
POS39243,douglas_fir,18.0,491990.3458164867,4880853.924413919,0.0,0.0,0.4,0.4354267245900093,1.0
POS39249,oak,14.0,492131.9498377564,4880869.859526711,0.0,0.0,0.8,0.3632839654796102,1.0
POS39404,maple,51.0,490346.0003601544,4881301.882251424,0.0,0.0,0.6,0.2366011953350757,1.0
POS39405,maple,1.0,490440.23400129087,4881463.731091222,0.0,0.0,0.6,0.28866745033073704,1.0
POS39408,oregon_ash,18.0,490378.83567182557,4881324.6958365245,0.0,0.0,0.5,0.3638956340809043,1.0
POS39448,maple,8.0,490914.5979929473,4881937.903017066,0.0,0.0,0.6,0.2088420343906815,1.0
POS39463,oregon_ash,12.0,490401.6868451716,4881323.668787919,0.0,0.0,0.5,0.24847905344459956,1.0
POS39916,maple,4.0,492141.92404528137,4881037.27386062,0.0,0.0,0.6,0.18656216635726355,1.0
POS39917,maple,1.0,492150.91034097614,4881038.072030047,0.0,0.0,0.6,0.21605344840895382,1.0
POS39925,maple,12.0,492189.11186271935,4881053.094919102,0.0,0.0,0.6,0.23645133751232053,1.0
POS42982,oak,10.0,491427.12452226726,4881551.400141945,0.0,0.0,0.8,0.1587445435879249,1.0
POS42986,maple,15.0,491428.9939544725,4881607.010669434,0.0,0.0,0.6,0.22527334306262925,1.0
POS42987,maple,17.0,491454.80916821933,4881648.543572149,0.0,0.0,0.6,0.17360677817548764,1.0
POS42988,maple,14.0,491462.0055849738,4881654.973042672,0.0,0.0,0.6,0.17942692639107266,1.0
POS42989,maple,10.0,491470.4438540917,4881661.133561802,0.0,0.0,0.6,0.17942692639107266,1.0
POS42992,maple,9.0,491504.5391466931,4881680.962643531,0.0,0.0,0.6,0.16316744441890052,1.0
POS42994,maple,7.0,491548.9663413973,4881706.704344347,0.0,0.0,0.6,0.13037652624700036,1.0
POS42996,oak,17.0,491576.81217240304,4881722.961377396,0.0,0.0,0.8,0.12496042447710981,1.0
POS42997,oak,9.0,491593.7593021075,4881732.212656935,0.0,0.0,0.8,0.2325942901058774,1.0
POS42998,maple,8.0,491609.82534757594,4881741.50294758,0.0,0.0,0.6,0.21797655601387556,1.0
POS42999,maple,14.0,491622.70044771937,4881749.227291121,0.0,0.0,0.6,0.2673898260625424,1.0
POS43000,oak,23.0,491631.3361062465,4881754.992693112,0.0,0.0,0.8,0.17854226539320658,1.0
POS43001,oak,22.0,491650.40585547336,4881771.832276408,0.0,0.0,0.8,0.2030037048665662,1.0
POS43002,oak,20.0,491658.4317843045,4881781.080261378,0.0,0.0,0.8,0.19549582044893596,1.0
POS43005,maple,10.0,491687.55075460643,4881849.651226419,0.0,0.0,0.6,0.24520386283226736,1.0
POS43007,maple,13.0,491689.09816897375,4881870.108542739,0.0,0.0,0.6,0.24454624054577545,1.0
POS43008,maple,11.0,491687.8800172001,4881891.785963527,0.0,0.0,0.6,0.1971431120345381,1.0
POS43009,maple,11.0,491685.5914556892,4881902.634710089,0.0,0.0,0.6,0.20524477243493872,1.0
POS43010,maple,25.0,491683.22928334546,4881912.280634005,0.0,0.0,0.6,0.1949625610561695,1.0
POS43011,maple,13.0,491679.41958100145,4881920.733439688,0.0,0.0,0.6,0.21832370237241924,1.0
POS43012,maple,10.0,491676.4685513381,4881930.310491032,0.0,0.0,0.6,0.2253004859703138,1.0
POS43013,maple,17.0,491672.2813822217,4881938.9194366755,0.0,0.0,0.6,0.2388296639301319,1.0
POS43015,oak,22.0,491649.688618222,4881985.147490845,0.0,0.0,0.8,0.18458148397078628,1.0
POS43016,oak,22.0,491644.9771694259,4881994.583209535,0.0,0.0,0.8,0.26950470712570423,1.0
POS43017,oak,19.0,491640.0451094736,4882004.1297477195,0.0,0.0,0.8,0.2128041833686255,1.0
POS43058,oak,16.0,491635.8725222222,4882013.925752601,0.0,0.0,0.8,0.1664352790429967,1.0
POS43070,maple,5.0,491632.5142160663,4881899.631695104,0.0,0.0,0.6,0.23221024082362413,1.0
POS43071,maple,6.0,491621.91121857025,4881900.079727099,0.0,0.0,0.6,0.21035432147060693,1.0
POS43072,oak,7.0,491614.7432150881,4881909.800354433,0.0,0.0,0.8,0.18725238129770894,1.0
POS43073,maple,11.0,491612.72467116313,4881933.78426236,0.0,0.0,0.6,0.1975438528016898,1.0
POS43074,maple,10.0,491604.296727406,4881934.2708742,0.0,0.0,0.6,0.15025505191181882,1.0
POS43075,maple,8.0,491596.1719812934,4881933.161771823,0.0,0.0,0.6,0.1508603249750579,1.0
POS43076,maple,9.0,491588.73596060456,4881932.238297426,0.0,0.0,0.6,0.18345159529850139,1.0
POS43077,maple,13.0,491579.2314667092,4881930.366763544,0.0,0.0,0.6,0.20089419727243837,1.0
POS43082,oak,18.0,491540.10708013584,4881918.248439823,0.0,0.0,0.8,0.19604069939439986,1.0
POS43083,oak,16.0,491539.89401422354,4881909.595278487,0.0,0.0,0.8,0.25069296698072685,1.0
POS43084,oak,15.0,491549.6760078505,4881899.736690457,0.0,0.0,0.8,0.23113536147139932,1.0
POS43087,maple,4.0,491508.4425151068,4881916.017451638,0.0,0.0,0.6,0.19888777302230023,1.0
POS43092,maple,6.0,491423.7970451236,4881906.286381541,0.0,0.0,0.6,0.21872762343716953,1.0
POS43111,maple,11.0,491635.62164670404,4881484.41853424,0.0,0.0,0.6,0.2237219977008595,1.0
POS43112,maple,13.0,491625.0472872483,4881488.581604645,0.0,0.0,0.6,0.243300037854635,1.0
POS43113,maple,14.0,491612.9817189901,4881492.7002788205,0.0,0.0,0.6,0.1565822810812867,1.0
POS43114,maple,8.0,491600.9009221623,4881497.315910173,0.0,0.0,0.6,0.18980052317890778,1.0
POS43115,maple,11.0,491588.820122614,4881501.931641782,0.0,0.0,0.6,0.16542750100015163,1.0
POS43116,maple,10.0,491550.4225591882,4881512.977668733,0.0,0.0,0.6,0.15579555301092285,1.0
POS43118,maple,7.0,491524.93294131325,4881516.695784867,0.0,0.0,0.6,0.1732530047425891,1.0
POS43119,maple,14.0,491513.4111706975,4881519.625261054,0.0,0.0,0.6,0.16774663803143489,1.0
POS43361,oak,18.0,492211.6133057724,4882302.660515906,0.0,0.0,0.8,0.14042136930044674,1.0
POS43379,maple,9.0,491443.901343587,4881546.187212655,0.0,0.0,0.6,0.1898219098918436,1.0
POS43380,oak,21.0,491443.0304168797,4881563.189208219,0.0,0.0,0.8,0.19877585453173247,1.0
POS43381,maple,13.0,491442.9431098198,4881583.1705515655,0.0,0.0,0.6,0.2189164603047886,1.0
POS43382,maple,15.0,491446.60343824414,4881605.144260733,0.0,0.0,0.6,0.22527275366502866,1.0
POS43383,maple,13.0,491472.57288592774,4881643.012985213,0.0,0.0,0.6,0.1759556577405998,1.0
POS43384,maple,20.0,491482.4130829921,4881649.9779536305,0.0,0.0,0.6,0.17513024850079578,1.0
POS43385,maple,10.0,491491.3755777639,4881655.434199561,0.0,0.0,0.6,0.17238328061082497,1.0
POS43386,oak,27.0,491500.9480145344,4881660.038226266,0.0,0.0,0.8,0.1698455947961509,1.0
POS43387,oak,18.0,491520.3267445474,4881671.570409605,0.0,0.0,0.8,0.19001112948517734,1.0
POS43389,oak,14.0,491589.29094165127,4881711.305467117,0.0,0.0,0.8,0.11971597228153408,1.0
POS43390,oak,14.0,491600.33404261025,4881717.28240806,0.0,0.0,0.8,0.1446691300985897,1.0
POS43391,oak,19.0,491609.5171464908,4881722.701537398,0.0,0.0,0.8,0.13097664307632115,1.0
POS43392,oak,21.0,491637.88681625633,4881739.79872295,0.0,0.0,0.8,0.20873071111514524,1.0
POS43394,oak,18.0,491661.70779282256,4881760.880370346,0.0,0.0,0.8,0.16894998891447727,1.0
POS43395,oak,18.0,491669.15443105984,4881769.236151008,0.0,0.0,0.8,0.16473166263250802,1.0
POS43396,maple,11.0,491684.3693610576,4881791.532831991,0.0,0.0,0.6,0.23356573681311027,1.0
POS43397,maple,10.0,491689.7244958739,4881802.353758478,0.0,0.0,0.6,0.2611027142024864,1.0
POS43398,maple,9.0,491694.5278269142,4881812.705209383,0.0,0.0,0.6,0.1407633346244458,1.0
POS43399,maple,14.0,491704.8417816962,4881864.405488057,0.0,0.0,0.6,0.28076553448082364,1.0
POS43400,maple,12.0,491705.22125771985,4881875.010240763,0.0,0.0,0.6,0.2798779571130118,1.0
POS43401,maple,11.0,491704.4587797757,4881885.337812756,0.0,0.0,0.6,0.2788289288926393,1.0
POS43402,maple,19.0,491701.2048048287,4881906.287270597,0.0,0.0,0.6,0.19378345201989441,1.0
POS43403,maple,11.0,491698.7014951665,4881914.761357718,0.0,0.0,0.6,0.20623430793313915,1.0
POS43404,maple,14.0,491696.5318160303,4881923.8446128825,0.0,0.0,0.6,0.20623430793313915,1.0
POS43405,maple,14.0,491693.2747525699,4881931.773696933,0.0,0.0,0.6,0.19661765840926754,1.0
POS43406,maple,14.0,491689.0408175617,4881940.622752073,0.0,0.0,0.6,0.19602343846466816,1.0
POS43407,maple,20.0,491684.743710836,4881948.693305405,0.0,0.0,0.6,0.20295904843017828,1.0
POS43408,oak,18.0,491666.9905547822,4881985.8121702755,0.0,0.0,0.8,0.17208228214526416,1.0
POS43409,oak,16.0,491662.6445793367,4881995.1551919505,0.0,0.0,0.8,0.18075251221286687,1.0
POS43410,maple,19.0,491648.15638773644,4882025.32362769,0.0,0.0,0.6,0.2693782392405481,1.0
POS43411,maple,16.0,491643.0358334336,4882036.2539701015,0.0,0.0,0.6,0.17655181427731542,1.0
POS43412,maple,18.0,491638.3528593095,4882045.693937414,0.0,0.0,0.6,0.1745358065752819,1.0
POS43413,maple,13.0,491633.7483008566,4882055.394849908,0.0,0.0,0.6,0.16943914008716954,1.0
POS43414,maple,13.0,491629.7341600599,4882064.277862087,0.0,0.0,0.6,0.263238354308412,1.0
POS43415,maple,8.0,491625.41514834674,4882074.28240095,0.0,0.0,0.6,0.26129830235171225,1.0
POS43416,oak,16.0,491621.06392199866,4882081.757124944,0.0,0.0,0.8,0.2597790649728084,1.0
POS43418,oak,15.0,491591.78782636585,4882116.299100348,0.0,0.0,0.8,0.2250093235556201,1.0
POS43419,oak,17.0,491582.2331086965,4882123.40125242,0.0,0.0,0.8,0.2070777876441065,1.0
POS43421,oak,11.0,491564.2009234929,4882134.270030226,0.0,0.0,0.8,0.16311458535396567,1.0
POS43422,oak,14.0,491555.1645301892,4882138.56328966,0.0,0.0,0.8,0.21265138696507557,1.0
POS43423,oak,19.0,491544.9635260095,4882141.843978051,0.0,0.0,0.8,0.2183968653937281,1.0
POS43424,oak,14.0,491536.20902786445,4882143.972603722,0.0,0.0,0.8,0.2297696518593711,1.0
POS43425,oak,20.0,491518.4490529381,4882146.590132492,0.0,0.0,0.8,0.1880845800916912,1.0
POS43426,maple,14.0,491496.8139446851,4882146.273573715,0.0,0.0,0.6,0.17243091465327298,1.0
POS43427,maple,17.0,491486.0573517534,4882144.754285185,0.0,0.0,0.6,0.16132104544458092,1.0
POS43428,maple,18.0,491475.4949734243,4882142.9899867885,0.0,0.0,0.6,0.17689958947972334,1.0
POS43429,oak,18.0,491466.0924318414,4882140.176273919,0.0,0.0,0.8,0.16927011310254186,1.0
POS43430,maple,17.0,491426.541076281,4882131.03104764,0.0,0.0,0.6,0.17369447594574755,1.0
POS43433,oak,20.0,491385.4965344408,4882121.110055205,0.0,0.0,0.8,0.19821738882339773,1.0
POS43434,oak,24.0,491374.74766036775,4882118.259571845,0.0,0.0,0.8,0.19804113781436053,1.0
POS43436,oak,20.0,491354.4344287772,4882113.477168637,0.0,0.0,0.8,0.26497763784679274,1.0
POS43440,maple,15.0,491332.2481617777,4882091.143008604,0.0,0.0,0.6,0.2598114319334079,1.0
POS43483,oak,19.0,491373.65643792733,4882101.505658843,0.0,0.0,0.8,0.1704328261692004,1.0
POS43484,oak,18.0,491382.6346608178,4882103.964501608,0.0,0.0,0.8,0.16293714595606934,1.0
POS43485,oak,24.0,491390.96722999844,4882106.16997427,0.0,0.0,0.8,0.18070168623795846,1.0
POS43489,maple,16.0,491428.08925719204,4882114.104685973,0.0,0.0,0.6,0.17619624677935675,1.0
POS43490,maple,16.0,491472.23766149336,4882125.497027283,0.0,0.0,0.6,0.2560828531107944,1.0
POS43492,oak,16.0,491503.26372808317,4882130.570593651,0.0,0.0,0.8,0.1249940784677426,1.0
POS43495,oak,16.0,491535.03964887635,4882127.338062201,0.0,0.0,0.8,0.1487341718231175,1.0
POS43496,oak,22.0,491545.1561715215,4882124.804068367,0.0,0.0,0.8,0.1712763719641412,1.0
POS43497,oak,15.0,491554.95495617477,4882120.545157743,0.0,0.0,0.8,0.1720223702618895,1.0
POS43503,maple,4.0,491544.249576439,4882064.307140513,0.0,0.0,0.6,0.15877092104418006,1.0
POS43504,maple,6.0,491548.3131308911,4882058.85547451,0.0,0.0,0.6,0.15877092104418006,1.0
POS43505,maple,5.0,491552.19374541956,4882050.19438179,0.0,0.0,0.6,0.15520719351555684,1.0
POS43511,maple,3.0,491507.08801229927,4882025.721585834,0.0,0.0,0.6,0.15801911761382176,1.0
POS43512,maple,5.0,491495.9713245414,4882029.429963065,0.0,0.0,0.6,0.1921263014198823,1.0
POS43513,oak,4.0,491486.10794842924,4882035.474786748,0.0,0.0,0.8,0.12560939425373469,1.0
POS43516,oak,1.0,491468.2428380511,4882066.91549285,0.0,0.0,0.8,0.16510530254077366,1.0
POS43517,maple,4.0,491464.45649910875,4882088.745277591,0.0,0.0,0.6,0.13497554979735363,1.0
POS43522,maple,5.0,491420.43673574127,4882204.481544061,0.0,0.0,0.6,0.16508584175466412,1.0
POS43523,oak,17.0,491404.71522629727,4882219.532260233,0.0,0.0,0.8,0.1907841435746428,1.0
POS43524,oak,416.0,491401.7255949955,4882223.0234285295,0.0,0.0,0.8,0.1907841435746428,1.0
POS43525,oak,22.0,491395.33962880727,4882231.64446398,0.0,0.0,0.8,0.154968617614059,1.0
POS43526,oak,19.0,491390.01502927486,4882240.032763438,0.0,0.0,0.8,0.22186074442713216,1.0
POS43528,maple,4.0,491411.01821319,4882278.157143294,0.0,0.0,0.6,0.16746995504906892,1.0
POS43529,maple,4.0,491403.3822322062,4882274.933835073,0.0,0.0,0.6,0.15724580499829888,1.0
POS43535,maple,3.0,491423.5688246481,4882179.331574275,0.0,0.0,0.6,0.16515180835884496,1.0
POS43536,maple,7.0,491429.0986046551,4882167.307820143,0.0,0.0,0.6,0.17180161406966682,1.0
POS43537,maple,6.0,491432.5367134992,4882154.205831883,0.0,0.0,0.6,0.18526129669421482,1.0
POS43538,sycamore,12.0,491441.75383014936,4882111.450853499,0.0,0.0,0.0,0.16661845157003863,1.0
POS43539,sycamore,10.0,491445.2496502153,4882102.598175187,0.0,0.0,0.0,0.16330939738647227,1.0
POS43540,sycamore,5.0,491447.0067552885,4882093.232006036,0.0,0.0,0.0,0.1713386001545712,1.0
POS43541,sycamore,10.0,491445.20668182825,4882082.374565951,0.0,0.0,0.0,0.1901586579499303,1.0
POS43542,sycamore,11.0,491430.396063094,4882083.5946724275,0.0,0.0,0.0,0.2310131553136212,1.0
POS43543,sycamore,11.0,491420.145928158,4882080.518664117,0.0,0.0,0.0,0.22718626558358967,1.0
POS43544,maple,4.0,491416.24897822534,4882068.767438318,0.0,0.0,0.6,0.20653863611241755,1.0
POS43545,maple,4.0,491422.62428028276,4882059.3543648,0.0,0.0,0.6,0.1692557886996436,1.0
POS43546,oak,5.0,491426.660052182,4882057.166337652,0.0,0.0,0.8,0.1692557886996436,1.0
POS43547,oak,4.0,491435.1313590682,4882057.973121546,0.0,0.0,0.8,0.14358677305135165,1.0
POS43548,maple,4.0,491445.6746703824,4882066.690597825,0.0,0.0,0.6,0.1350120771395619,1.0
POS43549,oak,5.0,491494.9768221217,4882014.327867356,0.0,0.0,0.8,0.20926308258425363,1.0
POS43550,oak,14.0,491512.26874076336,4882010.411743308,0.0,0.0,0.8,0.1644303503318612,1.0
POS43551,maple,7.0,491526.6335102481,4882011.763591327,0.0,0.0,0.6,0.16104844813576424,1.0
POS43554,maple,9.0,491588.8659863466,4882039.752699285,0.0,0.0,0.6,0.2437532064313862,1.0
POS43555,maple,4.0,491603.81464600336,4882046.293182424,0.0,0.0,0.6,0.2693580867414969,1.0
POS43556,maple,2.0,491608.5460104151,4882048.650408961,0.0,0.0,0.6,0.2693580867414969,1.0
POS43557,oak,7.0,491641.5019227764,4881960.978094544,0.0,0.0,0.8,0.28708917205012485,1.0
POS43558,oak,8.0,491635.0891644088,4881957.114664426,0.0,0.0,0.8,0.18806885955641592,1.0
POS43559,maple,2.0,491626.14352470206,4881952.665644416,0.0,0.0,0.6,0.19012156299997215,1.0
POS43560,maple,2.0,491617.4642836536,4881949.550702116,0.0,0.0,0.6,0.17887458429417263,1.0
POS43561,oak,9.0,491573.5962689882,4881942.937507608,0.0,0.0,0.8,0.28525097106061353,1.0
POS43582,maple,12.0,492183.1521804505,4881663.488554155,0.0,0.0,0.6,0.23400287081537974,1.0
POS43583,maple,12.0,492164.3289575727,4881663.187163806,0.0,0.0,0.6,0.3840681485132742,1.0
POS43584,maple,8.0,492136.9982551581,4881662.979314517,0.0,0.0,0.6,0.39510202844985987,1.0
POS43586,dogwood,2.0,492127.30614630674,4881659.131918531,0.0,0.0,0.0,0.3916451825372789,1.0
POS43587,maple,10.0,492119.97745060874,4881651.710067319,0.0,0.0,0.6,0.4608307549229511,1.0
POS43589,maple,14.0,492115.1299389781,4881608.539659766,0.0,0.0,0.6,0.4780900925156747,1.0
POS43591,maple,14.0,492114.3101436399,4881556.477534637,0.0,0.0,0.6,0.41971753805070544,1.0
POS43592,maple,12.0,492114.6939069476,4881545.8355475655,0.0,0.0,0.6,0.42486056027737884,1.0
POS43595,dogwood,3.0,492101.5125473396,4881520.003038546,0.0,0.0,0.0,0.37355103439202364,1.0
POS43596,oak,15.0,491554.5515038068,4881939.795775788,0.0,0.0,0.8,0.19208901811784243,1.0
POS43597,oak,20.0,491530.75470766873,4881933.394082357,0.0,0.0,0.8,0.2992140298541265,1.0
POS43598,maple,5.0,491522.1106036793,4881931.812823379,0.0,0.0,0.6,0.28291495107951437,1.0
POS43599,maple,5.0,491500.72733421886,4881930.563057918,0.0,0.0,0.6,0.2694750783379578,1.0
POS43600,maple,5.0,491494.3722388485,4881931.59725571,0.0,0.0,0.6,0.2694750783379578,1.0
POS43601,maple,5.0,491486.08396066766,4881932.471967571,0.0,0.0,0.6,0.2780268088697838,1.0
POS43602,maple,5.0,491477.852077204,4881934.8784952825,0.0,0.0,0.6,0.2592006381282798,1.0
POS43603,oak,7.0,491443.30793339235,4881954.806092612,0.0,0.0,0.8,0.19905517842358983,1.0
POS43604,maple,5.0,491434.82843981386,4881963.949177489,0.0,0.0,0.6,0.1470984958098653,1.0
POS43609,maple,2.0,491346.63719167706,4882017.694985501,0.0,0.0,0.6,0.15386502801580298,1.0
POS43610,maple,2.0,491333.09184970154,4882021.215797846,0.0,0.0,0.6,0.2130895130434276,1.0
POS43620,sycamore,11.0,491385.9055149211,4881520.827660003,0.0,0.0,0.0,0.16845242726765997,1.0
POS43621,sycamore,11.0,491393.80974734796,4881521.945231414,0.0,0.0,0.0,0.16055304506197765,1.0
POS43624,maple,9.0,491463.93243132165,4881523.972802048,0.0,0.0,0.6,0.15796818738442864,1.0
POS43625,oak,8.0,491474.04462544655,4881522.941708068,0.0,0.0,0.8,0.15830797127391424,1.0
POS43626,oak,12.0,491488.07975804096,4881522.47868061,0.0,0.0,0.8,0.1487295024673383,1.0
POS43627,oak,10.0,491499.38460434397,4881520.769758588,0.0,0.0,0.8,0.15243622397747722,1.0
POS43654,maple,11.0,492177.1090253926,4881530.6438660715,0.0,0.0,0.6,0.5216977725970665,1.0
POS43655,maple,9.0,492149.78487211576,4881530.410610244,0.0,0.0,0.6,0.2839486626805733,1.0
POS43657,maple,12.0,492125.6819350969,4881556.663970891,0.0,0.0,0.6,0.3591771195438106,1.0
POS43658,pine,2.0,492125.815912855,4881575.006079115,0.0,0.0,0.0,0.41803164050126596,1.0
POS43662,maple,7.0,492190.74595775455,4881641.671869095,0.0,0.0,0.6,0.21307486230307,1.0
POS43663,maple,12.0,492190.7239269962,4881627.872605501,0.0,0.0,0.6,0.15538729658236705,1.0
POS43664,maple,10.0,492190.0312063954,4881595.828521835,0.0,0.0,0.6,0.14139966970668766,1.0
POS43665,maple,5.0,492190.30672759825,4881577.87224276,0.0,0.0,0.6,0.1894977059114482,1.0
POS43666,maple,9.0,492190.9873955144,4881558.430119189,0.0,0.0,0.6,0.5076294259594474,1.0
POS43667,maple,8.0,492188.8430284826,4881548.152601129,0.0,0.0,0.6,0.4787177666935989,1.0
POS43668,maple,8.0,492186.0891735947,4881540.035744173,0.0,0.0,0.6,0.48824606781349567,1.0
POS43669,oak,22.0,492189.3534698885,4881516.747427676,0.0,0.0,0.8,0.5230869998877797,1.0
POS43670,oak,20.0,492191.3593284805,4881513.509709655,0.0,0.0,0.8,0.5299060086370581,1.0
POS43674,maple,12.0,492196.8935674481,4881537.453589269,0.0,0.0,0.6,0.49092396136648253,1.0
POS43677,maple,13.0,492202.07308881165,4881602.34949684,0.0,0.0,0.6,0.18316965005443664,1.0
POS43678,maple,6.0,492203.13579539856,4881627.809174184,0.0,0.0,0.6,0.15655415839577264,1.0
POS43679,maple,8.0,492202.6532019219,4881641.0726678865,0.0,0.0,0.6,0.15087963731462023,1.0
POS43680,maple,6.0,492210.9449726424,4881651.126717257,0.0,0.0,0.6,0.1729259627106866,1.0
POS43903,oak,15.0,492180.39179691626,4881465.905264851,0.0,0.0,0.8,0.48869311441177515,1.0
POS43904,oak,9.0,492170.1924629158,4881459.0990631245,0.0,0.0,0.8,0.48143472123302516,1.0
POS43905,oak,10.0,492165.2004693964,4881454.805505115,0.0,0.0,0.8,0.48143472123302516,1.0
POS43906,oak,12.0,492158.72165002354,4881448.598136974,0.0,0.0,0.8,0.5017501695844885,1.0
POS43907,oak,10.0,492140.5430473417,4881425.950275341,0.0,0.0,0.8,0.4991034605227331,1.0
POS43908,oak,9.0,492137.1543978547,4881419.67251576,0.0,0.0,0.8,0.5071513556147366,1.0
POS43909,oak,8.0,492133.751201686,4881413.882233129,0.0,0.0,0.8,0.49561185382778256,1.0
POS43910,oak,10.0,492130.7904001654,4881406.886023966,0.0,0.0,0.8,0.49561185382778256,1.0
POS43911,oak,7.0,492125.21447588596,4881394.93546689,0.0,0.0,0.8,0.49747560558600534,1.0
POS43912,oak,9.0,492120.93405195477,4881385.867932846,0.0,0.0,0.8,0.5138266585126698,1.0
POS43913,oak,9.0,492116.2450532944,4881376.869608415,0.0,0.0,0.8,0.4862144697029298,1.0
POS43916,oak,12.0,492081.78468194173,4881284.331392723,0.0,0.0,0.8,0.5113151529739628,1.0
POS43917,oak,14.0,492189.24742340995,4881486.872890279,0.0,0.0,0.8,0.47723746782890575,1.0
POS43918,oak,23.0,492183.88856676605,4881484.049018346,0.0,0.0,0.8,0.4995849907079045,1.0
POS43924,maple,14.0,492121.78036147455,4881415.255156349,0.0,0.0,0.6,0.5238691592847424,1.0
POS43925,oak,22.0,492117.68021852826,4881405.172979261,0.0,0.0,0.8,0.5422794850653104,1.0
POS43926,oak,20.0,492114.40909532417,4881398.358214242,0.0,0.0,0.8,0.5222371191657796,1.0
POS43927,maple,15.0,492110.0085051395,4881390.583024137,0.0,0.0,0.6,0.5454815827206546,1.0
POS43928,maple,14.0,492106.06389917206,4881383.053346005,0.0,0.0,0.6,0.503739143379121,1.0
POS43931,maple,20.0,492075.7401585094,4881335.822611367,0.0,0.0,0.6,0.516456385881375,1.0
POS43932,maple,15.0,492072.54004476586,4881330.515598979,0.0,0.0,0.6,0.5333201305208994,1.0
POS43933,maple,18.0,492069.2619152835,4881323.932229234,0.0,0.0,0.6,0.26505842549151665,1.0
POS43934,maple,11.0,492066.24256638816,4881296.957411632,0.0,0.0,0.6,0.23788867924279894,1.0
POS43935,maple,13.0,492066.5738337751,4881290.286442663,0.0,0.0,0.6,0.22810211481064166,1.0
POS43936,maple,18.0,492068.52495175146,4881282.539284598,0.0,0.0,0.6,0.223479056085407,1.0
POS43937,oak,30.0,492074.7275242943,4881268.851851263,0.0,0.0,0.8,0.488920179760859,1.0
POS43938,maple,18.0,492083.4887111383,4881258.574144955,0.0,0.0,0.6,0.4919279981889215,1.0
POS43939,maple,8.0,492089.44693189504,4881252.961406824,0.0,0.0,0.6,0.4893440331808294,1.0
POS43941,oak,14.0,492090.9911799296,4881271.074406067,0.0,0.0,0.8,0.48392686452473666,1.0
POS43942,oak,12.0,492086.1690349882,4881277.416060993,0.0,0.0,0.8,0.5113151529739628,1.0
POS43943,oak,14.0,492082.92626762274,4881283.468137419,0.0,0.0,0.8,0.5113151529739628,1.0
POS44553,oak,25.0,492203.52095212427,4882307.224839657,0.0,0.0,0.8,0.14966487656154198,1.0
POS47855,pine,19.0,490237.3193178472,4880846.143508977,0.0,0.0,0.0,0.2865946675908013,1.0
POS47856,pine,15.0,490239.6746021833,4880838.137810696,0.0,0.0,0.0,0.2940361031698502,1.0
POS47858,douglas_fir,24.0,490247.1449054641,4880812.706856588,0.0,0.0,0.4,0.2855361018456193,1.0
POS47860,oak,18.0,490253.9531405647,4880791.478806624,0.0,0.0,0.8,0.3061255052636447,1.0
POS47861,oak,17.0,490256.36644649855,4880783.957390003,0.0,0.0,0.8,0.29270377372096346,1.0
POS47862,oak,14.0,490259.04865615204,4880774.443679983,0.0,0.0,0.8,0.2892235263252244,1.0
POS47863,oak,22.0,490270.1614061593,4880738.145135417,0.0,0.0,0.8,0.27717254040158534,1.0
POS47864,oak,22.0,490275.67586595047,4880719.3036915455,0.0,0.0,0.8,0.269918252951212,1.0
POS48173,maple,30.0,490470.438358043,4880647.032938814,0.0,0.0,0.6,0.23628818735758683,1.0
POS48174,oak,48.0,490367.96664536785,4880660.250658778,0.0,0.0,0.8,0.29729787541862607,1.0
POS48175,oak,47.0,490360.45254983014,4880659.805160855,0.0,0.0,0.8,0.2760619870324057,1.0
POS48177,maple,25.0,490385.30962888524,4880758.038319661,0.0,0.0,0.6,0.2076309211284818,1.0
POS48178,maple,30.0,490406.57166538807,4880757.256965307,0.0,0.0,0.6,0.19560735551212521,1.0
POS48229,oak,1.0,491084.5842510122,4880647.511742081,0.0,0.0,0.8,0.2566666666666667,1.0
POS48230,oak,1.0,491086.8672229376,4880727.310633276,0.0,0.0,0.8,0.23688944357411768,1.0
POS48231,oak,1.0,491079.2998012516,4880713.171793336,0.0,0.0,0.8,0.20041820895561538,1.0
POS48267,maple,10.0,490273.43958928983,4880806.098404351,0.0,0.0,0.6,0.3918196604801403,1.0
POS48268,maple,8.0,490275.09053029644,4880800.365914871,0.0,0.0,0.6,0.33497093001731204,1.0
POS48269,maple,11.0,490276.43294122163,4880795.835103457,0.0,0.0,0.6,0.33497093001731204,1.0
POS48270,maple,10.0,490278.6405796129,4880788.314335185,0.0,0.0,0.6,0.3190791249847108,1.0
POS48271,maple,10.0,490281.69938990555,4880778.271356469,0.0,0.0,0.6,0.2998669370873889,1.0
POS48776,maple,12.0,491053.1707229919,4882001.999870972,0.0,0.0,0.6,0.18211434215984051,1.0
POS48777,oak,16.0,491047.15424606524,4881992.9288628725,0.0,0.0,0.8,0.17401402129944127,1.0
POS48779,maple,16.0,491025.5903696383,4881907.602323357,0.0,0.0,0.6,0.16324715853075233,1.0
POS48780,oak,14.0,491026.9602174065,4881896.400852786,0.0,0.0,0.8,0.19408030755613903,1.0
POS48783,oak,18.0,491037.65478876355,4881861.757994164,0.0,0.0,0.8,0.18784166408058905,1.0
POS48784,oak,11.0,491049.25284327794,4881839.383058058,0.0,0.0,0.8,0.17070068824238488,1.0
POS48785,oak,14.0,491055.19512330147,4881828.354817413,0.0,0.0,0.8,0.19388474237045605,1.0
POS48788,maple,10.0,491091.1714395906,4881764.963056996,0.0,0.0,0.6,0.18745639124974098,1.0
POS48791,maple,8.0,491119.9386362179,4881670.709604778,0.0,0.0,0.6,0.16871211431957905,1.0
POS48792,oak,16.0,491121.49771154765,4881592.044865935,0.0,0.0,0.8,0.25664783281079284,1.0
POS48793,oak,12.0,491121.3577293634,4881584.644023103,0.0,0.0,0.8,0.25664783281079284,1.0
POS48794,oak,16.0,491121.7584779307,4881577.259314424,0.0,0.0,0.8,0.2481204235795925,1.0
POS48795,oak,26.0,491122.69577387546,4881524.001280091,0.0,0.0,0.8,0.21980352772885822,1.0
POS48796,maple,13.0,491140.1426472579,4881505.283824149,0.0,0.0,0.6,0.17482734406117595,1.0
POS48800,green_ash,14.0,491155.97601674474,4881479.507065136,0.0,0.0,0.0,0.1964759791671269,1.0
POS48801,green_ash,15.0,491160.8130413048,4881474.599977762,0.0,0.0,0.0,0.15340734455137106,1.0
POS48804,maple,15.0,491182.80659808795,4881434.4739946,0.0,0.0,0.6,0.21287762077875672,1.0
POS48805,maple,11.0,491173.7109054236,4881442.882394326,0.0,0.0,0.6,0.19165319120043367,1.0
POS48806,maple,9.0,491165.6475823093,4881450.659182935,0.0,0.0,0.6,0.18356471952816067,1.0
POS49006,maple,5.0,491231.94383391313,4882158.632189352,0.0,0.0,0.6,0.18299934363050235,1.0
POS49007,maple,5.0,491227.1270708863,4882171.135331514,0.0,0.0,0.6,0.22003865220986107,1.0
POS49008,maple,3.0,491222.742141233,4882183.141647766,0.0,0.0,0.6,0.22858725204534108,1.0
POS49010,maple,7.0,491006.7556800929,4881973.972485183,0.0,0.0,0.6,0.15499174955625378,1.0
POS49011,maple,8.0,490985.7234433497,4881983.155245744,0.0,0.0,0.6,0.16495069365029924,1.0
POS49013,maple,9.0,490974.79387696926,4881987.727840004,0.0,0.0,0.6,0.18617127300793268,1.0
POS49014,maple,9.0,490961.4482552543,4881992.944060952,0.0,0.0,0.6,0.17168853393000988,1.0
POS49017,maple,8.0,490952.60607667785,4881997.307432253,0.0,0.0,0.6,0.20641124784846276,1.0
POS49018,maple,6.0,490946.243050897,4882014.540849122,0.0,0.0,0.6,0.22881163464025542,1.0
POS49021,maple,6.0,490919.4147411961,4882026.074826743,0.0,0.0,0.6,0.21412386939698294,1.0
POS49096,maple,4.0,491106.18597943336,4881681.972413837,0.0,0.0,0.6,0.20552882962328467,1.0
POS49103,maple,13.0,491054.39574086847,4881795.518647361,0.0,0.0,0.6,0.24462908188392685,1.0
POS49104,oak,18.0,491043.25592468097,4881816.934037193,0.0,0.0,0.8,0.1772797356230782,1.0
POS49105,oak,15.0,491036.7931845723,4881828.955971091,0.0,0.0,0.8,0.17575450475948262,1.0
POS49106,oak,13.0,491030.5483246462,4881840.325191393,0.0,0.0,0.8,0.21614022155215964,1.0
POS49110,oak,20.0,491010.02571814705,4881911.829112971,0.0,0.0,0.8,0.17067930152944905,1.0
POS49111,oak,21.0,491009.8218355375,4881924.410101832,0.0,0.0,0.8,0.19565843111350228,1.0
POS49112,oak,15.0,491009.62762464216,4881935.477146195,0.0,0.0,0.8,0.20123219582301016,1.0
POS49113,maple,14.0,491011.6298082222,4881946.003012269,0.0,0.0,0.6,0.23597295908616694,1.0
POS49115,maple,14.0,491033.887631722,4882002.733136839,0.0,0.0,0.6,0.18895445440502578,1.0
POS49116,maple,13.0,491041.0632105439,4882012.398141349,0.0,0.0,0.6,0.292315879244485,1.0
POS49118,oak,20.0,491073.2549213883,4882044.280527177,0.0,0.0,0.8,0.31315057341012686,1.0
POS49119,oak,15.0,491084.5807626185,4882051.355607996,0.0,0.0,0.8,0.2932160348163644,1.0
POS49120,maple,9.0,491096.1860553037,4882057.111998981,0.0,0.0,0.6,0.16977063413767535,1.0
POS49121,maple,14.0,491118.59631439665,4882065.6120382175,0.0,0.0,0.6,0.18410614047024734,1.0
POS49122,oak,5.0,491131.56733653677,4882069.049130308,0.0,0.0,0.8,0.1874217469180489,1.0
POS49124,oak,8.0,491155.3635212087,4882072.961026184,0.0,0.0,0.8,0.3063597330693281,1.0
POS49125,maple,13.0,491171.8847550859,4882075.867336956,0.0,0.0,0.6,0.27261695772523514,1.0
POS49127,maple,18.0,491214.44690269534,4882083.195535303,0.0,0.0,0.6,0.25350330639041263,1.0
POS49128,maple,10.0,491226.7378418607,4882085.374711745,0.0,0.0,0.6,0.176537377863358,1.0
POS49129,maple,14.0,491237.5267328659,4882086.937758155,0.0,0.0,0.6,0.193334660192356,1.0
POS49130,oak,18.0,491249.8991859159,4882089.471774968,0.0,0.0,0.8,0.19179852164589226,1.0
POS49217,maple,12.0,491296.28846690693,4882082.614673976,0.0,0.0,0.6,0.19748781593963097,1.0
POS49218,oak,21.0,491303.4169237234,4882084.400808205,0.0,0.0,0.8,0.1771948029695617,1.0
POS49219,oak,20.0,491312.6451622355,4882086.31639791,0.0,0.0,0.8,0.24063387887618035,1.0
POS49220,oak,17.0,491257.7814278615,4882074.521645087,0.0,0.0,0.8,0.22689633738278062,1.0
POS49221,oak,22.0,491245.79278555437,4882072.466790024,0.0,0.0,0.8,0.1716766235057693,1.0
POS49222,maple,14.0,491234.34530815936,4882070.276079434,0.0,0.0,0.6,0.16752718785244097,1.0
POS49223,maple,14.0,491213.2679260463,4882066.694507871,0.0,0.0,0.6,0.23141645034116248,1.0
POS49224,oak,16.0,491178.9264766298,4882060.846824441,0.0,0.0,0.8,0.2415721460706064,1.0
POS49225,maple,15.0,491166.10064498225,4882058.811092591,0.0,0.0,0.6,0.255715920292073,1.0
POS49226,maple,16.0,491138.9533952874,4882054.074491777,0.0,0.0,0.6,0.17983110770930888,1.0
POS49227,oak,24.0,491115.3363334943,4882047.805791003,0.0,0.0,0.8,0.3181437566824229,1.0
POS49228,oak,22.0,491103.7914154525,4882043.216625578,0.0,0.0,0.8,0.1747057674106533,1.0
POS49232,maple,9.0,490409.0117702982,4881732.690120556,0.0,0.0,0.6,0.14884583006019925,1.0
POS49234,oregon_ash,2.0,490403.45852302853,4881723.956343086,0.0,0.0,0.5,0.2500337006066249,1.0
POS49236,douglas_fir,17.0,490239.3651677421,4881791.330474854,0.0,0.0,0.4,0.2125421081720345,1.0
POS49237,douglas_fir,14.0,490243.34710018884,4881790.822864617,0.0,0.0,0.4,0.20207215635827358,1.0
POS49240,douglas_fir,13.0,490244.2156712189,4881782.706499208,0.0,0.0,0.4,0.2360174854595995,1.0
POS49241,douglas_fir,16.0,490244.06928920187,4881780.614285666,0.0,0.0,0.4,0.2360174854595995,1.0
POS49242,douglas_fir,13.0,490243.9353527735,4881778.104934209,0.0,0.0,0.4,0.2360174854595995,1.0
POS49243,douglas_fir,20.0,490244.0287021517,4881774.976150115,0.0,0.0,0.4,0.2360174854595995,1.0
POS49245,douglas_fir,16.0,490373.0836620431,4882192.662233087,0.0,0.0,0.4,0.16446690538341124,1.0
POS49248,douglas_fir,22.0,490399.5938244514,4881999.170156304,0.0,0.0,0.4,0.18750867923687944,1.0
POS49249,douglas_fir,22.0,490397.7751980254,4882011.457161098,0.0,0.0,0.4,0.21120968864227202,1.0
POS49250,douglas_fir,40.0,490375.2960476994,4882028.546554952,0.0,0.0,0.4,0.19320288772879454,1.0
POS49254,maple,3.0,491272.3413431571,4882132.170194918,0.0,0.0,0.6,0.19139393463839843,1.0
POS49255,maple,2.0,491263.5209893474,4882144.613178707,0.0,0.0,0.6,0.1920511588901471,1.0
POS49256,maple,8.0,491256.05198189866,4882132.519367545,0.0,0.0,0.6,0.17060275638651468,1.0
POS49257,maple,7.0,491247.3264952062,4882140.690392516,0.0,0.0,0.6,0.18001970912406828,1.0
POS49258,maple,5.0,491240.7676209507,4882144.5491732005,0.0,0.0,0.6,0.18973968693638696,1.0
POS49259,maple,4.0,491321.59713781084,4881505.033077858,0.0,0.0,0.6,0.18697203471171187,1.0
POS49261,maple,3.0,491291.16206870263,4881492.585081837,0.0,0.0,0.6,0.16379308614467442,1.0
POS49262,maple,5.0,491285.2271276342,4881489.800233662,0.0,0.0,0.6,0.1670444099814397,1.0
POS49263,maple,5.0,491279.28621205455,4881487.215611828,0.0,0.0,0.6,0.17738999890147517,1.0
POS49264,maple,4.0,491227.4183640067,4881457.383120628,0.0,0.0,0.6,0.18137409704606527,1.0
POS49274,oak,18.0,491113.1675452203,4881302.0210015215,0.0,0.0,0.8,0.12124304497435899,1.0
POS49275,oak,16.0,491103.3410545777,4881280.533207156,0.0,0.0,0.8,0.12029893718140668,1.0
POS49276,oak,16.0,491097.1215720385,4881265.7274905685,0.0,0.0,0.8,0.14867355572442775,1.0
POS49277,oak,18.0,491091.400000597,4881251.6289462745,0.0,0.0,0.8,0.1337046478256717,1.0
POS49278,oak,20.0,491082.57977255504,4881231.208898596,0.0,0.0,0.8,0.1269411802321066,1.0
POS49311,maple,7.0,490884.782390799,4882017.652633407,0.0,0.0,0.6,0.2843055984357194,1.0
POS49313,maple,9.0,490847.27943161334,4882001.9288374195,0.0,0.0,0.6,0.17766265453769076,1.0
POS49314,maple,6.0,490852.23051918676,4881986.324425796,0.0,0.0,0.6,0.2949382086782158,1.0
POS49315,maple,8.0,490841.11115622846,4881995.381257206,0.0,0.0,0.6,0.17766265453769076,1.0
POS49316,maple,10.0,490822.941219003,4881975.018492846,0.0,0.0,0.6,0.17343094632765316,1.0
POS49317,maple,5.0,490838.41479222133,4881970.36846967,0.0,0.0,0.6,0.2912588673657045,1.0
POS49320,maple,6.0,490828.2843664305,4881960.260295728,0.0,0.0,0.6,0.15586745660947998,1.0
POS49321,maple,10.0,490814.6400416318,4881945.561180432,0.0,0.0,0.6,0.27934313089219953,1.0
POS49329,maple,8.0,490821.5947392989,4881918.750104235,0.0,0.0,0.6,0.19223465474387275,1.0
POS49330,maple,8.0,490837.69207195233,4881896.697113864,0.0,0.0,0.6,0.2108317258725742,1.0
POS49331,maple,7.0,490840.9140498577,4881911.085258502,0.0,0.0,0.6,0.22111742403569437,1.0
POS49332,maple,11.0,490856.2493077572,4881907.578633376,0.0,0.0,0.6,0.23725091453968,1.0
POS49333,maple,12.0,490866.59562110703,4881892.969414861,0.0,0.0,0.6,0.26827068062354065,1.0
POS49334,maple,9.0,490871.30773285974,4881906.358698666,0.0,0.0,0.6,0.2339473869154335,1.0
POS49335,maple,14.0,490874.5479375184,4881892.163567352,0.0,0.0,0.6,0.2665403317404238,1.0
POS49342,oak,24.0,490933.6060925578,4881926.682313968,0.0,0.0,0.8,0.1919620851443978,1.0
POS49354,oak,5.0,490915.65094533487,4881739.636202801,0.0,0.0,0.8,0.19305470398658792,1.0
POS49355,maple,17.0,490922.0035700012,4881736.539875952,0.0,0.0,0.6,0.22029080538263202,1.0
POS49358,maple,12.0,490979.96166214056,4881750.937778744,0.0,0.0,0.6,0.24427210013790732,1.0
POS49359,maple,4.0,490986.98512186407,4881750.528727964,0.0,0.0,0.6,0.24474932848604583,1.0
POS49360,maple,7.0,491000.1710737464,4881750.922164866,0.0,0.0,0.6,0.24661047770940886,1.0
POS49361,maple,4.0,491007.9508021556,4881752.80382972,0.0,0.0,0.6,0.2724393444167741,1.0
POS49362,maple,13.0,491007.44604027685,4881740.501997731,0.0,0.0,0.6,0.23662173642830248,1.0
POS49366,maple,14.0,491034.36357301986,4881707.297001553,0.0,0.0,0.6,0.21834961474038594,1.0
POS49367,maple,6.0,491037.73614597204,4881749.774468126,0.0,0.0,0.6,0.27138060261776326,1.0
POS49368,maple,5.0,491028.2404924642,4881763.926157935,0.0,0.0,0.6,0.27478177888085115,1.0
POS49369,maple,6.0,491021.7397965367,4881774.455128357,0.0,0.0,0.6,0.17903959449587964,1.0
POS49370,maple,3.0,491012.30081837013,4881762.522635154,0.0,0.0,0.6,0.26034309918720133,1.0
POS49371,maple,5.0,491003.36323395075,4881782.155596751,0.0,0.0,0.6,0.24716934910700114,1.0
POS49373,maple,5.0,491040.08561486274,4881767.785066065,0.0,0.0,0.6,0.1781013577153904,1.0
POS49374,maple,2.0,491052.8748667611,4881774.559508674,0.0,0.0,0.6,0.18569308202807663,1.0
POS49375,maple,14.0,491064.0905308672,4881764.517730492,0.0,0.0,0.6,0.2916370098633979,1.0
POS49376,oak,18.0,491095.11080559326,4881779.981926739,0.0,0.0,0.8,0.1809652023841077,1.0
POS49377,maple,2.0,491105.41728650377,4881786.334582648,0.0,0.0,0.6,0.1959656928088385,1.0
POS49380,maple,2.0,491176.56214920664,4881737.157970751,0.0,0.0,0.6,0.2049213367509005,1.0
POS49381,oak,20.0,491168.2685718026,4881748.180474307,0.0,0.0,0.8,0.23303345138074247,1.0
POS49382,oak,20.0,491157.03886476357,4881750.375319057,0.0,0.0,0.8,0.2691132647563357,1.0
POS49394,oak,5.0,491248.63170022133,4881809.9232425755,0.0,0.0,0.8,0.1526584622367574,1.0
POS49395,oak,8.0,491239.8424787212,4881806.76042455,0.0,0.0,0.8,0.16547214978202524,1.0
POS49397,maple,12.0,491207.97656436043,4881811.429627483,0.0,0.0,0.6,0.19326119032708422,1.0
POS49404,maple,2.0,491187.59225139755,4881932.561742783,0.0,0.0,0.6,0.19748465278814437,1.0
POS49405,maple,2.0,491187.4962434806,4881926.666650986,0.0,0.0,0.6,0.19748465278814437,1.0
POS49411,sycamore,8.0,491119.4930233034,4881994.07416781,0.0,0.0,0.0,0.21333355610521434,1.0
POS49412,sycamore,11.0,491109.67668037623,4882001.033024673,0.0,0.0,0.0,0.19725743802294146,1.0
POS49413,oak,9.0,491068.8116321957,4881964.007734591,0.0,0.0,0.8,0.17212174882096115,1.0
POS49415,oak,10.0,491048.67210144864,4881973.650037514,0.0,0.0,0.8,0.21412056264680818,1.0
POS49428,maple,6.0,491343.7253891,4881511.141074777,0.0,0.0,0.6,0.17074198434699794,1.0
POS51843,maple,24.0,491261.79016045737,4882469.38182497,0.0,0.0,0.6,0.1375763048294581,1.0
POS53233,maple,28.0,491166.2260500117,4882397.424182348,0.0,0.0,0.6,0.130358455775837,1.0
POS53234,maple,95.0,491166.4205745684,4882399.149521592,0.0,0.0,0.6,0.130358455775837,1.0
POS53243,maple,29.0,491162.3778700386,4882397.028755131,0.0,0.0,0.6,0.130358455775837,1.0
POS53244,maple,10.0,491163.394530854,4882399.4103380395,0.0,0.0,0.6,0.130358455775837,1.0
POS53245,maple,16.0,491158.08329715295,4882399.813373631,0.0,0.0,0.6,0.13259833505741062,1.0
POS53247,maple,13.0,491157.73582189955,4882406.176835537,0.0,0.0,0.6,0.14025708229725017,1.0
POS53248,maple,14.0,491156.4652897837,4882407.407051413,0.0,0.0,0.6,0.14025708229725017,1.0
POS53249,maple,17.0,491151.530298557,4882405.58686786,0.0,0.0,0.6,0.14025708229725017,1.0
POS53250,maple,18.0,491150.66342240246,4882407.841048575,0.0,0.0,0.6,0.14256674778563705,1.0
POS53252,maple,12.0,491194.45175974624,4882411.3820456,0.0,0.0,0.6,0.12535949916268035,1.0
POS53253,maple,12.0,491191.5835649882,4882411.500568723,0.0,0.0,0.6,0.12535949916268035,1.0
POS53254,maple,29.0,491191.38187670463,4882412.81047753,0.0,0.0,0.6,0.12535949916268035,1.0
POS53255,maple,19.0,491191.276873866,4882415.009089236,0.0,0.0,0.6,0.1463691736879868,1.0
POS53256,maple,19.0,491201.5205545351,4882414.470422488,0.0,0.0,0.6,0.11626659829756561,1.0
POS53258,maple,18.0,491201.6566109045,4882406.659623152,0.0,0.0,0.6,0.11626659829756561,1.0
POS53261,maple,17.0,491204.1193829518,4882405.06357328,0.0,0.0,0.6,0.11626659829756561,1.0
POS53262,maple,22.0,491205.74469827063,4882417.216715617,0.0,0.0,0.6,0.15494395196235033,1.0
POS53263,maple,14.0,491205.5650987664,4882419.039793893,0.0,0.0,0.6,0.15494395196235033,1.0
POS53264,maple,9.0,491209.9967592964,4882420.887460531,0.0,0.0,0.6,0.15494395196235033,1.0
POS53265,maple,9.0,491259.9273742448,4882469.949855552,0.0,0.0,0.6,0.1806101908590372,1.0
POS53266,maple,16.0,491259.0987476321,4882471.58906449,0.0,0.0,0.6,0.1806101908590372,1.0
POS53267,oregon_ash,11.0,491217.0381771057,4882421.24356526,0.0,0.0,0.5,0.13853166292133834,1.0
POS53268,oregon_ash,8.0,491217.2940997104,4882420.586087966,0.0,0.0,0.5,0.13853166292133834,1.0
POS53269,maple,32.0,491221.73372854,4882417.330488799,0.0,0.0,0.6,0.08322162011132389,1.0
POS53270,maple,12.0,491218.5830763187,4882417.303280971,0.0,0.0,0.6,0.13853166292133834,1.0
POS53271,maple,19.0,491221.4680247213,4882415.631226351,0.0,0.0,0.6,0.08322162011132389,1.0
POS53272,maple,11.0,491209.99259717204,4882424.740414601,0.0,0.0,0.6,0.1519228529519887,1.0
POS53273,maple,7.0,491208.92380027426,4882425.537240686,0.0,0.0,0.6,0.1519228529519887,1.0
POS53274,maple,16.0,491208.55253174505,4882426.306778632,0.0,0.0,0.6,0.1519228529519887,1.0
POS53275,maple,14.0,491208.85327857465,4882427.096368158,0.0,0.0,0.6,0.1519228529519887,1.0
POS53276,maple,7.0,491209.8119845144,4882427.569383026,0.0,0.0,0.6,0.1519228529519887,1.0
POS53279,maple,15.0,491236.2043597179,4882435.102215907,0.0,0.0,0.6,0.16975152566334367,1.0
POS53281,maple,36.0,491238.2941107888,4882433.56023747,0.0,0.0,0.6,0.0972706582366378,1.0
POS53282,maple,32.0,491242.2598277403,4882429.443380851,0.0,0.0,0.6,0.09310145097288954,1.0
POS53283,maple,14.0,491240.48105551524,4882441.241846019,0.0,0.0,0.6,0.16975152566334367,1.0
POS53284,maple,40.0,491243.47691269574,4882443.64498345,0.0,0.0,0.6,0.1351210027150409,1.0
POS53285,maple,16.0,491244.0172199693,4882444.7008262295,0.0,0.0,0.6,0.149030120146328,1.0
POS53286,maple,21.0,491243.2798224888,4882446.778166223,0.0,0.0,0.6,0.149030120146328,1.0
POS53287,maple,23.0,491243.69398555486,4882452.048230449,0.0,0.0,0.6,0.149030120146328,1.0
POS53291,maple,6.0,491257.14745442383,4882482.969172269,0.0,0.0,0.6,0.17462913709848993,1.0
POS53292,maple,18.0,491259.7383626465,4882481.5127491215,0.0,0.0,0.6,0.17462913709848993,1.0
POS53293,maple,21.0,491263.72788218246,4882481.390783952,0.0,0.0,0.6,0.1497068805556369,1.0
POS53294,oregon_ash,4.0,491259.1089999165,4882486.927079594,0.0,0.0,0.5,0.17608047893561102,1.0
POS53295,maple,20.0,491265.3189915654,4882486.150654582,0.0,0.0,0.6,0.1594140064384569,1.0
POS53296,maple,19.0,491254.2228353197,4882490.2070547715,0.0,0.0,0.6,0.17608047893561102,1.0
POS53297,maple,7.0,491262.28628095106,4882491.585075483,0.0,0.0,0.6,0.1594140064384569,1.0
POS53298,maple,12.0,491260.92410432216,4882492.310646147,0.0,0.0,0.6,0.1594140064384569,1.0
POS53299,maple,14.0,491261.67280296463,4882493.346806293,0.0,0.0,0.6,0.1594140064384569,1.0
POS53300,maple,9.0,491269.6888840823,4882496.523350082,0.0,0.0,0.6,0.15047019637549255,1.0
POS53301,maple,13.0,491270.70570915786,4882498.165422643,0.0,0.0,0.6,0.15047019637549255,1.0
POS53302,maple,9.0,491267.63024930074,4882500.179599057,0.0,0.0,0.6,0.15047019637549255,1.0
POS53303,maple,17.0,491270.37718952325,4882502.211101764,0.0,0.0,0.6,0.15047019637549255,1.0
POS53304,maple,14.0,491261.0734580376,4882502.115399688,0.0,0.0,0.6,0.15047019637549255,1.0
POS53305,maple,17.0,491259.58444808045,4882504.098811228,0.0,0.0,0.6,0.17047095998983847,1.0
POS53306,maple,8.0,491259.7932470583,4882504.936858104,0.0,0.0,0.6,0.18369010715722958,1.0
POS53307,maple,13.0,491262.44806438626,4882504.834169144,0.0,0.0,0.6,0.17064894275618944,1.0
POS53308,maple,6.0,491264.13979431137,4882505.638662297,0.0,0.0,0.6,0.17064894275618944,1.0
POS53309,maple,7.0,491265.35113667237,4882505.986612718,0.0,0.0,0.6,0.17064894275618944,1.0
POS53311,maple,4.0,491266.13993509545,4882510.950748193,0.0,0.0,0.6,0.17064894275618944,1.0
POS53312,maple,10.0,491267.1719522597,4882511.125144516,0.0,0.0,0.6,0.17064894275618944,1.0
POS53313,oregon_ash,7.0,491213.6490960843,4882414.738711731,0.0,0.0,0.5,0.13853166292133834,1.0
POS53314,oregon_ash,5.0,491210.2857964127,4882414.035945387,0.0,0.0,0.5,0.11626659829756561,1.0
POS53316,maple,4.0,491209.5020663301,4882408.637151127,0.0,0.0,0.6,0.11626659829756561,1.0
POS53317,maple,17.0,491213.00363772875,4882408.714230415,0.0,0.0,0.6,0.12092889789032554,1.0
POS53318,maple,26.0,491175.1627199378,4882552.857665169,0.0,0.0,0.6,0.28530182765357914,1.0
POS53319,maple,9.0,491175.51604512776,4882551.466179621,0.0,0.0,0.6,0.28530182765357914,1.0
POS53320,maple,28.0,491181.01996366563,4882550.788888019,0.0,0.0,0.6,0.18874216594269508,1.0
POS53321,maple,14.0,491182.55586416053,4882551.520529741,0.0,0.0,0.6,0.18874216594269508,1.0
POS53322,maple,9.0,491183.24695860903,4882550.294525623,0.0,0.0,0.6,0.18874216594269508,1.0
POS53323,maple,10.0,491183.40209992265,4882549.27103416,0.0,0.0,0.6,0.18874216594269508,1.0
POS53325,maple,21.0,491251.7384048906,4882462.704070973,0.0,0.0,0.6,0.10033596206704402,1.0
POS53326,maple,18.0,491254.47814531706,4882463.522334457,0.0,0.0,0.6,0.10033596206704402,1.0
POS53327,maple,14.0,491258.6743003173,4882461.411894549,0.0,0.0,0.6,0.10033596206704402,1.0
POS53328,maple,14.0,491259.83654876717,4882464.279931071,0.0,0.0,0.6,0.10033596206704402,1.0
POS53329,maple,12.0,491252.27854701324,4882465.796449915,0.0,0.0,0.6,0.1806101908590372,1.0
POS53335,maple,6.0,491186.2294670319,4882551.630142293,0.0,0.0,0.6,0.18874216594269508,1.0
POS53337,maple,4.0,491189.5361027637,4882548.363438081,0.0,0.0,0.6,0.18874216594269508,1.0
POS53338,maple,16.0,491189.82603587327,4882544.913819927,0.0,0.0,0.6,0.18874216594269508,1.0
POS53339,maple,12.0,491195.1459356057,4882550.400461135,0.0,0.0,0.6,0.1820740995715447,1.0
POS53340,maple,6.0,491194.2983345949,4882547.477412563,0.0,0.0,0.6,0.1820740995715447,1.0
POS53341,maple,16.0,491201.93918175227,4882546.649778477,0.0,0.0,0.6,0.17287058714763268,1.0
POS53342,maple,12.0,491199.98166683456,4882546.310464661,0.0,0.0,0.6,0.1820740995715447,1.0
POS53343,maple,3.0,491200.75917953503,4882545.620149764,0.0,0.0,0.6,0.17287058714763268,1.0
POS53344,maple,38.0,491207.66711196094,4882544.507641869,0.0,0.0,0.6,0.17287058714763268,1.0
POS53346,maple,18.0,491214.0043324283,4882542.232182289,0.0,0.0,0.6,0.1769432939496836,1.0
POS53347,maple,10.0,491215.4431987189,4882542.556020751,0.0,0.0,0.6,0.1769432939496836,1.0
POS53355,maple,11.0,491346.662232352,4882483.358786466,0.0,0.0,0.6,0.14348652585799795,1.0
POS53405,maple,8.0,491257.6790215394,4882472.118514107,0.0,0.0,0.6,0.1806101908590372,1.0
POS53406,maple,10.0,491246.3659631044,4882468.791493844,0.0,0.0,0.6,0.1632219665546408,1.0
POS53407,maple,13.0,491247.6064395128,4882472.519981766,0.0,0.0,0.6,0.1632219665546408,1.0
POS53408,maple,12.0,491247.15932714316,4882473.572462298,0.0,0.0,0.6,0.1632219665546408,1.0
POS53409,maple,12.0,491247.4553537712,4882474.101305651,0.0,0.0,0.6,0.1632219665546408,1.0
POS53410,maple,15.0,491247.73942008166,4882477.64515295,0.0,0.0,0.6,0.1643104461416816,1.0
POS53411,maple,10.0,491251.5063831622,4882481.214921561,0.0,0.0,0.6,0.17462913709848993,1.0
POS53412,maple,20.0,491258.3338375747,4882476.3245370155,0.0,0.0,0.6,0.17462913709848993,1.0
POS53489,maple,40.0,491251.71700788476,4882496.456812977,0.0,0.0,0.6,0.17047095998983847,1.0
POS53491,maple,36.0,491186.9142489118,4882412.952478358,0.0,0.0,0.6,0.1343155487939999,1.0
POS53493,oregon_ash,12.0,491248.55914941576,4882485.7385747135,0.0,0.0,0.5,0.17490867230597187,1.0
POS53494,maple,10.0,491244.969704519,4882484.370247227,0.0,0.0,0.6,0.1643104461416816,1.0
POS53496,maple,16.0,491243.48732799146,4882478.975908161,0.0,0.0,0.6,0.1643104461416816,1.0
POS53499,oregon_ash,12.0,491248.5776277239,4882485.4142195275,0.0,0.0,0.5,0.17490867230597187,1.0
POS53500,maple,10.0,491244.8732919231,4882484.05556418,0.0,0.0,0.6,0.1643104461416816,1.0
POS53502,maple,16.0,491243.321299923,4882478.547745668,0.0,0.0,0.6,0.1643104461416816,1.0
POS55019,pine,24.0,490361.3112285646,4882027.672395104,0.0,0.0,0.0,0.21344724860601474,1.0
POS55020,douglas_fir,20.0,490400.0332566395,4881990.602382483,0.0,0.0,0.4,0.20383718961894978,1.0
POS55021,douglas_fir,30.0,490399.2927866967,4881974.589645064,0.0,0.0,0.4,0.21549893399916994,1.0
POS55022,douglas_fir,20.0,490399.3449106516,4881967.737952287,0.0,0.0,0.4,0.20393105692773017,1.0
POS55206,maple,10.0,492107.7318259227,4880899.5656796545,0.0,0.0,0.6,0.2991457057233309,1.0
POS55427,oregon_ash,10.0,490445.12275410356,4881245.316094371,0.0,0.0,0.5,0.06901503547155505,1.0
POS55429,pine,3.0,490456.8016094015,4881251.500585121,0.0,0.0,0.0,0.060335428623942915,1.0
POS55435,maple,8.0,490441.7719230148,4881339.095105804,0.0,0.0,0.6,0.2788007354794132,1.0
POS55436,maple,11.0,490442.36178328947,4881343.655210342,0.0,0.0,0.6,0.2788007354794132,1.0
POS55437,douglas_fir,23.0,490434.7684235678,4881345.803107833,0.0,0.0,0.4,0.3038440576574146,1.0
POS55786,oak,6.0,491318.11888731876,4882210.692332622,0.0,0.0,0.8,0.2118954737239329,1.0
POS55795,western_hemlock,13.0,490943.2701012,4882596.400761012,0.0,0.0,0.0,0.2566666666666667,1.0
POS56578,maple,69.0,492082.9562099347,4880872.672731597,0.0,0.0,0.6,0.3823231843174434,1.0
POS57067,oak,50.0,491449.67724836053,4881498.380075682,0.0,0.0,0.8,0.2083716484128699,1.0
POS57068,oak,39.0,491453.26927460055,4881498.5930598155,0.0,0.0,0.8,0.17042221992110512,1.0
POS57069,oak,34.0,491456.34527935873,4881498.367336933,0.0,0.0,0.8,0.17042221992110512,1.0
POS57070,oak,356.0,491419.12101885356,4881497.362513499,0.0,0.0,0.8,0.20079930242165922,1.0
POS57071,oak,39.0,491425.13254575856,4881497.647692176,0.0,0.0,0.8,0.21905917688670629,1.0
POS57072,oak,43.0,491410.9766856903,4881497.250200107,0.0,0.0,0.8,0.20079930242165922,1.0
POS57412,oak,24.0,491302.1071373996,4882100.948977085,0.0,0.0,0.8,0.23483507910095977,1.0
POS57413,maple,17.0,491293.187758921,4882098.6729957545,0.0,0.0,0.6,0.23331639284708502,1.0
POS59397,oak,1.0,491063.46146682167,4880678.672768073,0.0,0.0,0.8,0.21043194590005665,1.0
POS59607,oak,1.0,491058.73008022294,4880632.806258364,0.0,0.0,0.8,0.27666666666666667,1.0
POS62336,maple,5.0,491657.4046593989,4882006.352378953,0.0,0.0,0.6,0.2027093716458716,1.0
POS62340,oak,3.0,491466.3835205859,4882072.759638134,0.0,0.0,0.8,0.16510530254077366,1.0
POS62341,oak,8.0,491464.97814525483,4882080.171161259,0.0,0.0,0.8,0.1621275663538843,1.0
POS62343,maple,13.0,492139.2858162991,4881519.419272728,0.0,0.0,0.6,0.2175645871076149,1.0
POS62553,maple,7.0,491070.40321046184,4882021.106346224,0.0,0.0,0.6,0.19202716780526802,1.0
POS62554,maple,9.0,491060.9950476532,4882011.536429739,0.0,0.0,0.6,0.17246673778016625,1.0
POS62557,oak,5.0,491292.9483491107,4882218.119657627,0.0,0.0,0.8,0.23237491238961877,1.0
POS62560,maple,8.0,491077.2368875577,4882026.819665208,0.0,0.0,0.6,0.2026358883086546,1.0
POS62837,oak,1.0,491070.521942955,4880695.460448607,0.0,0.0,0.8,0.22350863306484922,1.0
POS62838,oak,1.0,491089.1381680882,4880659.191608612,0.0,0.0,0.8,0.24314423991191023,1.0
POS62845,oak,1.0,491161.7411795624,4880625.65626222,0.0,0.0,0.8,0.2566666666666667,1.0
POS62866,oak,1.0,491255.1440478942,4880731.627902971,0.0,0.0,0.8,0.10556998353253721,1.0
POS62921,maple,15.0,491035.96378365526,4880830.235437271,0.0,0.0,0.6,0.15404885117655986,1.0
POS62923,green_ash,18.0,491119.0830314732,4881193.142265395,0.0,0.0,0.0,0.14130417392550637,1.0
POS62924,green_ash,17.0,491128.21215022623,4881193.483961976,0.0,0.0,0.0,0.1462288970590453,1.0
POS62925,green_ash,17.0,491137.00730262266,4881193.415384474,0.0,0.0,0.0,0.1669100398308775,1.0
POS62926,green_ash,13.0,491144.8684675107,4881193.546744103,0.0,0.0,0.0,0.18953064031394984,1.0
POS62927,green_ash,15.0,491154.09645141655,4881193.433880501,0.0,0.0,0.0,0.1784173418828543,1.0
POS62928,green_ash,17.0,491163.2970050902,4881192.825987066,0.0,0.0,0.0,0.1750624448131845,1.0
POS62929,green_ash,15.0,491171.6053732708,4881192.72968529,0.0,0.0,0.0,0.2053147328584973,1.0
POS62930,green_ash,15.0,491181.122974159,4881192.934871209,0.0,0.0,0.0,0.21946665913768643,1.0
POS62931,green_ash,15.0,491190.3887705419,4881192.627232122,0.0,0.0,0.0,0.21946665913768643,1.0
POS62932,green_ash,15.0,491199.14984766365,4881192.29973321,0.0,0.0,0.0,0.1940869994387149,1.0
POS62939,maple,55.0,491122.6975456818,4881257.986228106,0.0,0.0,0.6,0.12123764854178211,1.0
POS62940,maple,50.0,491129.0530258603,4881273.385316937,0.0,0.0,0.6,0.12317020672898861,1.0
POS62941,maple,8.0,491540.5660078972,4881702.117891089,0.0,0.0,0.6,0.12731080141830803,1.0
POS62942,maple,9.0,491523.0491793178,4881691.85729183,0.0,0.0,0.6,0.19955286427765911,1.0
POS62943,maple,2.0,491655.0933402696,4881753.953352254,0.0,0.0,0.6,0.16946839564079902,1.0
POS62944,oak,12.0,491558.9787572991,4881712.123718003,0.0,0.0,0.8,0.12575949162451466,1.0
POS62947,maple,15.0,491580.174133459,4882034.567038266,0.0,0.0,0.6,0.24760221770772578,1.0
POS62948,maple,8.0,491565.81519925274,4882055.554436736,0.0,0.0,0.6,0.22434970160381418,1.0
POS62949,maple,8.0,491560.35746326484,4882069.148374964,0.0,0.0,0.6,0.1963753835402826,1.0
POS62952,maple,8.0,491514.1432926296,4882090.580377642,0.0,0.0,0.6,0.15271716006313507,1.0
POS62955,maple,8.0,491512.7620552457,4882076.082457594,0.0,0.0,0.6,0.21290206929740996,1.0
POS62956,green_ash,5.0,491520.2388061071,4882072.0643654205,0.0,0.0,0.0,0.19250931800609722,1.0
POS62957,maple,8.0,491526.3441237355,4882072.024536415,0.0,0.0,0.6,0.15651498259161883,1.0
POS62958,maple,11.0,491518.56369503227,4882009.915062905,0.0,0.0,0.6,0.1644303503318612,1.0
POS62960,maple,8.0,491467.1737234869,4882036.192740508,0.0,0.0,0.6,0.13664026122040424,1.0
POS62961,green_ash,8.0,491450.1444223034,4882150.152625791,0.0,0.0,0.0,0.1695931795328106,1.0
POS62962,green_ash,7.0,491446.9614206439,4882166.817100473,0.0,0.0,0.0,0.17345973495591077,1.0
POS62963,green_ash,7.0,491442.569075787,4882173.883689491,0.0,0.0,0.0,0.17345973495591077,1.0
POS62966,maple,2.0,491373.56912626245,4882240.329759366,0.0,0.0,0.6,0.24586355602208632,1.0
POS62967,maple,10.0,491420.3020604957,4882266.586114888,0.0,0.0,0.6,0.2566785427221381,1.0
POS62968,maple,8.0,491429.1111313267,4882271.281856547,0.0,0.0,0.6,0.25129976145522687,1.0
POS62969,oak,11.0,491454.4615003455,4882282.909800696,0.0,0.0,0.8,0.24802036851454756,1.0
POS62970,oak,8.0,491458.5432754031,4882284.723230214,0.0,0.0,0.8,0.19893039152080266,1.0
POS62971,maple,7.0,491472.1883328928,4882293.47795258,0.0,0.0,0.6,0.25172582702982804,1.0
POS62972,green_ash,10.0,491493.5972057774,4882310.411600982,0.0,0.0,0.0,0.20375963989755957,1.0
POS62975,green_ash,7.0,491372.4387555022,4882258.241502898,0.0,0.0,0.0,0.18666853321997712,1.0
POS62976,green_ash,8.0,491354.91570441605,4882250.502593394,0.0,0.0,0.0,0.1787267450051092,1.0
POS62977,green_ash,9.0,491340.08787780383,4882240.572858392,0.0,0.0,0.0,0.18991661919719627,1.0
POS62978,green_ash,6.0,491273.6120083006,4882210.0874404255,0.0,0.0,0.0,0.22048530842791164,1.0
POS62979,green_ash,6.0,491268.3485183313,4882207.740741794,0.0,0.0,0.0,0.19140890105092553,1.0
POS62986,maple,11.0,491356.3565493851,4882152.304437021,0.0,0.0,0.6,0.16880567544778768,1.0
POS62987,green_ash,9.0,491323.92855465814,4882217.7724271305,0.0,0.0,0.0,0.26668332388485605,1.0
POS62988,green_ash,10.0,491342.83402264334,4882226.306100742,0.0,0.0,0.0,0.2440286311646926,1.0
POS62989,oak,8.0,491615.2573277464,4881915.561318951,0.0,0.0,0.8,0.1908419504665868,1.0
POS62990,dogwood,2.0,491452.02181802137,4881916.563074951,0.0,0.0,0.0,0.1772658292076905,1.0
POS62991,maple,11.0,491380.2940926313,4881989.375829415,0.0,0.0,0.6,0.13578696658502926,1.0
POS62992,maple,11.0,491375.5747806448,4881981.73825175,0.0,0.0,0.6,0.143462936482029,1.0
POS62994,maple,9.0,491352.8280978522,4882002.677987937,0.0,0.0,0.6,0.16783421807526494,1.0
POS62996,green_ash,6.0,491314.1000250161,4882012.951748755,0.0,0.0,0.0,0.1734067504079716,1.0
POS63001,maple,4.0,491284.4239069522,4882039.36084562,0.0,0.0,0.6,0.1595401155310131,1.0
POS63002,oak,7.0,491292.71200976777,4882055.718490685,0.0,0.0,0.8,0.1883802969423895,1.0
POS63003,oak,6.0,491290.7764852584,4882064.220619671,0.0,0.0,0.8,0.1883802969423895,1.0
POS63004,oak,9.0,491289.822822861,4882073.743566556,0.0,0.0,0.8,0.19245035528249488,1.0
POS63005,green_ash,8.0,491276.1806902726,4882056.917260946,0.0,0.0,0.0,0.1624215655826053,1.0
POS63006,green_ash,7.0,491278.8414319725,4882050.2215088485,0.0,0.0,0.0,0.17843360007121356,1.0
POS63007,maple,10.0,490879.048980809,4882015.35301875,0.0,0.0,0.6,0.18278851350623487,1.0
POS63008,maple,10.0,490873.2443198777,4882010.011813156,0.0,0.0,0.6,0.283255996126775,1.0
POS63009,maple,10.0,490865.30061778455,4882000.132388659,0.0,0.0,0.6,0.2873496609889613,1.0
POS63010,maple,11.0,490835.0070077375,4881986.587242054,0.0,0.0,0.6,0.15911790783161578,1.0
POS63011,maple,10.0,490754.7606225555,4881908.472993707,0.0,0.0,0.6,0.16780622735357728,1.0
POS63013,maple,7.0,490893.6691186542,4881885.220228013,0.0,0.0,0.6,0.22469115019706828,1.0
POS63014,maple,3.0,490897.09977525467,4881881.684910488,0.0,0.0,0.6,0.25879437661923915,1.0
POS63015,maple,12.0,490899.04271762405,4881878.852819827,0.0,0.0,0.6,0.25879437661923915,1.0
POS63020,green_ash,12.0,490911.17457545636,4881844.824452829,0.0,0.0,0.0,0.2599202331995748,1.0
POS63022,maple,9.0,491028.0941631066,4881729.476531909,0.0,0.0,0.6,0.2418324934519585,1.0
POS63023,dogwood,4.0,491039.8182505433,4881745.402095521,0.0,0.0,0.0,0.27138060261776326,1.0
POS63025,oak,21.0,491099.94734474574,4881802.677333308,0.0,0.0,0.8,0.1761204076888208,1.0
POS63027,maple,4.0,491134.1886264436,4881796.214556652,0.0,0.0,0.6,0.22957909736977472,1.0
POS63030,green_ash,4.0,491251.73670217936,4881796.184387602,0.0,0.0,0.0,0.1918473020284009,1.0
POS63032,oak,19.0,491304.19729463063,4881841.980687855,0.0,0.0,0.8,0.1653244023471333,1.0
POS63033,oak,20.0,491298.55150346016,4881856.30714224,0.0,0.0,0.8,0.15854322220749323,1.0
POS63034,oak,26.0,491161.21685331466,4881333.032582977,0.0,0.0,0.8,0.24313770693705106,1.0
POS63035,oak,19.0,491182.8395980276,4881365.949408841,0.0,0.0,0.8,0.2347102503534944,1.0
POS63036,oak,20.0,491186.4975195386,4881371.508279772,0.0,0.0,0.8,0.2347102503534944,1.0
POS63037,oak,18.0,491203.1647980469,4881390.424223877,0.0,0.0,0.8,0.1685020514838243,1.0
POS63038,oak,26.0,491210.26209576364,4881398.841982609,0.0,0.0,0.8,0.24679515633868315,1.0
POS63039,oak,23.0,491341.25726076105,4881483.256099589,0.0,0.0,0.8,0.17158456266236216,1.0
POS63040,oak,26.0,491349.94701475516,4881485.797940854,0.0,0.0,0.8,0.20887097243505814,1.0
POS63041,oak,43.0,491543.04174190277,4881489.218000019,0.0,0.0,0.8,0.18309115294656983,1.0
POS63042,oak,53.0,491551.1978369936,4881486.318698907,0.0,0.0,0.8,0.17696486243181891,1.0
POS63043,oak,44.0,491570.4110232403,4881482.22829699,0.0,0.0,0.8,0.1591684228801536,1.0
POS63046,oak,23.0,491352.52657157194,4881607.693454621,0.0,0.0,0.8,0.18507820836683014,1.0
POS63058,douglas_fir,24.0,491335.25814343704,4881646.843175962,0.0,0.0,0.4,0.15543336910389927,1.0
POS63059,douglas_fir,24.0,491332.9004346547,4881650.163001033,0.0,0.0,0.4,0.15543336910389927,1.0
POS63060,douglas_fir,24.0,491330.0058863405,4881653.376505623,0.0,0.0,0.4,0.1608352976220338,1.0
POS63061,maple,12.0,491324.8668492535,4881664.296311009,0.0,0.0,0.6,0.166548420418768,1.0
POS63062,maple,12.0,491321.6527173012,4881669.436122679,0.0,0.0,0.6,0.15056492961395995,1.0
POS63063,douglas_fir,24.0,491319.37016426335,4881676.135765179,0.0,0.0,0.4,0.1531984422930735,1.0
POS63070,maple,25.0,491444.2735265072,4881763.702054174,0.0,0.0,0.6,0.2131200851735156,1.0
POS63071,douglas_fir,12.0,491309.689408403,4881717.76563517,0.0,0.0,0.4,0.19244887796123628,1.0
POS63073,maple,13.0,491292.2051842671,4881729.664608737,0.0,0.0,0.6,0.1600082100534258,1.0
POS63077,maple,15.0,492139.03192680003,4881451.476062936,0.0,0.0,0.6,0.4973989091898685,1.0
POS63155,dogwood,4.0,492163.4332222955,4881052.057143623,0.0,0.0,0.0,0.27111373385814114,1.0
POS63163,maple,1.0,492208.3400625539,4881143.562319938,0.0,0.0,0.6,0.2203259396670265,1.0
POS63227,maple,3.0,491879.3994950946,4880627.201187421,0.0,0.0,0.6,0.3483333333333334,1.0
POS63228,douglas_fir,28.0,491898.152365089,4880673.197297345,0.0,0.0,0.4,0.4883333333333334,1.0
POS63229,douglas_fir,25.0,491901.4931052245,4880682.930822747,0.0,0.0,0.4,0.4883333333333334,1.0
POS63230,maple,17.0,491905.2652781603,4880694.268861091,0.0,0.0,0.6,0.42092646148394103,1.0
POS63231,pine,18.0,491907.99410547595,4880706.039876989,0.0,0.0,0.0,0.3009180584984824,1.0
POS63232,dogwood,10.0,491912.2390149859,4880729.609220866,0.0,0.0,0.0,0.32004036999768626,1.0
POS63233,maple,8.0,491911.3360317287,4880778.047260693,0.0,0.0,0.6,0.3492654679477854,1.0
POS63234,douglas_fir,36.0,491914.63762904913,4880795.537004476,0.0,0.0,0.4,0.34915659779098984,1.0
POS63235,dogwood,4.0,491917.0152354351,4880810.478714259,0.0,0.0,0.0,0.40226115427687337,1.0
POS63237,douglas_fir,25.0,491886.254108939,4880907.299964204,0.0,0.0,0.4,0.38822761271574646,1.0
POS63238,douglas_fir,22.0,491885.82278310216,4880905.8024577,0.0,0.0,0.4,0.38822761271574646,1.0
POS63242,maple,31.0,491890.52340476535,4880896.747002911,0.0,0.0,0.6,0.38521505614333634,1.0
POS63244,dogwood,8.0,491876.254503812,4880925.224814137,0.0,0.0,0.0,0.3551226640125506,1.0
POS63247,dogwood,1.0,491835.3994137887,4880940.426595122,0.0,0.0,0.0,0.2787253005089594,1.0
POS63253,western_hemlock,22.0,491927.17395217926,4881028.604085904,0.0,0.0,0.0,0.2833305052326949,1.0
POS63254,dogwood,4.0,491946.88360661705,4881046.520435543,0.0,0.0,0.0,0.24160617065454873,1.0
POS63255,dogwood,5.0,491950.64088987786,4881045.873835433,0.0,0.0,0.0,0.24160617065454873,1.0
POS63259,maple,1.0,492062.1058801751,4880967.647643048,0.0,0.0,0.6,0.34295572122969287,1.0
POS63260,maple,1.0,492060.3899897253,4880969.361782285,0.0,0.0,0.6,0.3221805580587944,1.0
POS63266,maple,7.0,492062.37313656346,4880651.758644962,0.0,0.0,0.6,0.3483333333333334,1.0
POS63269,oak,26.0,492083.5461794494,4880687.441823559,0.0,0.0,0.8,0.32833333333333337,1.0
POS63270,oak,40.0,492087.26701868663,4880685.764611505,0.0,0.0,0.8,0.32833333333333337,1.0
POS63271,maple,15.0,492092.93538973096,4880688.266916325,0.0,0.0,0.6,0.32833333333333337,1.0
POS63272,maple,3.0,492072.6596971175,4880764.694865651,0.0,0.0,0.6,0.2186228791273658,1.0
POS63273,oak,30.0,492098.01655429834,4880688.262237414,0.0,0.0,0.8,0.32833333333333337,1.0
POS63277,douglas_fir,13.0,492112.084579492,4880689.422454072,0.0,0.0,0.4,0.32833333333333337,1.0
POS63278,douglas_fir,11.0,492113.3733713171,4880689.634916709,0.0,0.0,0.4,0.32833333333333337,1.0
POS63279,oak,36.0,492114.2309479468,4880688.45677774,0.0,0.0,0.8,0.32833333333333337,1.0
POS63283,douglas_fir,11.0,492110.45952534536,4880689.077754157,0.0,0.0,0.4,0.32833333333333337,1.0
POS63284,dogwood,4.0,492166.1909523652,4880781.036227489,0.0,0.0,0.0,0.21585575690126035,1.0
POS63285,douglas_fir,11.0,492134.3059149383,4880696.004598744,0.0,0.0,0.4,0.12629694876567715,1.0
POS63286,douglas_fir,12.0,492131.8207252727,4880683.059822587,0.0,0.0,0.4,0.22916666666666666,1.0
POS63287,maple,2.0,492139.32110523316,4880669.56800146,0.0,0.0,0.6,0.3483333333333334,1.0
POS63289,douglas_fir,11.0,492149.0603418758,4880642.483651993,0.0,0.0,0.4,0.3483333333333334,1.0
POS63293,oak,1.0,492149.1664780443,4880641.413492663,0.0,0.0,0.8,0.3483333333333334,1.0
POS63294,maple,1.0,492151.08808821643,4880631.994500715,0.0,0.0,0.6,0.3483333333333334,1.0
POS63295,maple,1.0,492151.51518157654,4880629.960894894,0.0,0.0,0.6,0.3483333333333334,1.0
POS63315,oak,27.0,491872.51016389526,4880861.974261273,0.0,0.0,0.8,0.35728447597447743,1.0
POS63321,western_hemlock,20.0,491997.92318882246,4880869.0005971845,0.0,0.0,0.0,0.22937384346986728,1.0
POS63322,maple,22.0,492050.63367709523,4880857.851977111,0.0,0.0,0.6,0.2712150719728719,1.0
POS63323,oak,15.0,492129.86374931986,4880856.2012481885,0.0,0.0,0.8,0.4470173326601852,1.0
POS63327,pine,6.0,492141.2084608374,4880868.277765239,0.0,0.0,0.0,0.35878759662044624,1.0
POS63334,dogwood,13.0,492204.49769311637,4880855.415707003,0.0,0.0,0.0,0.21668011747260615,1.0
POS63780,oak,28.0,491984.4315867018,4880634.731773518,0.0,0.0,0.8,0.3483333333333334,1.0
POS63782,douglas_fir,31.0,491985.6485070317,4880657.017936643,0.0,0.0,0.4,0.32833333333333337,1.0
POS63783,douglas_fir,35.0,491985.07410460577,4880651.447759182,0.0,0.0,0.4,0.3483333333333334,1.0
POS63785,douglas_fir,26.0,491987.89538246725,4880699.8563375585,0.0,0.0,0.4,0.16509469064109533,1.0
POS63786,douglas_fir,35.0,491990.13854861684,4880735.928857561,0.0,0.0,0.4,0.19655465253294283,1.0
POS63787,douglas_fir,49.0,491989.72248614195,4880715.709146846,0.0,0.0,0.4,0.2277932382169099,1.0
POS63789,douglas_fir,5.0,491974.48280469637,4880835.191815249,0.0,0.0,0.4,0.38854643747346473,1.0
POS63790,maple,4.0,491971.68498416047,4880831.4904398825,0.0,0.0,0.6,0.3779868206792705,1.0
POS63791,douglas_fir,20.0,491971.04020771204,4880826.438777542,0.0,0.0,0.4,0.3779868206792705,1.0
POS63792,douglas_fir,24.0,491971.02847348776,4880816.808393657,0.0,0.0,0.4,0.3870735481786076,1.0
POS63793,dogwood,1.0,491986.74855190626,4880815.29373683,0.0,0.0,0.0,0.4285447191880961,1.0
POS63794,douglas_fir,22.0,491970.0517578848,4880808.356243592,0.0,0.0,0.4,0.3550955287593804,1.0
POS63796,douglas_fir,18.0,491971.6675023431,4880741.719631455,0.0,0.0,0.4,0.15229736844738684,1.0
POS63798,pine,5.0,491972.18721022806,4880710.224667295,0.0,0.0,0.0,0.16373175078954913,1.0
POS63799,oak,35.0,491972.24057159596,4880688.999137884,0.0,0.0,0.8,0.31567682350802173,1.0
POS76146,maple,24.0,491953.4338754399,4881214.1605306575,0.0,0.0,0.6,0.5741998969568963,1.0
POS76147,maple,22.0,491965.5339016812,4881214.018285407,0.0,0.0,0.6,0.5729331437319615,1.0
POS76148,pine,23.0,491970.7427948123,4881210.456833061,0.0,0.0,0.0,0.5729331437319615,1.0
POS76150,douglas_fir,16.0,491978.9740265771,4881209.064716342,0.0,0.0,0.4,0.5727505988750916,1.0
POS76151,douglas_fir,17.0,491985.28228722943,4881210.890694223,0.0,0.0,0.4,0.5711831992922535,1.0
POS76152,pine,15.0,491981.4107053644,4881215.280570348,0.0,0.0,0.0,0.5716542657563858,1.0
POS76153,oregon_ash,46.0,491987.0136922016,4881214.092333053,0.0,0.0,0.5,0.5711831992922535,1.0
POS76155,douglas_fir,13.0,491996.1270916619,4881210.58399088,0.0,0.0,0.4,0.5718629201615105,1.0
POS76156,douglas_fir,17.0,492000.0427438779,4881210.26022461,0.0,0.0,0.4,0.5718629201615105,1.0
POS76157,maple,32.0,492009.9552104079,4881211.626340055,0.0,0.0,0.6,0.5722126166470061,1.0
POS76158,maple,31.0,492013.9895369805,4881211.558221068,0.0,0.0,0.6,0.6336994546101699,1.0
POS76159,maple,21.0,492011.9725499438,4881209.481786674,0.0,0.0,0.6,0.6336994546101699,1.0
POS76160,pine,15.0,492020.8418923584,4881209.936354789,0.0,0.0,0.0,0.3566481562012642,1.0
POS76161,maple,6.0,492025.97490414645,4881206.813249101,0.0,0.0,0.6,0.3566481562012642,1.0
POS76162,pine,6.0,492024.6182177631,4881210.049041468,0.0,0.0,0.0,0.3566481562012642,1.0
POS76163,pine,24.0,492028.7743907404,4881210.110161493,0.0,0.0,0.0,0.3566481562012642,1.0
POS76164,maple,9.0,491920.60236583685,4881217.134627776,0.0,0.0,0.6,0.47350321184688166,1.0
POS76166,pine,12.0,492032.63567763584,4881210.019778738,0.0,0.0,0.0,0.3579587391750433,1.0
POS76167,pine,12.0,492034.06593807024,4881208.551022981,0.0,0.0,0.0,0.3579587391750433,1.0
POS76168,pine,12.0,492035.8549110094,4881209.927337329,0.0,0.0,0.0,0.3579587391750433,1.0
POS76169,pine,25.0,492040.151798507,4881209.48874471,0.0,0.0,0.0,0.3579587391750433,1.0
POS76170,maple,11.0,492041.17893266125,4881205.879109962,0.0,0.0,0.6,0.3051028832167135,1.0
POS76171,pine,17.0,492051.2426467258,4881209.37848931,0.0,0.0,0.0,0.30222936324192934,1.0
POS76172,douglas_fir,18.0,492065.2387845422,4881206.89817203,0.0,0.0,0.4,0.22461453255312608,1.0
POS76175,oak,33.0,492087.77903904347,4881198.877680543,0.0,0.0,0.8,0.49686538954361614,1.0
POS77341,pine,13.0,492144.5853475322,4882371.776453991,0.0,0.0,0.0,0.08265564019594271,1.0
POS77400,oregon_ash,16.0,491893.67714179266,4880890.615460494,0.0,0.0,0.5,0.3360022471587246,1.0
POS77525,green_ash,19.0,490228.6669957833,4880760.42369183,0.0,0.0,0.0,0.3483333333333334,1.0
POS77526,green_ash,21.0,490235.6889989562,4880760.429394523,0.0,0.0,0.0,0.3278390812688611,1.0
POS78816,oak,15.0,491010.882783236,4881900.442338551,0.0,0.0,0.8,0.26873616327258615,1.0
POS79015,western_hemlock,22.0,491984.6467527068,4880799.943246973,0.0,0.0,0.0,0.25577590133398437,1.0
POS79017,maple,42.0,491987.71277869097,4880835.659202999,0.0,0.0,0.6,0.4334919083210863,1.0
POS79027,maple,55.0,490440.3388688606,4881843.618225221,0.0,0.0,0.6,0.1624245891157512,1.0
POS79276,maple,50.0,490849.94233284064,4880782.797667124,0.0,0.0,0.6,0.1281596046908762,1.0
POS79277,maple,50.0,490859.95854289155,4880752.470473049,0.0,0.0,0.6,0.07663497945245147,1.0
POS85558,oregon_ash,2.0,491637.0688581187,4881152.7617688365,0.0,0.0,0.5,0.22993011206469183,1.0
POS85560,oregon_ash,2.0,491625.814977275,4881254.9688552795,0.0,0.0,0.5,0.23489029381715337,1.0
POS85565,oregon_ash,2.0,491627.711275992,4881268.168044474,0.0,0.0,0.5,0.29467463767471413,1.0
POS85571,oregon_ash,2.0,491621.07865105325,4881205.838385945,0.0,0.0,0.5,0.24005448843036242,1.0
POS85573,oregon_ash,2.0,491619.383546479,4881203.216445195,0.0,0.0,0.5,0.27215016248007856,1.0
POS85574,oregon_ash,2.0,491620.71656549687,4881199.490133559,0.0,0.0,0.5,0.27215016248007856,1.0
POS85590,oregon_ash,2.0,491633.3509405601,4881310.447702346,0.0,0.0,0.5,0.2578409971682737,1.0
POS85592,oregon_ash,2.0,491627.45233748486,4881241.023087708,0.0,0.0,0.5,0.23409508929075123,1.0
POS85593,oregon_ash,2.0,491626.57737094694,4881248.307149276,0.0,0.0,0.5,0.22190065195182232,1.0
POS85596,oregon_ash,3.0,491644.64003159787,4881349.040942115,0.0,0.0,0.5,0.313785922692988,1.0
POS85597,oregon_ash,1.0,491646.9144359694,4881354.032721921,0.0,0.0,0.5,0.313785922692988,1.0
POS85603,oregon_ash,3.0,491650.2632030896,4881367.612756264,0.0,0.0,0.5,0.2919551465823413,1.0
POS85604,oregon_ash,2.0,491647.3345558063,4881367.819874169,0.0,0.0,0.5,0.2919551465823413,1.0
POS85611,oregon_ash,3.0,491700.59509223286,4881502.94897451,0.0,0.0,0.5,0.23526843922356222,1.0
POS85614,oregon_ash,8.0,491651.17884669045,4881377.753210267,0.0,0.0,0.5,0.29041152192089853,1.0
POS85621,oregon_ash,7.0,491657.69297931704,4881380.545447154,0.0,0.0,0.5,0.29041152192089853,1.0
POS85630,oregon_ash,4.0,491713.4154196916,4881539.333237295,0.0,0.0,0.5,0.2539585050464146,1.0
POS85631,oregon_ash,3.0,491712.26592253166,4881542.402106715,0.0,0.0,0.5,0.2539585050464146,1.0
POS85632,oregon_ash,4.0,491660.9313916231,4881393.138565238,0.0,0.0,0.5,0.22657798592919626,1.0
POS85635,oregon_ash,3.0,491720.4292133008,4881556.22950004,0.0,0.0,0.5,0.3263227828917503,1.0
POS85637,oregon_ash,3.0,491721.7651357075,4881562.074493516,0.0,0.0,0.5,0.24269983973437242,1.0
POS85638,oregon_ash,3.0,491668.7295568534,4881401.266037932,0.0,0.0,0.5,0.22525034869757138,1.0
POS85640,oregon_ash,3.0,491671.3332777243,4881413.201502054,0.0,0.0,0.5,0.3380966233472698,1.0
POS85642,oregon_ash,3.0,491670.94257913955,4881405.429366708,0.0,0.0,0.5,0.3380966233472698,1.0
POS85643,oregon_ash,3.0,491730.3199136466,4881574.129728129,0.0,0.0,0.5,0.26328994920479626,1.0
POS85920,oregon_ash,1.0,490728.73834925477,4880635.387512533,0.0,0.0,0.5,0.33000000000000007,1.0
POS85923,maple,2.0,490712.84763735527,4880626.05715823,0.0,0.0,0.6,0.33000000000000007,1.0
POS85925,maple,3.0,490712.26562952745,4880632.981365859,0.0,0.0,0.6,0.33000000000000007,1.0
POS85927,maple,3.0,490707.63725355593,4880630.737815964,0.0,0.0,0.6,0.33000000000000007,1.0
POS85930,maple,2.0,490711.03262621444,4880635.896350146,0.0,0.0,0.6,0.33000000000000007,1.0
POS85932,maple,4.0,490707.9570712153,4880638.767958272,0.0,0.0,0.6,0.33000000000000007,1.0
POS85941,maple,5.0,490699.16489386786,4880635.421648329,0.0,0.0,0.6,0.33000000000000007,1.0
POS85943,oregon_ash,1.0,490724.4250092816,4880649.699974269,0.0,0.0,0.5,0.22806354528229245,1.0
POS85944,oregon_ash,2.0,490731.7555607381,4880649.328982449,0.0,0.0,0.5,0.22643943340305425,1.0
POS85946,oak,3.0,490732.6457383359,4880645.848155553,0.0,0.0,0.8,0.22643943340305425,1.0
POS85952,oregon_ash,2.0,490719.13888154423,4880665.291542853,0.0,0.0,0.5,0.2329684126057542,1.0
POS85953,maple,7.0,490704.0017878565,4880668.841495011,0.0,0.0,0.6,0.2650250285777464,1.0
POS85954,oak,4.0,490723.17290762207,4880666.339729708,0.0,0.0,0.8,0.21810624308156296,1.0
POS85956,maple,4.0,490701.12855715683,4880676.56896013,0.0,0.0,0.6,0.26284480092606155,1.0
POS85957,oregon_ash,2.0,490718.50888706016,4880672.335921019,0.0,0.0,0.5,0.2329684126057542,1.0
POS85958,oregon_ash,2.0,490683.40739862365,4880763.6212768955,0.0,0.0,0.5,0.2418727713020502,1.0
POS85959,maple,3.0,490695.8892428085,4880683.781117076,0.0,0.0,0.6,0.2593842026685137,1.0
POS85960,oak,2.0,490725.4783846549,4880674.7918267,0.0,0.0,0.8,0.22865957934677938,1.0
POS85961,maple,2.0,490668.9043014978,4880750.1256262995,0.0,0.0,0.6,0.26226030986912907,1.0
POS85963,oak,3.0,490725.63055005093,4880676.338205148,0.0,0.0,0.8,0.22865957934677938,1.0
POS85965,maple,3.0,490661.24244214135,4880749.1158003025,0.0,0.0,0.6,0.26226030986912907,1.0
POS85966,maple,1.0,490683.7641476599,4880676.739174168,0.0,0.0,0.6,0.29309274702468646,1.0
POS85967,oak,3.0,490726.2337694091,4880677.0955218375,0.0,0.0,0.8,0.22865957934677938,1.0
POS85968,oak,3.0,490724.9954610092,4880677.537186117,0.0,0.0,0.8,0.22865957934677938,1.0
POS85970,maple,3.0,490663.24206069193,4880733.032364781,0.0,0.0,0.6,0.24783778885515273,1.0
POS85971,maple,3.0,490661.4003814335,4880742.176741575,0.0,0.0,0.6,0.3582433876363459,1.0
POS85972,maple,1.0,490670.74625744286,4880733.32356908,0.0,0.0,0.6,0.31924510697803743,1.0
POS85975,oak,2.0,490725.77239248285,4880678.0629800055,0.0,0.0,0.8,0.22865957934677938,1.0
POS85976,maple,1.0,490676.6629986877,4880726.201526755,0.0,0.0,0.6,0.31924510697803743,1.0
POS85977,oak,2.0,490722.2229320297,4880679.097702536,0.0,0.0,0.8,0.22865957934677938,1.0
POS85978,maple,1.0,490689.38626820804,4880680.681315325,0.0,0.0,0.6,0.29309274702468646,1.0
POS85979,maple,5.0,490674.9764824478,4880715.837451307,0.0,0.0,0.6,0.25815553065218866,1.0
POS85980,oregon_ash,1.0,490710.27324281336,4880692.574301108,0.0,0.0,0.5,0.24781384553444288,1.0
POS85981,maple,1.0,490689.4716756347,4880689.351778565,0.0,0.0,0.6,0.32426896372619063,1.0
POS85982,maple,4.0,490678.3557167987,4880709.042007041,0.0,0.0,0.6,0.2929737729090236,1.0
POS85983,maple,2.0,490686.091705612,4880705.181024759,0.0,0.0,0.6,0.2731541074483461,1.0
POS85984,maple,1.0,490684.26511790435,4880696.746417312,0.0,0.0,0.6,0.31226221507773677,1.0
POS85987,maple,3.0,490681.4954592588,4880702.182415559,0.0,0.0,0.6,0.31226221507773677,1.0
POS85988,oak,1.0,490704.29973406374,4880700.41576754,0.0,0.0,0.8,0.24477501866897766,1.0
POS85989,maple,3.0,490678.4730987461,4880695.0094618965,0.0,0.0,0.6,0.25047807577941594,1.0
POS85990,oak,2.0,490705.64514266816,4880704.820618647,0.0,0.0,0.8,0.30212690331985625,1.0
POS85991,oregon_ash,3.0,490702.5770270891,4880707.399341077,0.0,0.0,0.5,0.30212690331985625,1.0
POS85992,maple,1.0,490680.3326009233,4880683.494757123,0.0,0.0,0.6,0.2618933983809876,1.0
POS85993,oregon_ash,2.0,490699.6950345079,4880714.384825711,0.0,0.0,0.5,0.2750238450367464,1.0
POS85995,oregon_ash,2.0,490693.9547077238,4880729.07781839,0.0,0.0,0.5,0.23953401100483399,1.0
POS85997,oregon_ash,1.0,490688.3988434697,4880741.767964946,0.0,0.0,0.5,0.24367046460192066,1.0
POS86039,oregon_ash,1.0,491751.0642994256,4881602.477950551,0.0,0.0,0.5,0.3405815756820735,1.0
POS86040,oregon_ash,1.0,491752.5356071192,4881599.174378939,0.0,0.0,0.5,0.3405815756820735,1.0
POS86043,oregon_ash,1.0,491757.9973952991,4881605.016883008,0.0,0.0,0.5,0.23905851073984236,1.0
POS86051,oregon_ash,1.0,491757.9181934962,4881612.309382409,0.0,0.0,0.5,0.23905851073984236,1.0
POS86052,oregon_ash,1.0,491764.2900590918,4881612.0874068625,0.0,0.0,0.5,0.25471498538500625,1.0
POS86053,oregon_ash,4.0,491766.25766250154,4881612.903136177,0.0,0.0,0.5,0.25471498538500625,1.0
POS86055,oregon_ash,1.0,491768.5884987441,4881616.972176489,0.0,0.0,0.5,0.27236192461800646,1.0
POS86056,oregon_ash,1.0,491772.04577791755,4881617.059239883,0.0,0.0,0.5,0.283639511889382,1.0
POS86062,oregon_ash,1.0,491777.93712047645,4881622.196445668,0.0,0.0,0.5,0.283639511889382,1.0
POS86069,oregon_ash,1.0,491774.80496445723,4881627.414001668,0.0,0.0,0.5,0.259863572443571,1.0
POS86073,oregon_ash,1.0,491780.09102816094,4881633.099658671,0.0,0.0,0.5,0.259863572443571,1.0
POS86074,oregon_ash,2.0,491906.83645716065,4881735.518091132,0.0,0.0,0.5,0.3788868107988234,1.0
POS86079,oregon_ash,2.0,491906.8493304695,4881731.748792439,0.0,0.0,0.5,0.2962057479707385,1.0
POS86083,oregon_ash,2.0,491792.5151769269,4881632.963179215,0.0,0.0,0.5,0.3592248800771073,1.0
POS86084,oregon_ash,1.0,491896.4561223172,4881723.658089173,0.0,0.0,0.5,0.3067537051025804,1.0
POS86086,oregon_ash,12.0,491798.9748722387,4881640.709702135,0.0,0.0,0.5,0.27266463004025465,1.0
POS86088,oregon_ash,2.0,491890.66958314425,4881716.62746866,0.0,0.0,0.5,0.34965926320003005,1.0
POS86089,oregon_ash,1.0,491887.11876254156,4881712.037613915,0.0,0.0,0.5,0.3088776950377514,1.0
POS86090,oregon_ash,2.0,491885.67581586784,4881712.845775354,0.0,0.0,0.5,0.3088776950377514,1.0
POS86091,oregon_ash,3.0,491884.3266064326,4881711.668790103,0.0,0.0,0.5,0.3088776950377514,1.0
POS86092,dogwood,2.0,491803.748962608,4881647.513407302,0.0,0.0,0.0,0.26068644038462957,1.0
POS86093,oregon_ash,3.0,491885.5322892905,4881709.237213128,0.0,0.0,0.5,0.3088776950377514,1.0
POS86096,oregon_ash,2.0,491888.19286478614,4881707.32976052,0.0,0.0,0.5,0.3088776950377514,1.0
POS86100,oregon_ash,1.0,491813.94975646766,4881655.440364794,0.0,0.0,0.5,0.3259240322983149,1.0
POS86101,oregon_ash,3.0,491872.0351142724,4881695.734070694,0.0,0.0,0.5,0.3125192077406246,1.0
POS86102,oregon_ash,3.0,491874.9251104108,4881692.777140485,0.0,0.0,0.5,0.32044411009696117,1.0
POS86107,oregon_ash,2.0,491865.5088715135,4881689.748600961,0.0,0.0,0.5,0.28242652580992766,1.0
POS86108,oregon_ash,2.0,491833.45671409275,4881666.153671253,0.0,0.0,0.5,0.35210336492295247,1.0
POS86109,oregon_ash,2.0,491861.4378854077,4881679.671103488,0.0,0.0,0.5,0.28600739179605383,1.0
POS86116,maple,1.0,490863.79779881175,4880737.641058851,0.0,0.0,0.6,0.08699434267095796,1.0
POS86117,maple,2.0,490762.24878181395,4880987.9358710805,0.0,0.0,0.6,0.13828420012874587,1.0
POS86120,maple,1.0,490747.18816633185,4881018.946759831,0.0,0.0,0.6,0.12117880247297762,1.0
POS86124,oregon_ash,1.0,490742.75375469367,4881027.728163128,0.0,0.0,0.5,0.11291335843024039,1.0
POS86125,maple,4.0,490828.11973391613,4880845.206279186,0.0,0.0,0.6,0.09783715353046638,1.0
POS86126,maple,1.0,490740.88774255535,4881030.713359462,0.0,0.0,0.6,0.11291335843024039,1.0
POS86127,oregon_ash,1.0,490738.37467561313,4881035.285187943,0.0,0.0,0.5,0.08655733496817429,1.0
POS86128,maple,3.0,490827.0277051623,4880849.100891613,0.0,0.0,0.6,0.09783715353046638,1.0
POS86131,maple,1.0,490822.9986066688,4880860.187946845,0.0,0.0,0.6,0.09428302476276709,1.0
POS86133,maple,1.0,490822.34989414614,4880863.093662151,0.0,0.0,0.6,0.09428302476276709,1.0
POS86134,oregon_ash,2.0,490718.37973643205,4881061.486837348,0.0,0.0,0.5,0.11601908957788738,1.0
POS86135,oregon_ash,1.0,490720.34121675254,4881068.453726776,0.0,0.0,0.5,0.09543287824541263,1.0
POS86136,oak,1.0,490818.14318300213,4880868.305674877,0.0,0.0,0.8,0.13595887350411465,1.0
POS86137,oregon_ash,2.0,490716.92969663086,4881066.628396038,0.0,0.0,0.5,0.09543287824541263,1.0
POS86138,oregon_ash,1.0,490717.48752431286,4881072.781486156,0.0,0.0,0.5,0.09543287824541263,1.0
POS86139,maple,1.0,490808.6127908289,4880896.125895903,0.0,0.0,0.6,0.07882218036665767,1.0
POS86142,oregon_ash,1.0,490794.75663495593,4880918.418015714,0.0,0.0,0.5,0.09396127490895682,1.0
POS86143,oregon_ash,1.0,490693.1289252626,4881117.197871252,0.0,0.0,0.5,0.19604177403717654,1.0
POS86144,oregon_ash,1.0,490793.1274269824,4880922.167396468,0.0,0.0,0.5,0.09396127490895682,1.0
POS86145,oregon_ash,1.0,490793.55416325986,4880924.27467976,0.0,0.0,0.5,0.09396127490895682,1.0
POS86146,oregon_ash,1.0,490691.20177590643,4881118.991114837,0.0,0.0,0.5,0.19604177403717654,1.0
POS86149,maple,4.0,490686.3019760503,4881118.350408015,0.0,0.0,0.6,0.201356067858249,1.0
POS86152,maple,3.0,490684.3318009622,4881121.52200057,0.0,0.0,0.6,0.201356067858249,1.0
POS86154,oak,1.0,490772.41825595015,4880971.347793441,0.0,0.0,0.8,0.07090107082215347,1.0
POS86156,maple,1.0,490683.48463415075,4881132.78169097,0.0,0.0,0.6,0.08181587238859164,1.0
POS86159,maple,1.0,490748.5268494939,4881044.705517329,0.0,0.0,0.6,0.10019789759273333,1.0
POS86160,maple,1.0,490740.07992445014,4881064.5947660105,0.0,0.0,0.6,0.1212179363303931,1.0
POS86161,maple,1.0,490731.25589777424,4881067.92346837,0.0,0.0,0.6,0.1212179363303931,1.0
POS86162,maple,1.0,490726.03039565234,4881103.225297973,0.0,0.0,0.6,0.13438885240322127,1.0
POS86163,maple,1.0,490732.7254111933,4881110.322121198,0.0,0.0,0.6,0.11813465970042589,1.0
POS86164,maple,1.0,490725.2190154917,4881109.766344564,0.0,0.0,0.6,0.14951499168007878,1.0
POS86165,maple,1.0,490728.38062004093,4881116.679739215,0.0,0.0,0.6,0.1277763624495799,1.0
POS86166,maple,1.0,490713.2286860261,4881128.667645131,0.0,0.0,0.6,0.12454872168003853,1.0
POS86167,maple,1.0,490702.84287986596,4881120.763183935,0.0,0.0,0.6,0.14970043361751842,1.0
POS86168,maple,1.0,490711.40765770775,4881135.323469895,0.0,0.0,0.6,0.1839493217725265,1.0
POS86169,maple,1.0,490710.2720468588,4881142.6093597775,0.0,0.0,0.6,0.21152385220902623,1.0
POS86170,maple,1.0,490703.5251698553,4881142.201048349,0.0,0.0,0.6,0.21152385220902623,1.0
POS86171,maple,3.0,490689.4314703437,4881143.014364253,0.0,0.0,0.6,0.08776973731436866,1.0
POS86172,maple,1.0,490689.95477493445,4881160.221884149,0.0,0.0,0.6,0.09676656254332933,1.0
POS86213,oregon_ash,1.0,490671.2228937214,4880803.40861352,0.0,0.0,0.5,0.30501014452779307,1.0
POS86214,oregon_ash,1.0,490666.5966539265,4880826.126839891,0.0,0.0,0.5,0.24523708342430087,1.0
POS86215,maple,2.0,490617.92594202363,4880852.890445504,0.0,0.0,0.6,0.2744600211684062,1.0
POS86216,oregon_ash,1.0,490660.3475773442,4880849.823669602,0.0,0.0,0.5,0.2606526016140217,1.0
POS86218,maple,4.0,490597.82785606175,4880869.444100678,0.0,0.0,0.6,0.27824216444496175,1.0
POS86219,oregon_ash,1.0,490659.2900014244,4880858.509427261,0.0,0.0,0.5,0.28333001293260807,1.0
POS86221,oregon_ash,1.0,490655.9115312623,4880864.789979495,0.0,0.0,0.5,0.2548943955651826,1.0
POS86222,oregon_ash,1.0,490653.00926554966,4880872.830382614,0.0,0.0,0.5,0.2548943955651826,1.0
POS86224,maple,2.0,490596.10368486005,4880892.263113137,0.0,0.0,0.6,0.2938789593338772,1.0
POS86226,maple,3.0,490601.56567557045,4880898.910838811,0.0,0.0,0.6,0.2760256773590689,1.0
POS86229,maple,2.0,490591.57553569286,4880903.33157979,0.0,0.0,0.6,0.3079767375789546,1.0
POS86231,maple,3.0,490592.863519624,4880911.108996749,0.0,0.0,0.6,0.29894686781178914,1.0
POS86234,maple,2.0,490609.59950389824,4880916.713668387,0.0,0.0,0.6,0.2724539278994661,1.0
POS86235,oregon_ash,2.0,490634.44566237205,4880902.430434897,0.0,0.0,0.5,0.234825355673513,1.0
POS86236,maple,2.0,490607.7542027309,4880923.2445700085,0.0,0.0,0.6,0.2724539278994661,1.0
POS86237,maple,2.0,490602.49282412796,4880929.882551816,0.0,0.0,0.6,0.245418504904653,1.0
POS86238,oregon_ash,2.0,490628.94758622814,4880907.965427776,0.0,0.0,0.5,0.24400983698471782,1.0
POS86239,maple,3.0,490600.0804382876,4880937.474959358,0.0,0.0,0.6,0.2588272543910925,1.0
POS86240,maple,1.0,490595.8504025458,4880934.744485792,0.0,0.0,0.6,0.2588272543910925,1.0
POS86241,maple,3.0,490595.1234604405,4880926.289092151,0.0,0.0,0.6,0.26453606769627946,1.0
POS86242,maple,2.0,490595.4170542263,4880918.738268991,0.0,0.0,0.6,0.27583432215624726,1.0
POS86243,maple,2.0,490602.6967924534,4880917.39553512,0.0,0.0,0.6,0.2724539278994661,1.0
POS86244,maple,2.0,490553.6203659929,4881030.683020017,0.0,0.0,0.6,0.2560947363870243,1.0
POS86245,maple,2.0,490584.81283845735,4880924.14981235,0.0,0.0,0.6,0.28585326233332464,1.0
POS86246,oregon_ash,2.0,490542.256974602,4881029.664758556,0.0,0.0,0.5,0.2694834004279578,1.0
POS86248,maple,1.0,490531.231264612,4881026.716826196,0.0,0.0,0.6,0.281945539095271,1.0
POS86249,maple,1.0,490534.8133356646,4881021.4015730005,0.0,0.0,0.6,0.27881059449382317,1.0
POS86252,maple,2.0,490583.84153234423,4880940.773434584,0.0,0.0,0.6,0.28103491398492164,1.0
POS86253,maple,1.0,490543.6113774108,4881026.2168857725,0.0,0.0,0.6,0.2694834004279578,1.0
POS86254,maple,2.0,490577.7635070154,4880940.621886939,0.0,0.0,0.6,0.3567348148329362,1.0
POS86255,maple,2.0,490580.39796647924,4880949.1586949155,0.0,0.0,0.6,0.24730036540661066,1.0
POS86256,maple,3.0,490593.50317405234,4880958.24532142,0.0,0.0,0.6,0.2356666824757902,1.0
POS86258,maple,1.0,490540.0722482411,4881022.249997629,0.0,0.0,0.6,0.27881059449382317,1.0
POS86259,pine,1.0,490558.72549931024,4881017.738526206,0.0,0.0,0.0,0.26416917733459744,1.0
POS86265,oregon_ash,1.0,490441.14389374683,4881356.876380068,0.0,0.0,0.5,0.2858252697745536,1.0
POS86270,oregon_ash,1.0,490453.12085429014,4881391.969230317,0.0,0.0,0.5,0.2399613089562364,1.0
POS86271,oregon_ash,1.0,490447.47075269074,4881366.756774154,0.0,0.0,0.5,0.28414168997376965,1.0
POS86272,maple,2.0,490447.7278408899,4881389.2070628395,0.0,0.0,0.6,0.24850052435719266,1.0
POS86276,maple,2.0,490450.03428784054,4881428.227774876,0.0,0.0,0.6,0.24120321562777483,1.0
POS86279,maple,1.0,490448.9182863547,4881435.369442217,0.0,0.0,0.6,0.237298295779036,1.0
POS86284,maple,1.0,490450.93106912274,4881448.838703551,0.0,0.0,0.6,0.263483725071218,1.0
POS86288,maple,2.0,490451.11170030053,4881419.939429737,0.0,0.0,0.6,0.24563344182892924,1.0
POS86292,maple,1.0,490443.2705677949,4881461.978248809,0.0,0.0,0.6,0.2839756252861736,1.0
POS86293,maple,2.0,490452.31593068776,4881411.928774508,0.0,0.0,0.6,0.24716963395699307,1.0
POS86296,maple,1.0,490445.98036069726,4881482.446064698,0.0,0.0,0.6,0.2518358812889547,1.0
POS86299,maple,1.0,490434.2325140051,4881490.184437662,0.0,0.0,0.6,0.25940072111035894,1.0
POS86305,maple,1.0,490423.9736082466,4881486.623976549,0.0,0.0,0.6,0.27010336250412603,1.0
POS86306,maple,1.0,490448.4801843088,4881414.5282925125,0.0,0.0,0.6,0.24465273780314004,1.0
POS86307,maple,1.0,490449.6113299553,4881413.612619853,0.0,0.0,0.6,0.2486473915229408,1.0
POS86308,maple,1.0,490428.3361705922,4881479.874881843,0.0,0.0,0.6,0.2659916406427214,1.0
POS86315,maple,1.0,490439.94272927236,4881517.578428817,0.0,0.0,0.6,0.23147153222601802,1.0
POS86316,maple,1.0,490446.7761719757,4881520.6791789,0.0,0.0,0.6,0.24135450893986798,1.0
POS86317,maple,1.0,490432.34804598923,4881532.986587326,0.0,0.0,0.6,0.22643555838173834,1.0
POS86321,maple,1.0,490420.5456557616,4881525.037076389,0.0,0.0,0.6,0.23945540496047124,1.0
POS86327,maple,1.0,490414.9345551413,4881529.520768263,0.0,0.0,0.6,0.23945540496047124,1.0
POS86328,maple,2.0,490623.1989241621,4882100.578326554,0.0,0.0,0.6,0.12901038099104867,1.0
POS86329,maple,2.0,490633.96223548986,4882102.499400821,0.0,0.0,0.6,0.11668503997593055,1.0
POS86330,maple,2.0,490627.28253005835,4882091.591873925,0.0,0.0,0.6,0.14231264087463788,1.0
POS86331,oregon_ash,1.0,490436.5773064334,4881570.768225255,0.0,0.0,0.5,0.2673915842534455,1.0
POS86332,oregon_ash,2.0,490618.7332321982,4882095.755186136,0.0,0.0,0.5,0.16990173019732374,1.0
POS86333,oregon_ash,1.0,490433.7414558869,4881567.473041662,0.0,0.0,0.5,0.2673915842534455,1.0
POS86335,maple,2.0,490612.7890627155,4882090.6118271835,0.0,0.0,0.6,0.1295722223401868,1.0
POS86336,oregon_ash,1.0,490434.4533610282,4881569.983838483,0.0,0.0,0.5,0.2673915842534455,1.0
POS86338,oregon_ash,1.0,490422.42428048427,4881557.314658082,0.0,0.0,0.5,0.247541329516568,1.0
POS86340,maple,1.0,490604.7547232186,4882076.4198136665,0.0,0.0,0.6,0.15783852950595575,1.0
POS86344,oregon_ash,2.0,490596.24519239645,4882061.432805066,0.0,0.0,0.5,0.13472009752892225,1.0
POS86347,maple,2.0,490595.49982155435,4882058.857211348,0.0,0.0,0.6,0.13472009752892225,1.0
POS86348,maple,1.0,490602.02220935386,4882058.188598198,0.0,0.0,0.6,0.11778144963977932,1.0
POS86350,maple,2.0,490590.4191065291,4882051.614469289,0.0,0.0,0.6,0.11310280582191948,1.0
POS86352,maple,2.0,490587.1571852708,4882043.870481673,0.0,0.0,0.6,0.10946241067813317,1.0
POS86354,maple,2.0,490546.4845275183,4881955.700685867,0.0,0.0,0.6,0.1324290937463828,1.0
POS86356,oregon_ash,2.0,490542.9796233478,4881942.861336832,0.0,0.0,0.5,0.11898377481790638,1.0
POS86360,maple,2.0,490552.9364804368,4881946.332282304,0.0,0.0,0.6,0.08825356438964412,1.0
POS86361,maple,2.0,490555.76142980566,4881954.6515466785,0.0,0.0,0.6,0.06804091233788448,1.0
POS86362,maple,1.0,490597.1296224076,4882043.326706247,0.0,0.0,0.6,0.054748727785279123,1.0
POS87270,maple,30.0,490635.3619245337,4881240.8913385095,0.0,0.0,0.6,0.177302688704789,1.0
POS90218,maple,7.0,490449.097882428,4880659.0066281445,0.0,0.0,0.6,0.216598674512156,1.0
POS90219,maple,27.0,490501.1702280404,4880661.257303347,0.0,0.0,0.6,0.2352206276218976,1.0
POS94865,pine,20.0,492136.1578722012,4881229.021697965,0.0,0.0,0.0,0.461906514722925,1.0
POS95622,pine,,492146.1904797887,4881228.054047509,0.0,0.0,0.0,0.47867481905098186,1.0
POS97045,maple,6.0,491475.06937878806,4881935.198171656,0.0,0.0,0.6,0.2592006381282798,1.0
POS98117,maple,40.0,491810.32875310775,4881685.706887893,0.0,0.0,0.6,0.21636584198409542,1.0
POS98990,douglas_fir,24.0,491989.64869108424,4880738.953214458,0.0,0.0,0.4,0.19655465253294283,1.0
POS98991,douglas_fir,70.0,491988.48197082523,4880748.57103532,0.0,0.0,0.4,0.20129335566012269,1.0
POS99006,maple,39.0,490445.8187111885,4881578.8627304705,0.0,0.0,0.6,0.23905746191829386,1.0
POS99010,oregon_ash,11.0,490455.37096775667,4881509.638658586,0.0,0.0,0.5,0.25269042743741665,1.0
POS99013,oregon_ash,30.0,490444.58561638783,4881490.8257428575,0.0,0.0,0.5,0.24851255909074535,1.0
POS99016,oregon_ash,42.0,490447.65258055733,4881468.181830538,0.0,0.0,0.5,0.25450043685078527,1.0
POS99017,oregon_ash,65.0,490450.0289523643,4881458.461308668,0.0,0.0,0.5,0.2839756252861736,1.0
POS99031,maple,25.0,490581.0771490947,4880986.574360789,0.0,0.0,0.6,0.2364616076124206,1.0
POS99038,oak,3.0,490545.6740300251,4880823.276812444,0.0,0.0,0.8,0.25085043194908946,1.0
POS99039,oak,3.0,490527.8666662374,4880798.260900476,0.0,0.0,0.8,0.29030687738768857,1.0
POS99040,oak,8.0,490531.5131048296,4880797.605679169,0.0,0.0,0.8,0.26700531881069894,1.0
POS99041,oak,5.0,490538.1671823406,4880806.091617762,0.0,0.0,0.8,0.27291556065951766,1.0
POS99045,douglas_fir,3.0,490599.1222320097,4880806.662886259,0.0,0.0,0.4,0.2567094153429422,1.0
POS99046,maple,25.0,490604.4511734261,4880782.460287164,0.0,0.0,0.6,0.25788502626618515,1.0
POS99048,maple,21.0,490589.5952869553,4880790.451342149,0.0,0.0,0.6,0.25895230284863313,1.0
POS99052,oak,2.0,490713.03063470544,4880710.223108521,0.0,0.0,0.8,0.23688446977279,1.0
POS99443,oak,24.0,491077.80717099574,4881223.607319792,0.0,0.0,0.8,0.19214584523195688,1.0
POS99449,western_hemlock,12.0,491990.1425164177,4880799.935537992,0.0,0.0,0.0,0.25577590133398437,1.0
POS100368,douglas_fir,23.0,491969.2513945066,4880844.008426058,0.0,0.0,0.4,0.36840852792652334,1.0
POS100530,dogwood,3.0,492097.472693724,4881520.145893496,0.0,0.0,0.0,0.3657252197232156,1.0
POS100824,douglas_fir,32.0,491989.89769069984,4880785.740286959,0.0,0.0,0.4,0.237862255859458,1.0
POS100825,oak,5.0,491986.67141954985,4880776.82569916,0.0,0.0,0.8,0.23637345282938482,1.0
POS100826,douglas_fir,11.0,491989.2228870737,4880774.003765043,0.0,0.0,0.4,0.27538822131148133,1.0
POS100827,douglas_fir,7.0,491986.538436118,4880770.956987855,0.0,0.0,0.4,0.27538822131148133,1.0
POS100828,douglas_fir,35.0,491987.09083078016,4880766.1083527515,0.0,0.0,0.4,0.27538822131148133,1.0
POS100829,douglas_fir,22.0,491988.2007686592,4880721.881490828,0.0,0.0,0.4,0.2277932382169099,1.0
POS100830,douglas_fir,18.0,491971.24482,4880823.455910702,0.0,0.0,0.4,0.3870735481786076,1.0
POS100831,douglas_fir,48.0,491989.00083058566,4880691.950029285,0.0,0.0,0.4,0.29289532028664245,1.0
POS100836,douglas_fir,13.0,491972.342357347,4880757.74406065,0.0,0.0,0.4,0.14610235570330946,1.0
POS103435,maple,51.0,490253.89606365626,4882117.200161177,0.0,0.0,0.6,0.2336042026483058,1.0
POS103436,douglas_fir,41.0,490323.02756981226,4882116.947499083,0.0,0.0,0.4,0.23834250590365896,1.0
POS103437,douglas_fir,40.0,490397.3179364317,4882116.716566002,0.0,0.0,0.4,0.20765371513662803,1.0
POS103619,maple,2.0,492208.20313923777,4882336.699702725,0.0,0.0,0.6,0.15095408231398294,1.0
POS105290,oak,27.0,491137.37167669216,4881571.898649501,0.0,0.0,0.8,0.15368230235930555,1.0
POS105291,oak,27.0,491137.7005752141,4881580.240850466,0.0,0.0,0.8,0.16498501174659214,1.0
POS105292,douglas_fir,18.0,491140.6069974259,4881597.267952489,0.0,0.0,0.4,0.17543182870944285,1.0
POS126116,oak,51.0,491353.71293703833,4881555.0375719555,0.0,0.0,0.8,0.18331821354985484,1.0
POS128086,oak,30.0,490234.0189755718,4882267.063684085,0.0,0.0,0.8,0.23599894622598078,1.0
POS128087,oak,20.0,490241.2490040006,4882260.106146174,0.0,0.0,0.8,0.25146375183323705,1.0
POS128088,pine,12.0,490469.46486011706,4882548.273214739,0.0,0.0,0.0,0.16955305640596785,1.0
POS130001,maple,1.0,490690.1843103267,4880692.585521099,0.0,0.0,0.6,0.32426896372619063,1.0
POS130011,maple,1.0,490679.8023349055,4880687.756441623,0.0,0.0,0.6,0.25426576674175083,1.0
POS130015,oak,25.0,491089.7494665678,4881256.059502131,0.0,0.0,0.8,0.159697645435172,1.0
POS130016,oak,22.0,491083.49379227357,4881239.862572463,0.0,0.0,0.8,0.1607254400328944,1.0
POS130017,oak,23.0,491095.86281931447,4881271.34206346,0.0,0.0,0.8,0.14867355572442775,1.0
POS130018,oak,14.0,491109.0150753717,4881302.10390501,0.0,0.0,0.8,0.11608235612869634,1.0
POS130030,maple,10.0,490588.59986327763,4880922.549963363,0.0,0.0,0.6,0.28585326233332464,1.0
POS130032,pine,1.0,490730.6197013844,4880629.579000591,0.0,0.0,0.0,0.33000000000000007,1.0
POS130034,pine,2.0,490728.0923903184,4880638.556218364,0.0,0.0,0.0,0.33000000000000007,1.0
POS130037,oak,1.0,490726.2606435876,4880641.874348231,0.0,0.0,0.8,0.33000000000000007,1.0
POS130043,maple,1.0,490681.0553489041,4880714.342085122,0.0,0.0,0.6,0.2731541074483461,1.0
POS130050,maple,1.0,490546.11124688794,4881003.938037197,0.0,0.0,0.6,0.24164893034056725,1.0
POS130076,maple,1.0,490678.9334558728,4880704.838240615,0.0,0.0,0.6,0.2929737729090236,1.0
POS130078,maple,1.0,490683.5665887886,4880706.791624466,0.0,0.0,0.6,0.2731541074483461,1.0
POS130093,maple,1.0,490598.70697193797,4880933.22617781,0.0,0.0,0.6,0.26453606769627946,1.0
POS130098,oak,1.0,490710.23848689237,4880688.674867488,0.0,0.0,0.8,0.24781384553444288,1.0
POS130099,oak,1.0,490704.87677109626,4880710.6441373015,0.0,0.0,0.8,0.30212690331985625,1.0
POS130100,oak,1.0,490709.04631142784,4880692.376589032,0.0,0.0,0.8,0.24781384553444288,1.0
POS130109,maple,1.0,490562.6301021505,4881024.320881486,0.0,0.0,0.6,0.2507999327964263,1.0
POS130112,pine,1.0,490554.2051430789,4881019.385796675,0.0,0.0,0.0,0.26416917733459744,1.0
POS130114,maple,1.0,490588.1358020782,4880935.834239078,0.0,0.0,0.6,0.28103491398492164,1.0
POS130116,maple,1.0,490578.77178331616,4880943.968450741,0.0,0.0,0.6,0.3567348148329362,1.0
POS130117,maple,1.0,490584.2792342564,4880946.458131215,0.0,0.0,0.6,0.2491458534937293,1.0
POS130119,maple,1.0,490544.31919881,4881012.629078453,0.0,0.0,0.6,0.2867180139395135,1.0
POS130120,maple,1.0,490586.36707797437,4880932.964597987,0.0,0.0,0.6,0.28070080974504175,1.0
POS130122,maple,1.0,490703.7768096745,4880661.745206177,0.0,0.0,0.6,0.2594910749970787,1.0
POS130123,oak,1.0,490722.99109214963,4880655.601538119,0.0,0.0,0.8,0.23922682769172413,1.0
POS130124,oak,1.0,490720.4042906732,4880661.6893086005,0.0,0.0,0.8,0.2394766327656904,1.0
POS130125,oak,1.0,490702.7640446986,4880713.3312677,0.0,0.0,0.8,0.30212690331985625,1.0
POS130135,oak,1.0,490446.63571253896,4881364.873816706,0.0,0.0,0.8,0.28414168997376965,1.0
POS130136,oak,1.0,490446.1290939779,4881367.877170866,0.0,0.0,0.8,0.28414168997376965,1.0
POS130146,maple,1.0,490439.29591650463,4881467.621191885,0.0,0.0,0.6,0.2563726947645618,1.0
POS130147,pine,1.0,490446.4979585951,4881381.982601923,0.0,0.0,0.0,0.27007754566449765,1.0
POS130148,pine,1.0,490446.07685905526,4881359.542619684,0.0,0.0,0.0,0.2858252697745536,1.0
POS130170,pine,1.0,490560.64918676286,4881020.978198893,0.0,0.0,0.0,0.26416917733459744,1.0
POS130172,maple,1.0,490598.9185535412,4880924.9483902715,0.0,0.0,0.6,0.26453606769627946,1.0
POS130174,maple,1.0,490568.2935052358,4880976.534006579,0.0,0.0,0.6,0.2525895276201743,1.0
POS130176,maple,1.0,490570.3174934408,4880995.027139144,0.0,0.0,0.6,0.264802687901065,1.0
POS130178,maple,1.0,490561.42913656344,4880993.667813836,0.0,0.0,0.6,0.2475482032704035,1.0
POS130180,maple,1.0,490562.9270679229,4880980.49258909,0.0,0.0,0.6,0.2525895276201743,1.0
POS130181,maple,1.0,490566.9176768307,4880974.006696544,0.0,0.0,0.6,0.2814635037121562,1.0
POS130183,maple,1.0,490560.3468205312,4881001.175202322,0.0,0.0,0.6,0.3355386132662439,1.0
POS130184,maple,1.0,490563.66696999106,4880976.564970206,0.0,0.0,0.6,0.2525895276201743,1.0
POS130185,maple,1.0,490565.6737545919,4880979.8316232,0.0,0.0,0.6,0.2525895276201743,1.0
POS130186,maple,1.0,490552.1970758312,4880985.739075985,0.0,0.0,0.6,0.33324538202004506,1.0
POS130189,maple,1.0,490665.17885633884,4880746.132274581,0.0,0.0,0.6,0.26226030986912907,1.0
POS130190,maple,1.0,490666.751643557,4880740.164753526,0.0,0.0,0.6,0.3582433876363459,1.0
POS130197,maple,1.0,490673.27866642206,4880732.269600701,0.0,0.0,0.6,0.31924510697803743,1.0
POS130199,maple,1.0,490674.0294885644,4880723.518386351,0.0,0.0,0.6,0.25815553065218866,1.0
POS130203,pine,1.0,490447.10178979323,4881386.097912529,0.0,0.0,0.0,0.24850052435719266,1.0
POS130218,maple,1.0,490475.6390121048,4881333.963532763,0.0,0.0,0.6,0.2304290160071356,1.0
POS130219,maple,1.0,490475.2183415567,4881337.51836421,0.0,0.0,0.6,0.06589697856572192,1.0
POS130222,maple,1.0,490471.74371339526,4881364.97033189,0.0,0.0,0.6,0.10094367163872786,1.0
POS130223,maple,1.0,490469.98336367373,4881366.47554549,0.0,0.0,0.6,0.2729303448690895,1.0
POS130309,dogwood,14.0,490960.77835928387,4881259.525062104,0.0,0.0,0.0,0.2244102794299324,1.0
POS130315,dogwood,8.0,490899.89566510567,4881290.154228086,0.0,0.0,0.0,0.17090041932092692,1.0
POS130320,dogwood,5.0,490864.98972170736,4881307.865060827,0.0,0.0,0.0,0.16979504622084052,1.0
POS130852,maple,1.0,490243.2474101126,4880906.075468861,0.0,0.0,0.6,0.36296425423983425,1.0
POS130855,maple,1.0,490237.307954245,4880926.15955212,0.0,0.0,0.6,0.2982352319299716,1.0
POS130856,maple,1.0,490235.8600101099,4880930.869066752,0.0,0.0,0.6,0.2982352319299716,1.0
POS131916,maple,1.0,490245.38302177086,4880898.776707657,0.0,0.0,0.6,0.3621403835574032,1.0
POS134742,maple,1.0,490393.9814119922,4881583.448842673,0.0,0.0,0.6,0.2336120998489749,1.0
POS134743,maple,1.0,490400.7097880638,4881584.885919136,0.0,0.0,0.6,0.23420682116426053,1.0
POS134745,maple,1.0,490397.7093827952,4881584.934101813,0.0,0.0,0.6,0.23420682116426053,1.0
POS134746,maple,1.0,490392.33668020804,4881584.279890162,0.0,0.0,0.6,0.2336120998489749,1.0
POS134747,maple,1.0,490371.31470058253,4881580.485905422,0.0,0.0,0.6,0.26374081540570815,1.0
POS134748,maple,1.0,490371.5588104459,4881583.894465501,0.0,0.0,0.6,0.26374081540570815,1.0
POS134749,maple,1.0,490367.55793905293,4881581.088434683,0.0,0.0,0.6,0.24826046531700535,1.0
POS134750,maple,1.0,490463.1614435519,4881414.219209738,0.0,0.0,0.6,0.24003800718945664,1.0
POS134751,maple,1.0,490463.3807543294,4881411.292985715,0.0,0.0,0.6,0.24003800718945664,1.0
POS134752,maple,1.0,490463.5642905418,4881408.184890138,0.0,0.0,0.6,0.24003800718945664,1.0
POS134754,pine,1.0,490706.28780377744,4880696.486987014,0.0,0.0,0.0,0.24477501866897766,1.0
POS134765,maple,1.0,490509.5598815813,4881131.954950377,0.0,0.0,0.6,0.23478994971764872,1.0
POS134768,maple,1.0,490518.295616663,4881120.260010739,0.0,0.0,0.6,0.2713081524358555,1.0
POS134911,oak,1.0,490707.86887910456,4880699.079924753,0.0,0.0,0.8,0.24477501866897766,1.0
POS146364,maple,14.0,491169.75332485116,4882396.8275144445,0.0,0.0,0.6,0.130358455775837,1.0
POS151201,oak,2.0,491100.55806688603,4882599.161196302,0.0,0.0,0.8,0.2366666666666667,1.0
POS151204,oak,2.0,491088.0144413961,4882601.057369154,0.0,0.0,0.8,0.22666666666666668,1.0
POS158033,maple,6.0,491325.20744480455,4882195.995832319,0.0,0.0,0.6,0.19085139797430833,1.0
POS160583,green_ash,13.0,490252.85057407134,4880759.918200675,0.0,0.0,0.0,0.2916600347699678,1.0
POS160748,maple,17.0,491201.92594898713,4880744.939626372,0.0,0.0,0.6,0.05278542707849648,1.0
