tree_id,species,dbh_in,x,y,is_initial_case,infected_at_step,risk_at_infection,infected
SITE001,PsMe,,493418.4544217165,4871862.438773392,True,0,,True
POS42643,pine,11.0,493479.4705182208,4871907.961436563,False,1,0.08268535895676082,True
POS42649,douglas_fir,8.0,493452.9814836343,4871874.917288702,False,1,0.11219684767924622,True
POS72483,douglas_fir,4.0,493430.8745140889,4871869.065560174,False,1,0.21344708505567897,True
POS72492,douglas_fir,8.0,493447.89603428467,4871823.2660584785,False,1,0.08856724734664205,True
POS72493,douglas_fir,14.0,493449.8096638025,4871827.577066159,False,1,0.21380586255200335,True
POS39351,dogwood,1.0,494305.5213463601,4872388.480176955,False,,,False
POS39352,dogwood,1.0,494305.97549703013,4872399.157305182,False,,,False
POS39362,pine,1.0,494327.65134699293,4872412.914952852,False,,,False
POS39363,pine,1.0,494325.53199957625,4872416.471656331,False,,,False
POS39772,maple,2.0,493768.88898211013,4871624.133662925,False,,,False
POS39773,oregon_ash,9.0,493780.4149314005,4871615.970876008,False,,,False
POS39774,oregon_ash,10.0,493783.7344538595,4871613.8978509065,False,,,False
POS40115,maple,1.0,492783.98722578125,4872729.149282392,False,,,False
POS40116,maple,1.0,492779.0973505312,4872725.384891962,False,,,False
POS40342,oregon_ash,8.0,493786.8132706831,4871611.817941681,False,,,False
POS40343,oregon_ash,9.0,493789.42759502266,4871609.120541219,False,,,False
POS40990,oak,2.0,494286.18270557415,4872456.679817476,False,,,False
POS40991,oak,2.0,494298.44894360297,4872456.264496709,False,,,False
POS40993,pine,1.0,494326.25713993586,4872417.955664649,False,,,False
POS40996,pine,1.0,494322.6749571564,4872418.65338161,False,,,False
POS41000,oak,5.0,494305.8233105949,4872441.644745218,False,,,False
POS41001,oak,6.0,494311.89284106216,4872444.909440841,False,,,False
POS41003,oak,7.0,494323.6329445426,4872445.452760188,False,,,False
POS41010,oak,3.0,494267.34575973265,4872388.577094719,False,,,False
POS41011,oak,2.0,494280.3899863303,4872396.847978581,False,,,False
POS41012,oak,2.0,494280.5167431627,4872387.424543664,False,,,False
POS41013,oak,3.0,494286.7320613457,4872391.473925367,False,,,False
POS41014,oak,2.0,494293.45931061776,4872388.738185162,False,,,False
POS42283,oak,1.0,493320.64338886767,4872783.173703664,False,,,False
POS42288,sycamore,16.0,493236.6819763039,4872784.988373175,False,,,False
POS42289,oak,21.0,493223.15560603805,4872785.269211557,False,,,False
POS42290,sycamore,11.0,493211.6031307469,4872785.352049536,False,,,False
POS42291,oak,120.0,493196.70411979087,4872785.762930107,False,,,False
POS42292,sycamore,13.0,493174.01393829053,4872786.369205071,False,,,False
POS42293,sycamore,14.0,493161.7520318421,4872787.286408924,False,,,False
POS42294,sycamore,13.0,493116.70809384057,4872787.962480358,False,,,False
POS42301,maple,22.0,493190.1428985522,4872802.253538943,False,,,False
POS42302,maple,8.0,493202.6628492147,4872801.435741156,False,,,False
POS42303,maple,5.0,493214.17940237274,4872801.614942287,False,,,False
POS42334,maple,9.0,493913.64596253156,4872240.539250329,False,,,False
POS42335,maple,2.0,493893.1375703271,4872240.390969162,False,,,False
POS42336,maple,6.0,493887.47788281937,4872240.3150521265,False,,,False
POS42337,maple,2.0,493880.4189787935,4872240.475486091,False,,,False
POS42339,maple,8.0,493870.21247119975,4872240.356567431,False,,,False
POS42340,maple,14.0,493860.2748968053,4872240.816601221,False,,,False
POS42341,maple,16.0,493854.2131251433,4872240.635679729,False,,,False
POS42342,maple,15.0,493847.0888027791,4872240.340941461,False,,,False
POS42343,maple,4.0,493829.32293922803,4872240.292424022,False,,,False
POS42344,maple,5.0,493823.6232143426,4872240.219967098,False,,,False
POS42345,maple,6.0,493817.3378011337,4872240.09852019,False,,,False
POS42373,dogwood,3.0,493786.1279872466,4871594.014266636,False,,,False
POS42380,maple,1.0,493101.34946535615,4872859.776551886,False,,,False
POS42398,maple,10.0,493955.1427954141,4871955.6835912755,False,,,False
POS42399,maple,9.0,493951.57000431814,4871960.331871549,False,,,False
POS42400,maple,6.0,493949.0685755012,4871964.483804309,False,,,False
POS42404,oregon_ash,10.0,493938.1854671117,4872008.213922259,False,,,False
POS42405,oregon_ash,9.0,493938.84187448554,4872018.331842733,False,,,False
POS42416,maple,8.0,493999.0270516204,4872326.94922307,False,,,False
POS42417,maple,8.0,493999.1737059551,4872334.747847285,False,,,False
POS42418,maple,6.0,493999.23644371686,4872341.9337395765,False,,,False
POS42419,maple,1.0,493998.193106837,4872371.046895577,False,,,False
POS42420,maple,1.0,493997.82713199,4872378.008082236,False,,,False
POS42421,maple,1.0,493997.12718851387,4872385.544026919,False,,,False
POS42422,maple,1.0,493996.4241943449,4872393.182184957,False,,,False
POS42428,oak,17.0,493976.2714335071,4872604.0992315775,False,,,False
POS42436,green_ash,6.0,493963.1808215729,4872739.010041525,False,,,False
POS42444,dogwood,4.0,493182.8552867969,4872356.566628142,False,,,False
POS42445,dogwood,2.0,493177.69144588633,4872360.179182476,False,,,False
POS42446,dogwood,2.0,493172.8549644943,4872363.900811222,False,,,False
POS42448,douglas_fir,21.0,493155.0952036677,4872378.609955023,False,,,False
POS42449,douglas_fir,13.0,493145.8988480492,4872387.642006969,False,,,False
POS42452,oak,2.0,494291.31469389616,4872400.971719693,False,,,False
POS42456,oak,25.0,493987.68675987236,4872004.465585895,False,,,False
POS42457,maple,9.0,493988.47594240087,4872011.165242595,False,,,False
POS42458,pine,4.0,493989.5887303906,4872015.325442376,False,,,False
POS42459,pine,6.0,493990.45987126784,4872018.223672981,False,,,False
POS42467,maple,5.0,494102.54805213335,4872184.563085759,False,,,False
POS42468,douglas_fir,22.0,494141.76185409265,4872333.454497664,False,,,False
POS42469,douglas_fir,20.0,494132.990465052,4872328.056669921,False,,,False
POS42470,oak,16.0,493509.0212015869,4871923.611464554,False,,,False
POS42471,oak,15.0,493511.74221304606,4871931.050509446,False,,,False
POS42472,oak,14.0,493513.6770560202,4871940.182768645,False,,,False
POS42473,oak,15.0,493522.51138455526,4871952.341674964,False,,,False
POS42474,oak,15.0,493529.3068622994,4871954.751890306,False,,,False
POS42477,douglas_fir,12.0,493594.3490267275,4871944.920582508,False,,,False
POS42478,pine,15.0,493642.31729960704,4871944.267439405,False,,,False
POS42479,oak,12.0,493619.2997010175,4871963.56926811,False,,,False
POS42480,douglas_fir,4.0,493615.4010541864,4871962.717176479,False,,,False
POS42481,pine,12.0,493593.4149441774,4871963.900367649,False,,,False
POS42482,maple,12.0,493571.1013609266,4871963.725125018,False,,,False
POS42483,douglas_fir,18.0,493564.41741506377,4871961.685954531,False,,,False
POS42484,oak,10.0,493551.2547640815,4871967.179573807,False,,,False
POS42485,douglas_fir,18.0,493540.85306967574,4871970.547795659,False,,,False
POS42486,oak,10.0,493504.29227928724,4871958.787733119,False,,,False
POS42487,douglas_fir,1.0,493485.6874932976,4871965.8357089935,False,,,False
POS42488,oak,8.0,493494.0680364439,4871943.889621981,False,,,False
POS42489,pine,14.0,493356.83930843347,4872242.8119586585,False,,,False
POS42490,pine,16.0,493363.9057224184,4872240.694352635,False,,,False
POS42491,pine,6.0,493369.36418821954,4872237.285901531,False,,,False
POS42493,pine,3.0,493386.7808985941,4872222.092502599,False,,,False
POS42495,pine,13.0,493438.6358441334,4872222.65808429,False,,,False
POS42496,pine,9.0,493443.49268176145,4872227.445646409,False,,,False
POS42497,oak,12.0,493462.7335196064,4872240.876272455,False,,,False
POS42498,douglas_fir,9.0,493468.1200812416,4872245.858152447,False,,,False
POS42499,oak,16.0,493480.95296322455,4872255.615274847,False,,,False
POS42500,pine,6.0,493484.80613463017,4872264.122849922,False,,,False
POS42503,douglas_fir,25.0,493517.6909737674,4872394.738992184,False,,,False
POS42504,douglas_fir,20.0,493551.7604312431,4872419.8612835845,False,,,False
POS42505,maple,7.0,493611.7515391152,4872467.898905584,False,,,False
POS42508,pine,16.0,493634.2185372141,4872561.688459484,False,,,False
POS42510,pine,15.0,493664.81819827127,4872529.568174624,False,,,False
POS42512,dogwood,4.0,493668.56710069295,4872499.682039761,False,,,False
POS42515,western_hemlock,16.0,493503.8787630411,4872317.06202055,False,,,False
POS42516,maple,6.0,493511.80471171386,4872318.9419476725,False,,,False
POS42517,douglas_fir,20.0,493574.2184659408,4872320.474207033,False,,,False
POS42518,douglas_fir,20.0,493579.82689294603,4872320.806701539,False,,,False
POS42519,oak,17.0,493607.65666840173,4872321.2243818985,False,,,False
POS42520,douglas_fir,1.0,493624.517666493,4872230.485633398,False,,,False
POS42521,oak,5.0,493624.6114829854,4872167.47180614,False,,,False
POS42522,douglas_fir,5.0,493624.6736479305,4872145.435470585,False,,,False
POS42523,douglas_fir,16.0,493625.3111668205,4872072.192695707,False,,,False
POS42524,douglas_fir,12.0,493625.7906124027,4872064.106639281,False,,,False
POS42525,oak,5.0,493625.3339518718,4872043.484378381,False,,,False
POS42526,oak,11.0,493600.41467631597,4872032.257769042,False,,,False
POS42527,douglas_fir,5.0,493576.8827009766,4872018.677657282,False,,,False
POS42528,douglas_fir,5.0,493579.9721711277,4872018.478951508,False,,,False
POS42529,douglas_fir,16.0,493640.3157580552,4871996.5199761195,False,,,False
POS42530,douglas_fir,18.0,493640.96621628106,4872014.646310001,False,,,False
POS42531,oak,12.0,493640.40526894014,4872113.2649238845,False,,,False
POS42538,maple,6.0,493607.89351357555,4872108.958934511,False,,,False
POS42539,douglas_fir,5.0,493478.476016312,4872126.53905741,False,,,False
POS42540,maple,17.0,493501.2710718523,4872161.050709293,False,,,False
POS42541,oak,15.0,493521.6924383745,4872179.29048799,False,,,False
POS42542,pine,16.0,493565.7293850294,4872164.642179623,False,,,False
POS42543,douglas_fir,20.0,493562.1871179044,4872163.58361555,False,,,False
POS42544,douglas_fir,23.0,493548.08805450186,4872200.925116177,False,,,False
POS42545,douglas_fir,23.0,493549.35989493586,4872209.922376919,False,,,False
POS42546,maple,9.0,493556.53992067126,4872218.118127036,False,,,False
POS42547,maple,5.0,493601.3753377006,4872261.31194406,False,,,False
POS42549,douglas_fir,20.0,493573.74082107825,4872254.3618990285,False,,,False
POS42551,maple,15.0,493553.08557434956,4872234.3487618575,False,,,False
POS42552,douglas_fir,11.0,493537.7528241666,4872216.350760836,False,,,False
POS42642,oak,10.0,493459.91704152257,4871875.6162059475,False,,,False
POS42644,oak,12.0,493489.76663061825,4871925.554716179,False,,,False
POS42645,oak,6.0,493492.69657018816,4871930.982704729,False,,,False
POS42646,douglas_fir,13.0,493368.37696921866,4872218.678205067,False,,,False
POS42647,pine,23.0,493390.32955748786,4872194.177255936,False,,,False
POS42648,douglas_fir,12.0,493380.23761508253,4872000.214221011,False,,,False
POS42650,oak,16.0,493445.5541320729,4871878.911808573,False,,,False
POS42651,oak,12.0,493390.48394838156,4872085.405166234,False,,,False
POS42652,oak,12.0,493390.4462349714,4872086.668797768,False,,,False
POS42654,maple,3.0,493443.2223750664,4872204.25823956,False,,,False
POS42656,douglas_fir,18.0,493502.01415082335,4872310.99480212,False,,,False
POS42660,douglas_fir,13.0,493585.6554011655,4872336.188235039,False,,,False
POS42661,douglas_fir,13.0,493589.44659316464,4872336.301385706,False,,,False
POS42663,maple,33.0,493620.8257896087,4872372.653296356,False,,,False
POS42664,pine,33.0,493635.9094123864,4872333.3310082685,False,,,False
POS42668,maple,4.0,493637.9388940608,4872279.565878197,False,,,False
POS42669,pine,4.0,493637.83394467644,4872273.660082135,False,,,False
POS42670,douglas_fir,5.0,493638.28227571957,4872192.7234375235,False,,,False
POS42671,douglas_fir,20.0,493624.9110052511,4872094.509860318,False,,,False
POS42672,douglas_fir,18.0,493620.12008026015,4872094.928996731,False,,,False
POS42673,oak,12.0,493445.6894669191,4872062.739794521,False,,,False
POS42674,oak,15.0,493448.032243047,4872068.993295016,False,,,False
POS42675,maple,30.0,493446.5047680076,4872096.633856936,False,,,False
POS42679,maple,5.0,493752.12778648036,4872134.518795959,False,,,False
POS42680,pine,6.0,493751.4500487226,4872258.859246925,False,,,False
POS42682,pine,14.0,493749.5188186938,4872454.22530208,False,,,False
POS42686,maple,1.0,493847.5075339212,4872386.881271567,False,,,False
POS42696,douglas_fir,20.0,493882.26955892326,4872753.130853845,False,,,False
POS42697,oak,15.0,493879.6060154715,4872753.051356978,False,,,False
POS42698,pine,24.0,493851.330606534,4872752.6518615205,False,,,False
POS42699,oak,16.0,493717.3572485092,4872820.185696873,False,,,False
POS42700,oak,10.0,493711.1427141723,4872820.000218591,False,,,False
POS42701,oak,24.0,493698.13901304477,4872819.019686169,False,,,False
POS42703,pine,15.0,493697.7944596913,4872751.179451649,False,,,False
POS42704,pine,14.0,493703.3507897252,4872743.64414941,False,,,False
POS42705,pine,22.0,493706.7475548174,4872739.006222174,False,,,False
POS42706,maple,4.0,493720.47756868607,4872720.607086092,False,,,False
POS42707,oak,27.0,493149.8175438397,4872131.017864156,False,,,False
POS42711,douglas_fir,21.0,493035.4668444159,4872131.924111757,False,,,False
POS42713,douglas_fir,19.0,493031.42249254894,4872103.450831366,False,,,False
POS42714,douglas_fir,11.0,493030.8306553916,4872061.072853965,False,,,False
POS42715,pine,5.0,493035.24991975055,4872048.716079275,False,,,False
POS42716,pine,2.0,493174.6399810243,4872054.732405097,False,,,False
POS42717,oak,3.0,493182.386253507,4872055.30130615,False,,,False
POS42718,oak,2.0,493184.7469576851,4872055.371760866,False,,,False
POS42719,maple,5.0,493223.4049134848,4871964.547831179,False,,,False
POS42721,maple,7.0,493120.43305876624,4871954.048821448,False,,,False
POS42722,douglas_fir,10.0,493113.3512442082,4871953.837467152,False,,,False
POS42723,douglas_fir,14.0,493094.56213509804,4871966.917633471,False,,,False
POS42725,maple,5.0,493157.299909077,4871968.481707695,False,,,False
POS42726,douglas_fir,18.0,493125.2168108466,4872291.386394783,False,,,False
POS42728,pine,13.0,493047.6356655248,4872227.471363577,False,,,False
POS42729,western_hemlock,13.0,493039.6959383759,4871871.475302781,False,,,False
POS42730,maple,14.0,493047.77932958596,4871872.05426297,False,,,False
POS42733,douglas_fir,4.0,493059.82597217907,4871779.423632392,False,,,False
POS42734,douglas_fir,7.0,493044.98770710616,4871778.980791265,False,,,False
POS42735,douglas_fir,3.0,493034.5234773969,4871779.005906977,False,,,False
POS42736,douglas_fir,12.0,493068.84299077286,4871765.684998431,False,,,False
POS42739,maple,14.0,494307.58949464984,4872469.54779256,False,,,False
POS42743,oak,7.0,493753.2041033039,4871952.883206384,False,,,False
POS42744,oak,13.0,493754.77562679263,4871929.007923063,False,,,False
POS42745,dogwood,1.0,493753.7088519544,4871919.529754306,False,,,False
POS42746,dogwood,2.0,493753.9686003428,4871902.607636212,False,,,False
POS42749,dogwood,13.0,493754.714897393,4871861.164420188,False,,,False
POS42750,maple,2.0,493754.782540009,4871846.567572665,False,,,False
POS42751,pine,9.0,493753.9425801091,4871829.489924101,False,,,False
POS42752,pine,9.0,493753.6279829693,4871823.5921654375,False,,,False
POS42753,oak,10.0,493771.67641318386,4871736.782939944,False,,,False
POS42755,oak,3.0,493737.9212624318,4871767.706343746,False,,,False
POS42757,oak,3.0,493737.6342386373,4871868.367680873,False,,,False
POS42761,douglas_fir,4.0,493172.5148226454,4872142.650051704,False,,,False
POS42762,douglas_fir,10.0,493188.83241833735,4872141.193759022,False,,,False
POS42763,douglas_fir,20.0,493201.252608265,4872140.107071465,False,,,False
POS42764,douglas_fir,20.0,493141.7178106575,4872145.009871411,False,,,False
POS42765,maple,4.0,493029.4687469119,4872146.032145773,False,,,False
POS42766,maple,5.0,493018.5479815296,4872145.706222013,False,,,False
POS42767,pine,10.0,493015.7401186145,4872036.318485375,False,,,False
POS42768,douglas_fir,25.0,493029.87296271167,4871920.877908313,False,,,False
POS42769,maple,4.0,493032.0994181861,4871996.850107529,False,,,False
POS42772,douglas_fir,25.0,493174.3608985671,4872037.662303726,False,,,False
POS42773,pine,5.0,493207.3626990649,4872041.18715111,False,,,False
POS42774,douglas_fir,37.0,493218.949997623,4872084.282805435,False,,,False
POS42775,douglas_fir,25.0,493218.5353642822,4872094.107874992,False,,,False
POS42776,douglas_fir,25.0,493218.611371696,4872099.696895601,False,,,False
POS42778,pine,11.0,493181.9096493527,4872263.286241867,False,,,False
POS42779,dogwood,2.0,493173.58055309916,4872269.717261098,False,,,False
POS42780,maple,2.0,493158.0346364996,4872286.0130473655,False,,,False
POS42781,douglas_fir,25.0,493111.37106017844,4872327.613410323,False,,,False
POS42782,maple,3.0,493113.64946383255,4872324.5238674255,False,,,False
POS42783,douglas_fir,14.0,493044.13436896243,4872362.274399943,False,,,False
POS42785,douglas_fir,20.0,493076.44653408753,4872334.639064018,False,,,False
POS42789,dogwood,4.0,493059.785759635,4872316.331037051,False,,,False
POS42790,douglas_fir,16.0,493111.8760566722,4872301.708924447,False,,,False
POS42791,douglas_fir,11.0,493041.3469515628,4872209.773194602,False,,,False
POS42792,douglas_fir,14.0,493065.7689752799,4871885.899163049,False,,,False
POS42795,maple,4.0,493130.9014804878,4871875.614359894,False,,,False
POS42796,douglas_fir,14.0,493124.01605884917,4871874.740036077,False,,,False
POS42797,douglas_fir,18.0,493123.47725791385,4871847.969433327,False,,,False
POS42798,pine,3.0,493122.646137557,4871845.938237058,False,,,False
POS42799,douglas_fir,12.0,493120.37177960324,4871832.493147683,False,,,False
POS42800,pine,2.0,493115.5127175032,4871819.751253972,False,,,False
POS42801,maple,4.0,493113.5726818797,4871813.784983684,False,,,False
POS42802,maple,10.0,493109.9553967743,4871800.523024365,False,,,False
POS42803,douglas_fir,20.0,493105.54850444617,4871787.571714433,False,,,False
POS42809,sycamore,10.0,494414.30527017807,4872521.686343935,False,,,False
POS42812,maple,6.0,494376.6033095607,4872485.383483031,False,,,False
POS42813,maple,9.0,494382.6727332361,4872470.9073927095,False,,,False
POS42814,maple,11.0,494389.6502980132,4872471.34106546,False,,,False
POS42820,douglas_fir,10.0,494066.60507437214,4872520.75730165,False,,,False
POS42822,maple,4.0,494124.93047362304,4872531.484924952,False,,,False
POS42823,maple,8.0,494141.1386929246,4872534.748212454,False,,,False
POS42824,maple,10.0,494180.6637644462,4872542.135189065,False,,,False
POS42825,maple,5.0,494188.9088285104,4872539.045932756,False,,,False
POS42827,dogwood,4.0,494208.5130127839,4872496.82817297,False,,,False
POS42828,maple,4.0,494202.8541756211,4872525.009323468,False,,,False
POS42829,maple,6.0,494202.6497292397,4872531.859123405,False,,,False
POS42830,maple,5.0,494202.60289909254,4872539.640068409,False,,,False
POS42831,maple,7.0,494210.5164311544,4872547.658506708,False,,,False
POS42834,douglas_fir,22.0,494331.5545928795,4872571.097630343,False,,,False
POS42848,maple,8.0,494067.86210898275,4871721.252935353,False,,,False
POS42850,maple,17.0,494080.6292071863,4871647.402278221,False,,,False
POS42851,douglas_fir,27.0,494090.6931871298,4871595.7491593575,False,,,False
POS42852,maple,12.0,494103.3207507871,4871582.41451985,False,,,False
POS42853,maple,4.0,494138.24428045383,4871747.071116639,False,,,False
POS42854,douglas_fir,12.0,494139.6228108586,4871669.844911405,False,,,False
POS42855,douglas_fir,4.0,494138.6335090794,4871665.738995997,False,,,False
POS42856,douglas_fir,12.0,494139.6394099559,4871656.874909531,False,,,False
POS42857,douglas_fir,5.0,494138.6723150052,4871652.028322653,False,,,False
POS42859,douglas_fir,24.0,494139.96239440487,4871602.593345325,False,,,False
POS42863,maple,3.0,493896.6490919818,4872850.919159938,False,,,False
POS42864,maple,4.0,493897.4140792437,4872846.5078997975,False,,,False
POS42875,maple,12.0,493922.20869383094,4872588.802449005,False,,,False
POS42876,sycamore,12.0,493924.80392253376,4872561.581406875,False,,,False
POS42877,sycamore,9.0,493925.52926316217,4872552.551157279,False,,,False
POS42878,sycamore,8.0,493927.17244380165,4872539.225411309,False,,,False
POS42880,sycamore,6.0,493928.4362721514,4872521.632154974,False,,,False
POS42884,oregon_ash,11.0,493941.0877712006,4872374.533100455,False,,,False
POS42886,maple,6.0,493906.6363223671,4872136.573282523,False,,,False
POS42887,maple,12.0,493906.248700906,4872133.433872689,False,,,False
POS42888,maple,11.0,493905.83996011066,4872131.015464966,False,,,False
POS42889,maple,8.0,493905.4164667043,4872129.077938579,False,,,False
POS42892,pine,14.0,493858.3101394458,4871913.648399605,False,,,False
POS42916,maple,14.0,494062.9018005403,4871869.730386043,False,,,False
POS42918,douglas_fir,5.0,494075.06223928154,4871762.793532598,False,,,False
POS42919,douglas_fir,1.0,494080.805873971,4871731.154903251,False,,,False
POS42920,douglas_fir,23.0,494084.06613723276,4871707.924840649,False,,,False
POS42921,douglas_fir,16.0,494087.8725759499,4871681.3626244385,False,,,False
POS42923,douglas_fir,5.0,494097.55598315963,4871618.701343383,False,,,False
POS42925,douglas_fir,3.0,494130.46094414813,4871570.796798416,False,,,False
POS42926,maple,8.0,494109.8240271531,4871577.882004413,False,,,False
POS42927,sycamore,14.0,494090.61219835357,4871918.101619045,False,,,False
POS42932,maple,4.0,494155.9897437749,4871716.11692138,False,,,False
POS42933,douglas_fir,20.0,494155.25389359257,4871691.671735989,False,,,False
POS42934,douglas_fir,20.0,494155.6000542571,4871688.26271062,False,,,False
POS42935,douglas_fir,18.0,494155.7675697171,4871682.6502520675,False,,,False
POS42937,douglas_fir,5.0,494157.41144751734,4871623.472488248,False,,,False
POS42938,douglas_fir,5.0,494157.51541089336,4871591.358708175,False,,,False
POS42939,douglas_fir,6.0,494157.4188966574,4871574.137131414,False,,,False
POS42940,maple,3.0,494157.59885392775,4871564.006733686,False,,,False
POS42941,douglas_fir,4.0,494157.31479124853,4871557.159838725,False,,,False
POS42944,douglas_fir,13.0,494139.66165518353,4871534.895937389,False,,,False
POS42945,douglas_fir,12.0,494139.5451232268,4871538.800240338,False,,,False
POS42946,douglas_fir,9.0,494139.18096238014,4871551.0011368785,False,,,False
POS42947,douglas_fir,7.0,494139.390464541,4871556.258433035,False,,,False
POS42954,pine,23.0,493678.4863863778,4872761.440358283,False,,,False
POS42955,pine,20.0,493676.27269676316,4872747.001962576,False,,,False
POS42956,oak,14.0,493666.831958318,4872701.188708718,False,,,False
POS42957,pine,13.0,493604.1158783856,4872560.4230081765,False,,,False
POS42958,pine,20.0,493581.4782102683,4872536.866464098,False,,,False
POS42959,douglas_fir,3.0,493529.25905228197,4872498.974850086,False,,,False
POS42960,pine,17.0,493453.2158557439,4872446.4596852185,False,,,False
POS42961,pine,30.0,493442.050462309,4872435.318371288,False,,,False
POS42962,pine,13.0,493397.9139242349,4872380.881145578,False,,,False
POS42963,oak,4.0,493309.8134259093,4872196.0073302025,False,,,False
POS42964,oak,2.0,493311.3752058284,4872197.2534954725,False,,,False
POS42965,oak,10.0,493275.95289669104,4872098.254806923,False,,,False
POS42966,oregon_ash,19.0,493229.5696664435,4871797.249674762,False,,,False
POS42967,pine,13.0,493133.4253034425,4871643.270909464,False,,,False
POS42971,douglas_fir,35.0,493840.2032994443,4871846.589044827,False,,,False
POS42973,douglas_fir,16.0,493855.0745682134,4871904.341110403,False,,,False
POS42974,douglas_fir,16.0,493853.6427104639,4871907.838935834,False,,,False
POS42975,douglas_fir,18.0,493854.32912810874,4871914.497124952,False,,,False
POS43722,douglas_fir,30.0,493575.9262259455,4872786.9257221725,False,,,False
POS43723,oak,5.0,493547.68478748814,4872779.72196437,False,,,False
POS43756,oregon_ash,22.0,493980.71410900424,4872389.824464321,False,,,False
POS43763,maple,8.0,493251.03561921325,4872335.346121191,False,,,False
POS43946,oak,3.0,492714.8577610124,4871510.805101254,False,,,False
POS43952,douglas_fir,10.0,492711.0363403933,4871563.335802278,False,,,False
POS43953,douglas_fir,9.0,492712.32071113767,4871565.275621033,False,,,False
POS43954,pine,10.0,492711.62199635216,4871571.243046625,False,,,False
POS43956,pine,11.0,492711.58906163427,4871585.432021891,False,,,False
POS43957,douglas_fir,5.0,492711.7249326167,4871589.6017699195,False,,,False
POS43959,oak,16.0,492803.6373113605,4871606.925368735,False,,,False
POS43960,maple,7.0,492765.73770554544,4871607.486673017,False,,,False
POS43965,maple,6.0,492731.54398090544,4871662.704701011,False,,,False
POS43968,maple,4.0,492756.262591825,4871676.330594561,False,,,False
POS43969,maple,4.0,492820.4337160064,4871672.257137995,False,,,False
POS43970,maple,4.0,492800.26180408313,4871689.490250328,False,,,False
POS43971,pine,5.0,492784.25804315833,4871684.846642621,False,,,False
POS43972,pine,5.0,492775.66593071877,4871684.850532236,False,,,False
POS43973,pine,3.0,492768.34346364666,4871685.933861236,False,,,False
POS43974,pine,4.0,492763.1017364563,4871687.0793877365,False,,,False
POS43978,oak,1.0,492761.9103662541,4871735.731975792,False,,,False
POS43980,oregon_ash,7.0,492762.78022549127,4871776.374702917,False,,,False
POS43982,sycamore,19.0,492757.88504470745,4871792.806172789,False,,,False
POS43987,maple,5.0,492809.9112907067,4871845.996605761,False,,,False
POS43988,pine,12.0,492734.7207236052,4871490.82893061,False,,,False
POS43989,oak,31.0,492625.02219378325,4871964.802795751,False,,,False
POS43993,oak,13.0,492636.39711670077,4872281.790257494,False,,,False
POS43994,oak,22.0,492629.5896733802,4872289.4317508675,False,,,False
POS43995,pine,4.0,492620.7919159805,4872300.177087904,False,,,False
POS43996,pine,3.0,492618.70887181273,4872302.139113234,False,,,False
POS43998,douglas_fir,12.0,492573.50313986157,4872210.071252462,False,,,False
POS43999,douglas_fir,14.0,492571.39745451143,4872212.791936858,False,,,False
POS44000,douglas_fir,10.0,492568.5409574661,4872215.237103131,False,,,False
POS44001,pine,10.0,492566.0375266474,4872218.578645886,False,,,False
POS44002,douglas_fir,14.0,492552.80559170403,4872233.746559944,False,,,False
POS44003,douglas_fir,33.0,492507.5518167847,4872253.525588278,False,,,False
POS44004,douglas_fir,15.0,492480.431191666,4872221.084802683,False,,,False
POS44005,douglas_fir,14.0,492485.5596595228,4872244.2657864345,False,,,False
POS44006,oak,2.0,492508.375710853,4872429.420929263,False,,,False
POS44007,oak,2.0,492511.9604826222,4872428.00974274,False,,,False
POS44008,oak,3.0,492516.04349146236,4872426.866136461,False,,,False
POS44009,oak,3.0,492520.12628856703,4872425.722923918,False,,,False
POS44023,oak,34.0,492626.47654979327,4872493.441532169,False,,,False
POS44024,oak,22.0,492563.98118836526,4872512.183373181,False,,,False
POS44025,oak,12.0,492560.39630832506,4872513.594855807,False,,,False
POS44027,maple,3.0,492734.53714014817,4871863.404747799,False,,,False
POS44028,maple,11.0,492733.24809168465,4871871.697958608,False,,,False
POS44051,oak,1.0,493008.95515019767,4872742.831231608,False,,,False
POS44052,oak,1.0,493005.45174615213,4872734.030195217,False,,,False
POS44053,oak,9.0,492995.57774709404,4872717.351796952,False,,,False
POS44054,oak,10.0,492988.7554118962,4872707.357361298,False,,,False
POS44055,oak,9.0,492982.0945263087,4872696.9225243535,False,,,False
POS44056,oak,10.0,492974.7321704745,4872685.131893951,False,,,False
POS44057,oak,9.0,492966.64241386927,4872672.874435142,False,,,False
POS44058,oak,9.0,492959.58545637893,4872660.7961056465,False,,,False
POS44059,oak,6.0,492951.765415216,4872649.436534875,False,,,False
POS44060,oak,6.0,492943.52276090987,4872637.322818837,False,,,False
POS44061,oak,4.0,492938.30872322415,4872628.11821287,False,,,False
POS44062,oak,4.0,492930.039535341,4872616.893543709,False,,,False
POS44105,oregon_ash,20.0,492684.2473089004,4872560.815815536,False,,,False
POS44110,sycamore,2.0,492759.05014359904,4872559.688755918,False,,,False
POS44117,sycamore,3.0,492837.35634409165,4872556.148652272,False,,,False
POS44118,sycamore,4.0,492843.0089712495,4872553.281014803,False,,,False
POS44120,maple,4.0,492859.3237361216,4872561.991874408,False,,,False
POS44122,maple,4.0,492851.3655437203,4872565.803249118,False,,,False
POS44123,maple,4.0,492851.527882202,4872568.844827832,False,,,False
POS44124,maple,4.0,492848.5014976303,4872568.501397461,False,,,False
POS44127,maple,3.0,492841.58453199815,4872571.331601978,False,,,False
POS44158,douglas_fir,29.0,492742.3390587333,4872835.844854049,False,,,False
POS44165,oak,5.0,492902.48443538765,4872447.36113522,False,,,False
POS44166,pine,19.0,492906.5381106803,4872446.33256242,False,,,False
POS44167,douglas_fir,19.0,492907.8997155998,4872446.445001461,False,,,False
POS44168,douglas_fir,13.0,492913.97583622584,4872445.045967652,False,,,False
POS44169,douglas_fir,22.0,492928.9508775664,4872441.541709238,False,,,False
POS44170,douglas_fir,10.0,492931.56058875815,4872440.757755577,False,,,False
POS44171,douglas_fir,13.0,492934.7444200757,4872439.990736046,False,,,False
POS44172,pine,18.0,492943.8609055439,4872437.820001486,False,,,False
POS44173,pine,18.0,492947.04442820937,4872437.053272843,False,,,False
POS44177,douglas_fir,9.0,493025.74507170817,4872365.983072157,False,,,False
POS44178,douglas_fir,12.0,493022.0899388802,4872363.287971839,False,,,False
POS44179,douglas_fir,11.0,493014.256978921,4872356.157694924,False,,,False
POS44180,pine,16.0,493006.6767078113,4872350.184210582,False,,,False
POS44181,douglas_fir,16.0,492988.8402340605,4872365.312691216,False,,,False
POS44182,douglas_fir,13.0,492995.7820062499,4872363.79598672,False,,,False
POS44183,douglas_fir,9.0,492998.0444948905,4872365.012760323,False,,,False
POS44198,maple,9.0,492475.01375933754,4871894.810653094,False,,,False
POS44199,maple,7.0,492480.4686505523,4871894.973444498,False,,,False
POS44284,douglas_fir,17.0,494011.624326585,4872112.586892428,False,,,False
POS44285,douglas_fir,21.0,493999.79602784605,4872056.861760048,False,,,False
POS44286,pine,2.0,493996.5643046583,4872042.711369,False,,,False
POS44287,douglas_fir,11.0,493980.68734334386,4871628.211886502,False,,,False
POS44288,douglas_fir,12.0,493988.4332554692,4871594.714018686,False,,,False
POS44289,maple,15.0,494085.0336584649,4872261.640310429,False,,,False
POS44293,douglas_fir,5.0,493352.6012185996,4871765.463735443,False,,,False
POS44295,pine,20.0,493735.1839478386,4872139.379830608,False,,,False
POS44298,pine,3.0,493698.4827509633,4872384.832771134,False,,,False
POS44301,douglas_fir,40.0,493673.72239201446,4872400.522705905,False,,,False
POS44302,maple,5.0,494150.21270233445,4871918.601054627,False,,,False
POS44312,douglas_fir,25.0,493894.4962593715,4872766.4440394705,False,,,False
POS44314,maple,10.0,493811.890792489,4872768.58747954,False,,,False
POS44316,oak,10.0,493811.0037325899,4872807.667004945,False,,,False
POS44317,pine,12.0,493812.69105829054,4872807.752366579,False,,,False
POS44319,douglas_fir,5.0,493817.80071772874,4872805.824479708,False,,,False
POS44325,oak,10.0,493698.9997911977,4872833.989225538,False,,,False
POS44329,pine,15.0,493696.2849340361,4872779.813147574,False,,,False
POS44330,pine,16.0,493703.84420792205,4872771.599093244,False,,,False
POS44331,dogwood,8.0,493714.9205802358,4872755.519462615,False,,,False
POS44332,oak,14.0,493728.63669954485,4872738.956292883,False,,,False
POS44333,pine,17.0,493714.10228782805,4872729.520007344,False,,,False
POS44336,douglas_fir,16.0,494141.70661570906,4872551.310191666,False,,,False
POS44337,oregon_ash,33.0,494161.01928064437,4872554.864646597,False,,,False
POS44340,douglas_fir,31.0,494259.45725639723,4872570.855305862,False,,,False
POS44341,maple,10.0,494288.28390051826,4872576.73292144,False,,,False
POS44342,maple,11.0,494298.22204447,4872579.369550622,False,,,False
POS44343,maple,12.0,494308.20666264603,4872582.090870801,False,,,False
POS44344,maple,13.0,494328.3564880686,4872587.725110064,False,,,False
POS44345,maple,12.0,494334.373129439,4872589.1163440505,False,,,False
POS44346,maple,12.0,494339.37387647113,4872590.197644066,False,,,False
POS44355,maple,8.0,492695.6388486795,4871527.530240808,False,,,False
POS44359,oak,4.0,492696.76376802917,4871586.584953151,False,,,False
POS44360,oak,3.0,492697.8823114323,4871592.97882955,False,,,False
POS44361,oak,2.0,492696.6285646799,4871600.51806415,False,,,False
POS44363,oak,1.0,492699.2732482429,4871624.729908929,False,,,False
POS44366,oak,1.0,492710.2593705825,4871657.796489999,False,,,False
POS44367,oak,1.0,492712.4271535827,4871666.653590957,False,,,False
POS44369,oak,2.0,492726.88643635315,4871689.9085641615,False,,,False
POS44370,oak,2.0,492729.14463722764,4871698.862367276,False,,,False
POS44371,oak,1.0,492738.095688218,4871715.498455187,False,,,False
POS44372,oak,1.0,492739.7764310987,4871724.996150091,False,,,False
POS44373,sycamore,21.0,492744.26668779505,4871734.390482844,False,,,False
POS44374,oak,1.0,492746.81520708307,4871746.158878394,False,,,False
POS44375,oak,1.0,492748.5309038862,4871757.621806103,False,,,False
POS44376,douglas_fir,18.0,492902.8100021711,4871659.980005413,False,,,False
POS44377,douglas_fir,15.0,492914.34324850375,4871659.738279186,False,,,False
POS44379,douglas_fir,23.0,492920.40605285764,4871685.706808942,False,,,False
POS44380,douglas_fir,12.0,492900.04127151007,4871723.291797462,False,,,False
POS44381,douglas_fir,16.0,492901.4323982478,4871738.864629153,False,,,False
POS44382,douglas_fir,16.0,492902.62388993247,4871744.760957785,False,,,False
POS44383,douglas_fir,31.0,493018.44093044364,4871683.449758337,False,,,False
POS44384,pine,30.0,493018.29654880683,4871682.162190173,False,,,False
POS44385,douglas_fir,16.0,493015.6348038228,4871885.667391979,False,,,False
POS44386,oak,12.0,492998.54720741324,4871885.450136058,False,,,False
POS44387,douglas_fir,18.0,492979.2340844244,4871881.259583033,False,,,False
POS44388,douglas_fir,22.0,492964.5701634147,4871865.2910386445,False,,,False
POS44389,douglas_fir,15.0,492905.46030340774,4871764.283801616,False,,,False
POS44390,douglas_fir,10.0,492902.4216974167,4871767.90498735,False,,,False
POS44391,pine,16.0,492904.85031051614,4871827.269286421,False,,,False
POS44392,douglas_fir,16.0,492943.3261458751,4871958.527505807,False,,,False
POS44393,douglas_fir,18.0,492940.0192040285,4872098.795174746,False,,,False
POS44394,pine,9.0,492927.5400398498,4872088.166180611,False,,,False
POS44395,pine,5.0,492928.1343881015,4872081.346409417,False,,,False
POS44396,douglas_fir,16.0,492903.036088435,4871946.971109791,False,,,False
POS44397,pine,7.0,492890.16271223745,4871952.838199339,False,,,False
POS44398,pine,5.0,492886.4994243555,4871961.031849452,False,,,False
POS44399,pine,17.0,492879.76549511345,4871980.464473931,False,,,False
POS44400,douglas_fir,6.0,492873.48196953256,4872014.269691204,False,,,False
POS44401,douglas_fir,11.0,492867.0119356063,4872054.321022907,False,,,False
POS44402,pine,13.0,492861.8090484706,4872084.641726387,False,,,False
POS44405,maple,2.0,492454.2895407169,4871740.154111661,False,,,False
POS44406,maple,3.0,492453.10376470006,4871736.002934825,False,,,False
POS44407,maple,2.0,492452.50093993556,4871731.120420574,False,,,False
POS44414,oak,1.0,492747.9493021927,4871773.973501017,False,,,False
POS44415,oak,1.0,492746.62831274606,4871783.755828634,False,,,False
POS44416,douglas_fir,1.0,492741.5972822049,4871792.49169128,False,,,False
POS44417,maple,2.0,492738.9720944008,4871798.961246076,False,,,False
POS44422,maple,15.0,492718.9661860675,4871858.135131993,False,,,False
POS44423,maple,8.0,492717.7065582961,4871865.861395025,False,,,False
POS44443,maple,10.0,492762.0554976797,4872109.951504895,False,,,False
POS44444,maple,8.0,492762.8728817512,4872112.46285139,False,,,False
POS44445,maple,2.0,492763.7820742645,4872115.318293912,False,,,False
POS44456,oak,13.0,492791.37214909197,4872294.912661222,False,,,False
POS44458,oak,1.0,492805.2177461162,4872286.402068077,False,,,False
POS44459,maple,8.0,492804.12178485806,4872277.643169785,False,,,False
POS44464,maple,33.0,492799.8509995495,4872197.686631876,False,,,False
POS44465,maple,23.0,492799.8979732845,4872193.777057932,False,,,False
POS44466,maple,29.0,492799.80266819627,4872188.465874956,False,,,False
POS44467,maple,8.0,492798.15911862376,4872169.626179573,False,,,False
POS44473,sycamore,6.0,492778.3363889025,4872061.828153117,False,,,False
POS44475,douglas_fir,16.0,492779.66387235466,4872042.740504099,False,,,False
POS44492,oak,1.0,492811.781454625,4872381.356584359,False,,,False
POS44498,douglas_fir,21.0,492807.76167246146,4872316.784443764,False,,,False
POS44499,dogwood,5.0,492791.447469704,4872325.291566732,False,,,False
POS44529,douglas_fir,22.0,492617.6107141443,4872282.070443712,False,,,False
POS44530,douglas_fir,23.0,492556.0237479614,4872344.590058432,False,,,False
POS44531,pine,24.0,492615.5631070236,4872306.295122863,False,,,False
POS44532,douglas_fir,18.0,492471.50883139955,4872126.216470109,False,,,False
POS44533,douglas_fir,8.0,492432.38403025793,4872030.066965004,False,,,False
POS44535,oak,12.0,492503.89519178146,4872087.167373566,False,,,False
POS44538,pine,5.0,492583.6652757935,4872140.116961294,False,,,False
POS44540,pine,19.0,492495.8293046709,4872280.07845716,False,,,False
POS44541,pine,21.0,492493.580218742,4872281.7702161055,False,,,False
POS44543,maple,6.0,492517.9603431071,4872440.408640718,False,,,False
POS44630,oregon_ash,1.0,492614.32741300255,4872483.63654211,False,,,False
POS44631,oregon_ash,1.0,492606.18601634726,4872486.442510302,False,,,False
POS44637,maple,5.0,492544.62219890836,4872504.604527927,False,,,False
POS44638,maple,4.0,492540.29106316174,4872506.100544786,False,,,False
POS44639,maple,4.0,492535.89105750213,4872507.216789665,False,,,False
POS44641,oak,24.0,492555.26294112095,4872514.866222395,False,,,False
POS44646,sycamore,4.0,492638.45747040655,4872580.171600701,False,,,False
POS44647,sycamore,3.0,492644.52960191236,4872578.708441548,False,,,False
POS44648,sycamore,4.0,492649.47891594033,4872578.125513994,False,,,False
POS44649,maple,3.0,492673.1701065443,4872586.139463978,False,,,False
POS44650,maple,3.0,492674.9926115898,4872592.404927626,False,,,False
POS44651,maple,3.0,492677.1581314769,4872599.410960124,False,,,False
POS44666,sycamore,8.0,492812.0508460884,4872856.8968370715,False,,,False
POS44718,maple,1.0,492624.51052473893,4872706.350139188,False,,,False
POS44719,maple,1.0,492622.3064209048,4872699.380358835,False,,,False
POS44774,douglas_fir,13.0,492442.3029190425,4872268.416512438,False,,,False
POS44775,pine,19.0,492482.62434345495,4872396.0724780075,False,,,False
POS44779,pine,24.0,492497.95429827325,4872425.702969945,False,,,False
POS44782,maple,18.0,492515.53214707784,4872560.953717284,False,,,False
POS44783,maple,22.0,492512.7617801267,4872551.639433137,False,,,False
POS44801,douglas_fir,10.0,492572.588971542,4872682.038029591,False,,,False
POS44802,douglas_fir,13.0,492571.1702931998,4872677.742605031,False,,,False
POS44806,oregon_ash,7.0,492535.4116511451,4872560.869055053,False,,,False
POS44808,maple,21.0,492492.20231846534,4872483.666093712,False,,,False
POS44809,maple,22.0,492495.44691660965,4872492.852725492,False,,,False
POS44810,maple,25.0,492500.024340035,4872508.69892588,False,,,False
POS44811,maple,30.0,492507.71294360375,4872534.660092829,False,,,False
POS44812,maple,19.0,492509.8899495697,4872543.196117365,False,,,False
POS44997,pine,11.0,492434.01128573465,4872666.023718936,False,,,False
POS45013,maple,32.0,492989.8086736739,4872740.590846561,False,,,False
POS45014,sycamore,14.0,492981.3939006207,4872725.274155957,False,,,False
POS45016,maple,40.0,492951.8720135564,4872679.614839639,False,,,False
POS45017,maple,1.0,492918.8256655577,4872628.661107919,False,,,False
POS45018,maple,1.0,492915.18357211095,4872621.689011337,False,,,False
POS45019,maple,39.0,492910.1373410694,4872614.089483745,False,,,False
POS45024,oak,13.0,492878.66129431553,4872566.471856142,False,,,False
POS45034,oak,4.0,492900.58751850476,4872570.075286481,False,,,False
POS45140,dogwood,1.0,492618.5365300322,4872650.108495847,False,,,False
POS45151,maple,1.0,492717.77435960365,4872783.745317919,False,,,False
POS45190,pine,15.0,492793.66690996557,4872351.504470245,False,,,False
POS45233,douglas_fir,28.0,492820.4568668672,4871750.59303748,False,,,False
POS45234,douglas_fir,21.0,492804.2099897223,4871750.10816582,False,,,False
POS45236,douglas_fir,12.0,492847.8058353681,4871763.292587347,False,,,False
POS45237,douglas_fir,20.0,492867.8394452375,4871762.639514789,False,,,False
POS45238,douglas_fir,17.0,492871.9929917884,4871763.18049289,False,,,False
POS45240,douglas_fir,32.0,492887.0090246712,4871804.907727882,False,,,False
POS45242,dogwood,3.0,492889.7453242132,4871887.702474474,False,,,False
POS45245,douglas_fir,28.0,492883.75128820003,4871929.336094593,False,,,False
POS45246,douglas_fir,4.0,492867.6713091949,4871966.629821434,False,,,False
POS45247,pine,16.0,492866.58043299435,4871971.3487812895,False,,,False
POS45248,pine,5.0,492864.49736162846,4871977.46339474,False,,,False
POS45249,pine,15.0,492863.3919218715,4871982.656941443,False,,,False
POS45250,pine,11.0,492861.84022014344,4871986.88682664,False,,,False
POS45252,oak,9.0,492858.0251025153,4872011.242679027,False,,,False
POS45253,oak,9.0,492851.22345274803,4872048.100670389,False,,,False
POS45255,douglas_fir,14.0,492847.01843648375,4872069.594254401,False,,,False
POS45256,douglas_fir,7.0,492846.8200996895,4872076.240036111,False,,,False
POS45257,douglas_fir,6.0,492845.01327930106,4872089.014993362,False,,,False
POS45258,douglas_fir,13.0,492843.9079370969,4872094.208641721,False,,,False
POS45259,oak,4.0,492841.7153573372,4872111.96111112,False,,,False
POS45260,douglas_fir,9.0,492817.63231260114,4872138.800520882,False,,,False
POS45261,pine,11.0,492809.00233647565,4872141.39369706,False,,,False
POS45487,maple,1.0,492836.5731021297,4872655.158435415,False,,,False
POS45494,douglas_fir,12.0,492895.2784208228,4872782.702435843,False,,,False
POS45496,maple,11.0,492894.47727300646,4872838.425052835,False,,,False
POS45498,maple,8.0,492889.03987454914,4872856.94089062,False,,,False
POS46837,oregon_ash,13.0,492548.495309944,4872664.147243037,False,,,False
POS46838,douglas_fir,12.0,492546.1280694254,4872656.742774919,False,,,False
POS46841,oregon_ash,10.0,492540.42531312344,4872638.238780719,False,,,False
POS46842,oregon_ash,9.0,492538.04490915063,4872631.26533832,False,,,False
POS50371,oak,2.0,493277.29012750235,4871227.545850794,False,,,False
POS50372,oak,2.0,493271.3240383781,4871233.5607838435,False,,,False
POS50373,oak,2.0,493261.67727455206,4871243.831272343,False,,,False
POS50374,oak,2.0,493249.73269964155,4871256.266487583,False,,,False
POS50375,oak,2.0,493244.48247186973,4871262.0995760085,False,,,False
POS51740,sycamore,6.0,492748.9079075245,4872559.959799266,False,,,False
POS55183,maple,3.0,493223.2022147216,4871305.527836921,False,,,False
POS55184,maple,3.0,493238.4856678348,4871322.294037356,False,,,False
POS55807,oak,1.0,492830.0387173093,4872620.90862791,False,,,False
POS55808,oak,1.0,492833.6137791268,4872627.405902578,False,,,False
POS56720,douglas_fir,19.0,493274.8120531121,4871101.528039453,False,,,False
POS57286,pine,33.0,493949.5444178075,4871930.916581463,False,,,False
POS57408,pine,1.0,494322.60135713266,4872416.559192165,False,,,False
POS57951,douglas_fir,35.0,494185.3646880496,4871943.767534008,False,,,False
POS58202,maple,4.0,493230.0433454578,4871313.525876411,False,,,False
POS60392,pine,11.0,493678.67491321225,4872758.718966212,False,,,False
POS61096,pine,17.0,493478.9332557451,4872816.899851912,False,,,False
POS61097,douglas_fir,6.0,493480.03028860496,4872828.192382351,False,,,False
POS61104,pine,29.0,493570.78697160794,4872663.201143488,False,,,False
POS62249,pine,1.0,493148.98931451223,4872787.087418671,False,,,False
POS62250,pine,1.0,493130.8517764143,4872787.1091363,False,,,False
POS62264,douglas_fir,2.0,493967.34131643025,4871920.878477604,False,,,False
POS62271,douglas_fir,20.0,493454.6160125047,4872234.652034348,False,,,False
POS62272,douglas_fir,14.0,493524.68746132764,4872182.715325904,False,,,False
POS62277,oak,36.0,493378.718589105,4872043.890065676,False,,,False
POS62278,oak,1.0,493466.8537975517,4872222.390410044,False,,,False
POS62295,western_hemlock,5.0,493037.4954225189,4871864.87463097,False,,,False
POS62296,maple,5.0,493030.8041606798,4871963.364931909,False,,,False
POS62307,maple,7.0,494237.7263164709,4872551.7130857,False,,,False
POS62317,maple,3.0,494346.6542458402,4872442.508224942,False,,,False
POS62320,douglas_fir,20.0,494085.32477928704,4871715.594857894,False,,,False
POS62323,maple,29.0,493254.1890274198,4871841.743841684,False,,,False
POS62324,oregon_ash,12.0,493226.50558330474,4871792.76102587,False,,,False
POS62394,maple,1.0,492735.2748663972,4872801.2190350015,False,,,False
POS62396,oak,13.0,492902.72317546676,4871606.694950606,False,,,False
POS62431,pine,10.0,492577.30330644693,4872323.257429945,False,,,False
POS62443,oak,2.0,492668.6177373331,4872763.73600161,False,,,False
POS62444,maple,3.0,492628.0707277757,4872715.573786934,False,,,False
POS62450,pine,9.0,492462.1926716744,4872318.850515039,False,,,False
POS62453,maple,2.0,492480.139780449,4872372.61718908,False,,,False
POS62455,dogwood,2.0,492481.459489929,4872380.751734172,False,,,False
POS62456,dogwood,2.0,492482.94758179085,4872383.542265851,False,,,False
POS62458,pine,12.0,492574.204189864,4872677.211019137,False,,,False
POS62480,douglas_fir,1.0,492635.11221779557,4872705.085860501,False,,,False
POS62490,maple,30.0,492535.5089487876,4872625.282097291,False,,,False
POS62552,douglas_fir,1.0,493325.5085676781,4871138.882085281,False,,,False
POS62678,douglas_fir,16.0,492572.2655578023,4872674.106230329,False,,,False
POS62679,douglas_fir,15.0,492573.12767111126,4872675.926637354,False,,,False
POS62682,oak,20.0,492576.9066516571,4872690.385643694,False,,,False
POS62684,maple,8.0,492539.2538544806,4872635.280092091,False,,,False
POS62711,pine,28.0,493303.9022222064,4871121.931266715,False,,,False
POS66437,douglas_fir,14.0,492429.74674781354,4872676.323110309,False,,,False
POS66438,pine,28.0,492435.9687110861,4872664.423961476,False,,,False
POS66439,pine,28.0,492499.2278226723,4872608.2901537465,False,,,False
POS66440,pine,18.0,492506.10456905677,4872604.853916952,False,,,False
POS67664,douglas_fir,15.0,492458.1609801783,4872313.640069325,False,,,False
POS67666,douglas_fir,15.0,492459.27299736755,4872315.953357307,False,,,False
POS67668,oak,7.0,492439.6429063844,4872260.440875496,False,,,False
POS67670,oak,12.0,492439.70931310067,4872254.847906311,False,,,False
POS67671,pine,7.0,492436.87810482696,4872244.157538512,False,,,False
POS67674,douglas_fir,9.0,492436.8021655745,4872243.317634653,False,,,False
POS67675,oak,8.0,492435.5816205055,4872240.616390251,False,,,False
POS67676,douglas_fir,10.0,492433.79223744007,4872234.464015771,False,,,False
POS67679,oak,11.0,492428.13488744583,4872203.969620323,False,,,False
POS67680,maple,5.0,492509.28420590144,4872473.8969151545,False,,,False
POS67681,maple,3.0,492507.34045105975,4872467.190512468,False,,,False
POS67682,maple,6.0,492505.2891945926,4872459.69316653,False,,,False
POS67683,maple,6.0,492503.4381911116,4872453.199640958,False,,,False
POS67684,oregon_ash,9.0,492429.6895997824,4872205.9654053245,False,,,False
POS67685,oak,11.0,492512.8449170034,4872486.860148042,False,,,False
POS67686,douglas_fir,16.0,492514.370973907,4872492.50023832,False,,,False
POS67688,maple,11.0,492518.2841771508,4872509.37486285,False,,,False
POS67697,oak,11.0,492517.37112904555,4872584.789347503,False,,,False
POS67698,oak,14.0,492519.1381844442,4872586.277945334,False,,,False
POS67699,oak,11.0,492519.48574731173,4872588.501415274,False,,,False
POS67700,oak,13.0,492541.16678247147,4872575.275734807,False,,,False
POS67701,oak,14.0,492542.2804539913,4872577.989288576,False,,,False
POS67702,oak,17.0,492542.9104129946,4872580.548400612,False,,,False
POS67703,oak,14.0,492543.255588902,4872582.268777181,False,,,False
POS67706,oak,14.0,492543.2129525049,4872586.91440965,False,,,False
POS67732,maple,35.0,492538.9915238452,4872628.8769820435,False,,,False
POS67776,douglas_fir,1.0,492588.0897881,4872737.988154892,False,,,False
POS67781,oak,30.0,492602.5098159996,4872852.46106786,False,,,False
POS67782,oak,11.0,492601.4432862758,4872853.583089234,False,,,False
POS67785,douglas_fir,38.0,492603.00526021793,4872856.25361773,False,,,False
POS67808,pine,11.0,492576.5261480303,4872786.927110339,False,,,False
POS67810,pine,11.0,492575.98050799285,4872779.642609583,False,,,False
POS67812,pine,11.0,492575.43640772137,4872773.858020126,False,,,False
POS67813,pine,1.0,492574.0306023224,4872766.574450174,False,,,False
POS67814,douglas_fir,1.0,492573.3764313493,4872758.432972865,False,,,False
POS67816,oak,10.0,492572.4011673623,4872751.57756956,False,,,False
POS67817,douglas_fir,6.0,492568.95454895357,4872745.903267749,False,,,False
POS67818,douglas_fir,6.0,492568.5198023193,4872741.725511423,False,,,False
POS67819,douglas_fir,6.0,492570.6748872859,4872746.1156152785,False,,,False
POS67820,douglas_fir,6.0,492569.27584337915,4872744.831608957,False,,,False
POS67821,douglas_fir,6.0,492567.5491514212,4872738.941123567,False,,,False
POS67822,douglas_fir,6.0,492566.6863190582,4872736.477967252,False,,,False
POS67824,pine,7.0,492567.1143010779,4872734.656259391,False,,,False
POS67825,pine,7.0,492564.8560114916,4872734.123144332,False,,,False
POS67826,douglas_fir,4.0,492565.0683661641,4872731.765878292,False,,,False
POS67827,douglas_fir,4.0,492563.8841326583,4872730.267372916,False,,,False
POS67828,douglas_fir,4.0,492564.2029713022,4872727.052947035,False,,,False
POS67829,douglas_fir,4.0,492563.5594558928,4872728.339299574,False,,,False
POS67830,pine,1.0,492565.38863631955,4872729.729946706,False,,,False
POS67831,pine,6.0,492563.34054693487,4872724.911216902,False,,,False
POS67833,pine,6.0,492561.39535470906,4872716.021279475,False,,,False
POS67834,douglas_fir,2.0,492563.54542079126,4872715.911636801,False,,,False
POS67835,douglas_fir,3.0,492560.1010541992,4872712.272990919,False,,,False
POS67836,douglas_fir,3.0,492559.88460399874,4872710.987575338,False,,,False
POS67837,oak,24.0,492559.6674346577,4872709.059410138,False,,,False
POS67838,oak,20.0,492558.16016699345,4872707.132645972,False,,,False
POS67841,douglas_fir,6.0,492553.1944972415,4872689.139572307,False,,,False
POS67842,douglas_fir,6.0,492553.6254536051,4872689.99617043,False,,,False
POS70132,maple,4.0,493978.53279151465,4872748.576040871,False,,,False
POS70138,douglas_fir,13.0,494052.57134826254,4872736.47931622,False,,,False
POS70139,douglas_fir,13.0,494051.25236641907,4872741.753980594,False,,,False
POS70140,douglas_fir,13.0,494042.8833137476,4872760.188606092,False,,,False
POS70141,pine,12.0,494016.9514831358,4872760.195362445,False,,,False
POS70160,douglas_fir,4.0,494123.8888248395,4872195.455301605,False,,,False
POS70161,douglas_fir,4.0,494124.7652535855,4872197.442548224,False,,,False
POS70162,douglas_fir,10.0,494124.88505427353,4872211.263843092,False,,,False
POS70163,douglas_fir,14.0,494127.0266177056,4872217.738249294,False,,,False
POS70167,douglas_fir,18.0,494131.653600546,4872326.756812525,False,,,False
POS70183,western_hemlock,18.0,493977.06913727405,4871580.919315208,False,,,False
POS70185,pine,4.0,493983.3871074286,4871550.858385561,False,,,False
POS70188,green_ash,23.0,493833.306135407,4871562.867753372,False,,,False
POS70197,dogwood,1.0,493928.91160108516,4871516.03813575,False,,,False
POS70199,oregon_ash,1.0,493936.541579437,4871513.748847775,False,,,False
POS70205,oregon_ash,20.0,493963.92231213406,4871501.413159799,False,,,False
POS70206,oak,20.0,493973.24095666106,4871502.615633258,False,,,False
POS70207,oak,23.0,493985.045242004,4871501.880601695,False,,,False
POS70209,oak,29.0,494004.8736894795,4871465.461996142,False,,,False
POS70210,oak,25.0,494009.29265457595,4871455.927538242,False,,,False
POS70211,oak,27.0,494014.0040581471,4871446.80102712,False,,,False
POS70212,oak,23.0,494017.67637923395,4871440.614140934,False,,,False
POS70213,oak,23.0,494022.4466987847,4871435.956896167,False,,,False
POS70214,oak,21.0,494026.74148953945,4871428.88074634,False,,,False
POS70216,oak,25.0,494035.6390679188,4871414.668736009,False,,,False
POS70217,oak,26.0,494052.77674081974,4871387.683958835,False,,,False
POS70218,oak,33.0,494076.84476847644,4871365.003722119,False,,,False
POS70219,oak,27.0,494067.5719288436,4871373.098947541,False,,,False
POS70220,oak,27.0,494060.22412118065,4871380.040172674,False,,,False
POS70221,maple,6.0,494017.6369270217,4871468.0572406165,False,,,False
POS70222,douglas_fir,19.0,494003.62094208103,4871527.712498529,False,,,False
POS70223,douglas_fir,24.0,494003.14166056016,4871529.275866689,False,,,False
POS70224,douglas_fir,3.0,493995.2554028023,4871567.87458661,False,,,False
POS70225,douglas_fir,5.0,493995.35103790346,4871570.708172007,False,,,False
POS70226,pine,3.0,493995.1521854995,4871572.696529191,False,,,False
POS70227,douglas_fir,16.0,493994.4021828643,4871575.590378999,False,,,False
POS70228,douglas_fir,16.0,493992.57863999147,4871580.52108283,False,,,False
POS70229,douglas_fir,8.0,493989.36730009934,4871596.38257267,False,,,False
POS70230,douglas_fir,8.0,493991.06625794555,4871588.713724128,False,,,False
POS70231,douglas_fir,6.0,493992.675193148,4871584.319040137,False,,,False
POS70232,oregon_ash,2.0,493989.3628063754,4871591.453610724,False,,,False
POS70233,douglas_fir,4.0,493979.60523551865,4871631.989964983,False,,,False
POS70234,douglas_fir,6.0,493976.0681906999,4871651.768012855,False,,,False
POS70236,pine,5.0,494019.47985972126,4871932.140780537,False,,,False
POS70237,maple,8.0,494032.1193439019,4871928.836760622,False,,,False
POS70240,douglas_fir,26.0,494073.96014134114,4871947.345558674,False,,,False
POS70241,dogwood,9.0,494077.1306504755,4871958.916309311,False,,,False
POS70243,dogwood,3.0,494062.2175225701,4871885.057561854,False,,,False
POS70248,maple,5.0,494071.23626415187,4871705.521915985,False,,,False
POS70250,oak,22.0,494089.1743467083,4871669.775943199,False,,,False
POS70251,douglas_fir,23.0,494082.4720065245,4871630.518199005,False,,,False
POS70252,maple,8.0,494142.4492382171,4871520.711177078,False,,,False
POS70253,douglas_fir,25.0,494141.9540201706,4871514.502408972,False,,,False
POS70254,douglas_fir,16.0,494140.34188693616,4871606.54115387,False,,,False
POS70256,maple,3.0,494157.42553630343,4871713.214440298,False,,,False
POS70258,maple,32.0,494082.0542517855,4871899.685364838,False,,,False
POS70259,oak,2.0,494070.7266761045,4871923.861887394,False,,,False
POS70298,oak,12.0,494413.84948208457,4871967.056149925,False,,,False
POS70299,douglas_fir,7.0,494412.44942890404,4871964.271537307,False,,,False
POS70300,douglas_fir,7.0,494417.01525030617,4871967.189342349,False,,,False
POS70301,douglas_fir,11.0,494395.73766388115,4871973.445469689,False,,,False
POS70302,douglas_fir,11.0,494394.76379925595,4871973.42270247,False,,,False
POS70303,douglas_fir,20.0,494393.4259632969,4871973.395071869,False,,,False
POS70305,douglas_fir,17.0,494375.67804431746,4871965.052785699,False,,,False
POS70306,douglas_fir,17.0,494375.67804431746,4871965.052785699,False,,,False
POS70307,douglas_fir,25.0,494374.49567087303,4871965.48231584,False,,,False
POS70308,douglas_fir,20.0,494371.27157430386,4871967.19946674,False,,,False
POS70309,douglas_fir,22.0,494363.71054112265,4871972.77105147,False,,,False
POS70310,douglas_fir,20.0,494363.04535804316,4871973.44962907,False,,,False
POS70311,douglas_fir,14.0,494362.4001092903,4871973.343066049,False,,,False
POS70312,douglas_fir,32.0,494361.0016968294,4871972.594194876,False,,,False
POS70313,douglas_fir,15.0,494357.2649939348,4871975.811814532,False,,,False
POS70314,douglas_fir,15.0,494357.76788192167,4871990.89030687,False,,,False
POS70315,douglas_fir,25.0,494355.40363950876,4871992.2853065375,False,,,False
POS70316,oak,4.0,494354.9742263372,4871993.142829047,False,,,False
POS70317,douglas_fir,25.0,494352.2271944065,4871994.138185839,False,,,False
POS70318,oak,40.0,494345.90305274935,4871997.738497745,False,,,False
POS70319,douglas_fir,34.0,494340.7929442312,4872002.696505321,False,,,False
POS70320,oak,16.0,494352.96274941677,4871978.416827208,False,,,False
POS70321,oak,10.0,494175.5529463364,4872236.794401903,False,,,False
POS70322,douglas_fir,12.0,494351.6291134024,4871979.002349869,False,,,False
POS70323,oak,14.0,494176.45870897366,4872234.572235619,False,,,False
POS70324,oak,14.0,494175.0136671547,4872234.866320487,False,,,False
POS70325,oak,10.0,494178.1289259435,4872231.863563237,False,,,False
POS70326,maple,7.0,494350.27957987896,4871979.88931171,False,,,False
POS70327,oak,10.0,494181.0757897885,4872227.603923876,False,,,False
POS70328,maple,7.0,494348.2388837571,4871982.355416576,False,,,False
POS70329,maple,7.0,494344.1074924814,4871984.687516249,False,,,False
POS70330,oak,14.0,494178.55782801507,4872230.470301785,False,,,False
POS70331,douglas_fir,22.0,494342.6598564308,4871984.98472341,False,,,False
POS70332,douglas_fir,10.0,494340.3461683001,4871986.833652587,False,,,False
POS70334,douglas_fir,13.0,494338.3033245107,4871986.942586605,False,,,False
POS70335,douglas_fir,32.0,494337.70521299314,4871986.22170266,False,,,False
POS70338,oak,10.0,494183.7222353807,4872218.657008457,False,,,False
POS70339,douglas_fir,12.0,494328.4945602324,4871993.925749647,False,,,False
POS70340,douglas_fir,33.0,494321.4315307099,4871997.2430962045,False,,,False
POS70341,oak,11.0,494327.33017746016,4871994.295314128,False,,,False
POS70342,oak,11.0,494331.0437496998,4871991.7990366435,False,,,False
POS70343,douglas_fir,32.0,494183.5613447314,4872212.199917399,False,,,False
POS70344,oak,14.0,494316.24000819813,4872017.040945612,False,,,False
POS70347,douglas_fir,20.0,494316.01247770595,4872016.884147633,False,,,False
POS70348,douglas_fir,20.0,494313.4332233643,4872018.279230205,False,,,False
POS70350,douglas_fir,33.0,494308.81174720544,4872022.419384697,False,,,False
POS70351,douglas_fir,46.0,494194.35559004266,4872214.519783494,False,,,False
POS70352,douglas_fir,26.0,494186.23929674894,4872200.840433906,False,,,False
POS70353,douglas_fir,26.0,494187.7458365249,4872202.339064846,False,,,False
POS70354,oak,8.0,494302.83892745175,4872025.245547587,False,,,False
POS70355,oak,19.0,494299.8169061522,4872026.28369925,False,,,False
POS70356,douglas_fir,16.0,494187.03417200403,4872194.761185058,False,,,False
POS70358,douglas_fir,33.0,494302.358901717,4872025.580735888,False,,,False
POS70360,douglas_fir,8.0,494296.77561574994,4872011.851376203,False,,,False
POS70361,douglas_fir,8.0,494293.2574606646,4872012.585006555,False,,,False
POS70363,oak,12.0,494287.2037308908,4872015.183544587,False,,,False
POS70364,douglas_fir,16.0,494186.4448893689,4872190.125889667,False,,,False
POS70365,maple,9.0,494290.6552529034,4872030.6775592165,False,,,False
POS70366,douglas_fir,16.0,494187.50682855595,4872189.003733701,False,,,False
POS70367,douglas_fir,16.0,494187.5206785406,4872190.767826166,False,,,False
POS70368,douglas_fir,24.0,494285.2182985764,4872016.655854021,False,,,False
POS70369,douglas_fir,16.0,494189.2223380414,4872183.645094024,False,,,False
POS70370,douglas_fir,36.0,494276.2789980186,4872021.631277011,False,,,False
POS70371,douglas_fir,20.0,494188.9097749294,4872181.016547437,False,,,False
POS70373,oak,8.0,494270.4609777924,4872042.262465161,False,,,False
POS70374,oak,8.0,494266.48871847935,4872044.570313627,False,,,False
POS70375,douglas_fir,33.0,494263.6585451237,4872045.908704939,False,,,False
POS70376,douglas_fir,20.0,494259.64341158746,4872050.326469108,False,,,False
POS70377,oak,10.0,494256.5744151895,4872050.891297633,False,,,False
POS70378,douglas_fir,16.0,494185.9119595823,4872195.376419385,False,,,False
POS70379,douglas_fir,24.0,494254.0608452889,4872051.238293542,False,,,False
POS70380,oak,8.0,494253.6212926954,4872051.530887912,False,,,False
POS70381,douglas_fir,30.0,494190.027580132,4872175.365655628,False,,,False
POS70382,oak,8.0,494251.86316092336,4872052.993480936,False,,,False
POS70385,oak,22.0,494246.78489283076,4872056.6803819705,False,,,False
POS70389,maple,3.0,494234.8512121901,4872048.040720827,False,,,False
POS70390,douglas_fir,20.0,494233.4351855176,4872047.925553101,False,,,False
POS70391,douglas_fir,8.0,494206.0734738292,4872136.429708652,False,,,False
POS70392,douglas_fir,20.0,494244.7332620381,4872057.85100209,False,,,False
POS70393,douglas_fir,8.0,494206.72005394934,4872138.143483392,False,,,False
POS70394,douglas_fir,20.0,494240.63226703834,4872062.6761220945,False,,,False
POS70395,douglas_fir,9.0,494244.00251622597,4872060.481611073,False,,,False
POS70396,douglas_fir,9.0,494240.340517011,4872064.429693693,False,,,False
POS70397,douglas_fir,20.0,494236.82323992637,4872066.185996782,False,,,False
POS70398,douglas_fir,3.0,494207.24771199905,4872126.170793333,False,,,False
POS70399,douglas_fir,20.0,494222.97344649245,4872063.645223392,False,,,False
POS70400,douglas_fir,28.0,494204.123659477,4872112.242926782,False,,,False
POS70401,douglas_fir,17.0,494230.4279243223,4872072.650114771,False,,,False
POS70402,douglas_fir,28.0,494204.6557689353,4872106.028128191,False,,,False
POS70403,douglas_fir,17.0,494228.3312524578,4872079.635252852,False,,,False
POS70404,douglas_fir,9.0,494204.6577138605,4872108.170982728,False,,,False
POS70405,douglas_fir,35.0,494218.6447336646,4872068.3935436625,False,,,False
POS70406,douglas_fir,38.0,494219.8525409001,4872093.507523983,False,,,False
POS70407,douglas_fir,24.0,494221.8437429968,4872088.869944053,False,,,False
POS70408,douglas_fir,28.0,494213.51894050057,4872074.972757003,False,,,False
POS70409,douglas_fir,33.0,494225.93761673284,4872082.383636717,False,,,False
POS70410,douglas_fir,7.0,494206.9517530448,4872095.1260625655,False,,,False
POS70411,douglas_fir,26.0,494212.20382052136,4872080.08773686,False,,,False
POS70413,douglas_fir,30.0,494208.39503291674,4872083.743725398,False,,,False
POS70414,maple,3.0,494242.85371808783,4872177.923208823,False,,,False
POS70415,douglas_fir,41.0,494258.2444323565,4872171.090651659,False,,,False
POS70419,douglas_fir,28.0,494280.85126582504,4872173.740292396,False,,,False
POS70420,oak,32.0,494273.6571818083,4872184.782373507,False,,,False
POS70421,douglas_fir,11.0,494292.13458507834,4872182.843262277,False,,,False
POS70422,douglas_fir,14.0,494295.6482397779,4872182.163200241,False,,,False
POS70423,douglas_fir,16.0,494298.27503764536,4872180.689633524,False,,,False
POS70424,douglas_fir,26.0,494352.7585899305,4872154.927196307,False,,,False
POS70425,douglas_fir,14.0,494399.8020712615,4872160.771526494,False,,,False
POS70975,dogwood,4.0,494095.6699218845,4872525.4693632005,False,,,False
POS70978,maple,12.0,494203.3840167663,4872488.209513778,False,,,False
POS70979,green_ash,45.0,494311.33920531586,4872565.30452694,False,,,False
POS70980,douglas_fir,32.0,494334.80737720866,4872570.821500947,False,,,False
POS70982,dogwood,5.0,494360.30710492353,4872544.827924559,False,,,False
POS70983,maple,5.0,494360.6669597062,4872494.012625522,False,,,False
POS70992,oregon_ash,25.0,494356.02772137657,4872341.635411695,False,,,False
POS70993,pine,15.0,494364.48505843995,4872339.901153255,False,,,False
POS71003,maple,14.0,494385.79818103823,4872454.94186973,False,,,False
POS71035,maple,3.0,494389.912073502,4872534.254853193,False,,,False
POS71155,douglas_fir,30.0,494355.6220706145,4872860.947391196,False,,,False
POS71158,douglas_fir,12.0,494343.7976933713,4872831.987625822,False,,,False
POS71159,douglas_fir,32.0,494340.6547375865,4872829.716622581,False,,,False
POS71160,douglas_fir,25.0,494332.8075155402,4872830.580451592,False,,,False
POS71161,oak,11.0,494336.1249083952,4872828.4344695555,False,,,False
POS71237,douglas_fir,34.0,494323.2956123891,4872817.740902437,False,,,False
POS71242,douglas_fir,28.0,494338.28556035477,4872814.3636461785,False,,,False
POS71243,douglas_fir,22.0,494357.10614848434,4872822.48961901,False,,,False
POS71244,douglas_fir,18.0,494360.5498825628,4872826.664882031,False,,,False
POS71245,maple,12.0,494370.7353004142,4872852.099479011,False,,,False
POS71577,maple,16.0,492627.3092489536,4872820.607023792,False,,,False
POS71634,maple,1.0,492599.0565276994,4872625.185477065,False,,,False
POS71635,douglas_fir,1.0,492587.3004383172,4872596.931382028,False,,,False
POS71638,maple,13.0,492845.4491562207,4872568.639013703,False,,,False
POS71639,maple,8.0,492847.92086940893,4872569.748024966,False,,,False
POS71642,pine,1.0,492914.1955623264,4872592.653779362,False,,,False
POS71682,oak,9.0,492929.97638461966,4872793.4570866795,False,,,False
POS71683,oak,9.0,492936.7250910686,4872793.312580574,False,,,False
POS71841,douglas_fir,26.0,492419.81708117604,4871783.284076619,False,,,False
POS71842,douglas_fir,6.0,492422.5037671395,4871781.995192726,False,,,False
POS71843,douglas_fir,6.0,492424.546630767,4871781.99285519,False,,,False
POS71844,douglas_fir,6.0,492423.3635293474,4871781.672734694,False,,,False
POS71845,douglas_fir,11.0,492431.7656635544,4871780.876932382,False,,,False
POS71846,douglas_fir,11.0,492429.1680601634,4871780.165982703,False,,,False
POS71847,douglas_fir,6.0,492434.2197239487,4871778.4458541125,False,,,False
POS71848,douglas_fir,6.0,492436.15334226517,4871776.836382701,False,,,False
POS71849,douglas_fir,4.0,492439.3775696871,4871775.546940054,False,,,False
POS71850,douglas_fir,4.0,492441.094948462,4871772.973371365,False,,,False
POS71851,douglas_fir,4.0,492442.70573643874,4871771.149956306,False,,,False
POS71858,douglas_fir,6.0,492457.6764919113,4871767.036021261,False,,,False
POS71859,douglas_fir,6.0,492455.9155386294,4871770.888748374,False,,,False
POS71860,douglas_fir,6.0,492455.91860110726,4871773.5674629025,False,,,False
POS71861,douglas_fir,6.0,492454.63074716955,4871775.71192959,False,,,False
POS71862,douglas_fir,6.0,492435.6197383022,4871793.734835356,False,,,False
POS71863,douglas_fir,6.0,492433.3991842842,4871794.091786532,False,,,False
POS71864,douglas_fir,6.0,492430.2448523603,4871794.88219207,False,,,False
POS71865,maple,7.0,492424.11716707493,4871795.890977656,False,,,False
POS71930,douglas_fir,10.0,492448.28707214113,4871877.799803144,False,,,False
POS71931,pine,10.0,492450.43509282597,4871875.654405784,False,,,False
POS71932,douglas_fir,7.0,492498.78540062124,4871880.647495767,False,,,False
POS71933,douglas_fir,4.0,492500.82866881165,4871880.966685339,False,,,False
POS71934,douglas_fir,4.0,492499.7515461442,4871879.36066854,False,,,False
POS71937,douglas_fir,12.0,492509.4296386219,4871880.314024783,False,,,False
POS71938,douglas_fir,5.0,492511.36529843305,4871880.526098269,False,,,False
POS71939,douglas_fir,5.0,492513.51546480885,4871880.309353447,False,,,False
POS71940,douglas_fir,5.0,492514.48467174347,4871881.594035167,False,,,False
POS71941,douglas_fir,5.0,492522.0118854127,4871882.228390748,False,,,False
POS71942,douglas_fir,5.0,492525.45235238277,4871882.010250994,False,,,False
POS71943,douglas_fir,5.0,492520.39905588585,4871882.230260879,False,,,False
POS71944,douglas_fir,5.0,492523.8396265529,4871882.119229101,False,,,False
POS71945,douglas_fir,5.0,492526.6341278864,4871881.1516782325,False,,,False
POS71948,douglas_fir,1.0,492635.9098206911,4871844.82062985,False,,,False
POS71949,douglas_fir,14.0,492632.39368407306,4871867.613043473,False,,,False
POS71950,pine,18.0,492631.69953124865,4871869.808628826,False,,,False
POS71951,pine,11.0,492630.9111250496,4871871.975700141,False,,,False
POS71955,douglas_fir,10.0,492608.78567179694,4871893.537214032,False,,,False
POS71956,douglas_fir,3.0,492606.63704115106,4871895.146767818,False,,,False
POS71957,douglas_fir,3.0,492604.91772808984,4871896.113003984,False,,,False
POS71958,douglas_fir,3.0,492604.1663940259,4871897.29253644,False,,,False
POS71959,douglas_fir,3.0,492601.69309245714,4871896.973813318,False,,,False
POS71960,douglas_fir,8.0,492599.32882826036,4871898.048007723,False,,,False
POS71961,douglas_fir,8.0,492596.8566514478,4871898.800767121,False,,,False
POS71962,douglas_fir,33.0,492585.1391731602,4871900.95689147,False,,,False
POS71963,douglas_fir,33.0,492557.49825035053,4871901.578858085,False,,,False
POS71967,douglas_fir,26.0,492533.2093343853,4871960.218002186,False,,,False
POS71971,pine,35.0,492461.86150583206,4871977.779948697,False,,,False
POS71972,oregon_ash,10.0,492443.06698645145,4871979.283355419,False,,,False
POS71973,oregon_ash,14.0,492440.6993521977,4871977.357413459,False,,,False
POS71978,douglas_fir,14.0,492528.81814202113,4871922.743652671,False,,,False
POS71979,douglas_fir,14.0,492528.6234401238,4871919.62700021,False,,,False
POS71980,douglas_fir,8.0,492528.4091379682,4871920.270134355,False,,,False
POS71983,douglas_fir,8.0,492505.887950109,4871897.94113951,False,,,False
POS71985,douglas_fir,3.0,492499.4686856754,4871896.549512947,False,,,False
POS71986,douglas_fir,3.0,492497.96244624327,4871895.6940248525,False,,,False
POS72000,douglas_fir,4.0,492426.77462614013,4872028.496999548,False,,,False
POS72001,oregon_ash,24.0,492501.5516933189,4872040.427422147,False,,,False
POS72002,oregon_ash,4.0,492502.6261651319,4872039.783257187,False,,,False
POS72004,maple,6.0,492542.2795487366,4872056.444845516,False,,,False
POS72005,douglas_fir,17.0,492529.4195319293,4872058.396265951,False,,,False
POS72006,maple,15.0,492511.9955276808,4872053.165863305,False,,,False
POS72007,douglas_fir,3.0,492511.5873108419,4872115.5077020405,False,,,False
POS72008,oak,20.0,492514.36429539474,4872114.316118676,False,,,False
POS72010,oregon_ash,5.0,492524.9028657716,4872115.911381766,False,,,False
POS72011,maple,5.0,492553.42849215184,4872116.030747485,False,,,False
POS72012,pine,8.0,492454.42959414533,4872274.97338721,False,,,False
POS72014,douglas_fir,42.0,492484.9693878035,4872266.149353262,False,,,False
POS72015,douglas_fir,30.0,492491.31104652275,4872264.535027498,False,,,False
POS72016,douglas_fir,30.0,492496.46807288914,4872261.314878217,False,,,False
POS72017,douglas_fir,16.0,492484.2613725716,4872242.6783719575,False,,,False
POS72018,douglas_fir,16.0,492482.6678208043,4872242.118092343,False,,,False
POS72019,oak,3.0,492476.625717854,4872226.550386063,False,,,False
POS72020,dogwood,2.0,492512.1586759024,4872257.427740571,False,,,False
POS72021,douglas_fir,18.0,492548.1507679195,4872238.7366748825,False,,,False
POS72022,douglas_fir,18.0,492540.48085508996,4872246.003915888,False,,,False
POS72023,douglas_fir,10.0,492537.68686705845,4872247.292795709,False,,,False
POS72024,douglas_fir,11.0,492547.13982342515,4872239.782153247,False,,,False
POS72026,maple,2.0,492559.9202477163,4872225.26399442,False,,,False
POS72028,oak,14.0,492577.08124850533,4872159.382749123,False,,,False
POS72029,douglas_fir,36.0,492563.21404421807,4872139.4772262415,False,,,False
POS72030,oregon_ash,15.0,492533.9299363695,4872130.4760246035,False,,,False
POS72038,pine,13.0,492764.5955026049,4872308.137071048,False,,,False
POS72039,pine,13.0,492765.7788680532,4872307.2151443595,False,,,False
POS72040,douglas_fir,13.0,492766.8541530036,4872307.321138237,False,,,False
POS72041,pine,13.0,492767.82152255235,4872307.105797294,False,,,False
POS72042,maple,2.0,492772.34332869493,4872229.360756713,False,,,False
POS72043,maple,3.0,492769.1385943658,4872229.280015902,False,,,False
POS72045,oak,13.0,492729.1427919194,4872229.431051127,False,,,False
POS72046,oak,16.0,492671.3828159288,4872241.400097302,False,,,False
POS72047,douglas_fir,8.0,492627.25367969833,4872292.112159794,False,,,False
POS72048,douglas_fir,14.0,492626.4812419475,4872292.695334707,False,,,False
POS72049,douglas_fir,16.0,492620.6123608532,4872301.053268794,False,,,False
POS72050,douglas_fir,15.0,492592.633528444,4872329.428690642,False,,,False
POS72051,pine,27.0,492561.7538618005,4872341.749829511,False,,,False
POS72055,pine,14.0,492551.82344620157,4872330.693992635,False,,,False
POS72056,pine,10.0,492553.6701082506,4872329.384442141,False,,,False
POS72057,douglas_fir,10.0,492562.37124934036,4872327.630122938,False,,,False
POS72058,douglas_fir,10.0,492565.0573213403,4872326.0199087085,False,,,False
POS72059,douglas_fir,6.0,492568.174344037,4872325.266493197,False,,,False
POS72060,douglas_fir,6.0,492570.0017789888,4872324.943013048,False,,,False
POS72064,oak,4.0,492592.56542237295,4872312.060682006,False,,,False
POS72065,pine,16.0,492602.12342722324,4872302.40728085,False,,,False
POS72066,pine,12.0,492602.6581037414,4872299.835321652,False,,,False
POS72067,douglas_fir,8.0,492619.34127902973,4872281.749173041,False,,,False
POS72068,oak,3.0,492620.5906054268,4872279.672562596,False,,,False
POS72069,oak,6.0,492622.09418360994,4872278.170965305,False,,,False
POS72070,maple,16.0,492699.17892310716,4872216.443575964,False,,,False
POS72071,douglas_fir,17.0,492817.32050103456,4872211.367881294,False,,,False
POS72072,douglas_fir,14.0,492821.0735313317,4872212.320824217,False,,,False
POS72075,maple,6.0,492825.3815451015,4872231.353340955,False,,,False
POS72076,oregon_ash,2.0,492587.31114202936,4872505.433786649,False,,,False
POS72077,oak,1.0,492596.1855068283,4872503.57493339,False,,,False
POS72078,oak,2.0,492595.8609338083,4872501.75396685,False,,,False
POS72079,oak,2.0,492598.65686492197,4872502.2865267135,False,,,False
POS72080,oak,2.0,492599.40819560766,4872501.214300489,False,,,False
POS72085,oak,4.0,492756.40495024965,4872058.924433114,False,,,False
POS72087,oak,6.0,492730.5529085317,4872057.331773335,False,,,False
POS72088,oak,4.0,492729.8908303404,4872056.167262606,False,,,False
POS72089,douglas_fir,17.0,492726.68584765284,4872059.566372171,False,,,False
POS72091,pine,14.0,492704.0157621577,4872056.157088892,False,,,False
POS72096,oak,4.0,492752.4452867616,4872146.316215042,False,,,False
POS72097,douglas_fir,13.0,492746.1098689736,4872147.627509886,False,,,False
POS72098,maple,14.0,492647.3789165434,4872126.8248119075,False,,,False
POS72099,pine,24.0,492648.1604064354,4872138.6451666,False,,,False
POS72100,dogwood,7.0,492671.1408082016,4872127.256439112,False,,,False
POS72101,maple,9.0,492691.95635522803,4872136.256828483,False,,,False
POS72105,douglas_fir,12.0,492744.8928431825,4871433.121100159,False,,,False
POS72107,pine,20.0,492754.11997817067,4871429.820306844,False,,,False
POS72108,douglas_fir,17.0,492757.02655417327,4871427.356031282,False,,,False
POS72113,douglas_fir,4.0,492784.73432310804,4871424.987791403,False,,,False
POS72114,douglas_fir,13.0,492791.4367301165,4871418.175590311,False,,,False
POS72117,douglas_fir,19.0,492655.23643636814,4871566.0237270845,False,,,False
POS72118,pine,16.0,492659.38900475024,4871580.822335868,False,,,False
POS72119,maple,35.0,492784.8622297117,4871592.389498223,False,,,False
POS72120,dogwood,4.0,492788.36190698645,4871669.765016474,False,,,False
POS72121,douglas_fir,1.0,492791.80288034695,4871669.868408758,False,,,False
POS72122,pine,29.0,492757.8460073591,4871822.89198731,False,,,False
POS72124,maple,3.0,492623.59877110267,4871965.555351984,False,,,False
POS72125,pine,33.0,492784.31348400837,4871909.092284113,False,,,False
POS72126,douglas_fir,4.0,492790.63982679456,4871904.985590931,False,,,False
POS72127,douglas_fir,3.0,492803.88957909367,4872143.666521735,False,,,False
POS72128,oregon_ash,9.0,492815.85739936185,4872143.482863964,False,,,False
POS72129,oak,27.0,492819.5105287134,4872141.228881197,False,,,False
POS72130,oak,3.0,492823.49834931456,4872150.1174887195,False,,,False
POS72134,douglas_fir,18.0,492904.2031251308,4871717.496032133,False,,,False
POS72135,douglas_fir,6.0,492900.72876707185,4871718.769306081,False,,,False
POS72136,douglas_fir,12.0,492903.2030859735,4871719.945300896,False,,,False
POS72137,pine,7.0,492901.50187170977,4871724.399836901,False,,,False
POS72138,douglas_fir,24.0,492902.6726901655,4871726.6963831335,False,,,False
POS72139,douglas_fir,24.0,492902.35261629336,4871729.05403972,False,,,False
POS72140,douglas_fir,10.0,492902.79921399313,4871730.934653995,False,,,False
POS72141,dogwood,2.0,492886.27699673787,4871718.099293817,False,,,False
POS72142,douglas_fir,10.0,492902.9355518288,4871732.421391107,False,,,False
POS72143,douglas_fir,4.0,492901.217772929,4871734.887641188,False,,,False
POS72144,douglas_fir,6.0,492904.01410574105,4871735.527521102,False,,,False
POS72145,douglas_fir,6.0,492902.29448364594,4871736.17233238,False,,,False
POS72146,douglas_fir,4.0,492903.58621637843,4871737.563845342,False,,,False
POS72149,douglas_fir,10.0,492902.9366949648,4871783.598076788,False,,,False
POS72151,oak,2.0,492904.89306349854,4871828.112000882,False,,,False
POS72152,pine,11.0,492903.4961674541,4871853.98529751,False,,,False
POS72153,douglas_fir,11.0,492902.78089511674,4871856.834882073,False,,,False
POS72154,douglas_fir,4.0,492903.53467557114,4871857.905625962,False,,,False
POS72155,douglas_fir,8.0,492903.9157793049,4871859.109054193,False,,,False
POS72156,douglas_fir,11.0,492905.3681270009,4871863.046976358,False,,,False
POS72157,douglas_fir,8.0,492905.80071866326,4871865.403593825,False,,,False
POS72158,douglas_fir,12.0,492904.9424947349,4871867.2259652885,False,,,False
POS72159,maple,5.0,492888.6066975671,4871881.234399342,False,,,False
POS72160,douglas_fir,11.0,492889.5120748399,4871954.517258917,False,,,False
POS72161,douglas_fir,6.0,492885.90067931905,4871961.642309009,False,,,False
POS72162,douglas_fir,10.0,492887.2976717268,4871960.997969825,False,,,False
POS72163,douglas_fir,10.0,492886.3318368662,4871962.713324658,False,,,False
POS72164,pine,8.0,492884.84206501127,4871963.631607515,False,,,False
POS72165,pine,5.0,492885.0452121978,4871966.036279347,False,,,False
POS72166,pine,5.0,492883.5412212793,4871967.21654978,False,,,False
POS72167,douglas_fir,6.0,492885.5819333931,4871965.178557582,False,,,False
POS72168,douglas_fir,10.0,492881.9319738622,4871970.539776505,False,,,False
POS72169,pine,10.0,492883.2199230951,4871968.395514963,False,,,False
POS72170,pine,10.0,492882.4851652396,4871971.562931776,False,,,False
POS72171,pine,10.0,492882.04316082626,4871973.968350493,False,,,False
POS72172,douglas_fir,8.0,492881.9390217205,4871977.075783942,False,,,False
POS72173,douglas_fir,12.0,492877.22337989457,4871991.224199049,False,,,False
POS72174,douglas_fir,12.0,492876.6887026833,4871994.010569361,False,,,False
POS72175,pine,14.0,492875.7393375509,4871997.512996741,False,,,False
POS72176,douglas_fir,9.0,492873.0006348583,4872016.53532964,False,,,False
POS72177,douglas_fir,11.0,492871.1294512684,4872023.481703454,False,,,False
POS72178,douglas_fir,8.0,492871.99441788736,4872027.873815551,False,,,False
POS72179,pine,11.0,492871.7677110296,4872025.182928004,False,,,False
POS72180,douglas_fir,11.0,492869.74410652515,4872034.947880776,False,,,False
POS72181,pine,8.0,492869.43795036315,4872036.7219246365,False,,,False
POS72182,pine,13.0,492869.64109763544,4872039.126596061,False,,,False
POS72183,douglas_fir,5.0,492869.0038164634,4872046.413207945,False,,,False
POS72184,douglas_fir,11.0,492868.68343826744,4872048.449339208,False,,,False
POS72185,douglas_fir,7.0,492868.25463259453,4872049.628395879,False,,,False
POS72186,pine,8.0,492866.00595694745,4872058.202477488,False,,,False
POS72187,pine,8.0,492865.47045995854,4872060.131684131,False,,,False
POS72188,douglas_fir,13.0,492865.0442097078,4872063.667923712,False,,,False
POS72189,maple,8.0,492866.01341589965,4872065.059810431,False,,,False
POS72190,pine,10.0,492865.0482970145,4872067.418015373,False,,,False
POS72191,douglas_fir,13.0,492864.4228868786,4872072.299672282,False,,,False
POS72192,douglas_fir,8.0,492864.2107319679,4872074.978562178,False,,,False
POS72194,oak,5.0,492862.035740683,4872086.026254082,False,,,False
POS72195,maple,2.0,492861.57610785606,4872087.940023899,False,,,False
POS72196,maple,6.0,492860.7179852515,4872089.869602416,False,,,False
POS72197,douglas_fir,11.0,492854.69827542437,4872118.695359898,False,,,False
POS72198,douglas_fir,11.0,492879.50750701607,4872435.3987101875,False,,,False
POS72199,douglas_fir,11.0,492885.19788832875,4872433.963562845,False,,,False
POS72200,douglas_fir,11.0,492893.1667887398,4872432.514412171,False,,,False
POS72201,douglas_fir,15.0,492915.64322184934,4872427.285838707,False,,,False
POS72202,pine,15.0,492921.54010389437,4872425.505839064,False,,,False
POS72203,douglas_fir,15.0,492924.8737767089,4872426.252258344,False,,,False
POS72204,douglas_fir,13.0,492941.3196473552,4872422.806196497,False,,,False
POS72205,douglas_fir,18.0,492943.89820350613,4872421.196376438,False,,,False
POS72207,douglas_fir,14.0,492999.326689408,4872407.286105824,False,,,False
POS72208,douglas_fir,25.0,493014.1620304668,4872393.15610858,False,,,False
POS72209,douglas_fir,20.0,493017.26018237154,4872390.0326278405,False,,,False
POS72210,douglas_fir,25.0,493020.71800551977,4872378.184992541,False,,,False
POS72211,douglas_fir,12.0,493014.0160007865,4872372.250820275,False,,,False
POS72212,douglas_fir,12.0,493011.0019878309,4872368.825520522,False,,,False
POS72213,douglas_fir,10.0,493008.20442744734,4872366.792742379,False,,,False
POS72214,douglas_fir,10.0,493005.95903146145,4872364.81894511,False,,,False
POS72215,maple,18.0,492982.4092035761,4872365.334271251,False,,,False
POS72216,douglas_fir,30.0,492970.56196964195,4872354.940051932,False,,,False
POS72217,douglas_fir,20.0,493076.6108846981,4872332.513173926,False,,,False
POS72220,douglas_fir,20.0,492897.1435651059,4872426.576626375,False,,,False
POS72221,douglas_fir,10.0,492896.3737207486,4872424.0537400525,False,,,False
POS72222,douglas_fir,7.0,492895.8349494963,4872422.875809316,False,,,False
POS72223,pine,9.0,492894.6629988075,4872419.400880723,False,,,False
POS72225,pine,14.0,492893.67465148756,4872413.557026051,False,,,False
POS72226,douglas_fir,14.0,492892.6090841522,4872409.010524522,False,,,False
POS72227,douglas_fir,16.0,492893.12830870744,4872405.414959748,False,,,False
POS72228,douglas_fir,3.0,492892.6945901848,4872401.986963968,False,,,False
POS72229,douglas_fir,11.0,492892.2611795124,4872398.880391649,False,,,False
POS72230,pine,16.0,492889.5719424871,4872397.597580416,False,,,False
POS72231,maple,12.0,492892.9109358536,4872403.165272712,False,,,False
POS72232,pine,21.0,492891.92742109596,4872392.541949412,False,,,False
POS72233,douglas_fir,19.0,492891.9265770375,4872387.631005697,False,,,False
POS72234,pine,13.0,492889.55382215674,4872380.669486339,False,,,False
POS72244,douglas_fir,36.0,492909.2401392753,4872290.971377693,False,,,False
POS72245,maple,10.0,492891.09474968445,4872313.91089457,False,,,False
POS72246,douglas_fir,28.0,492898.49925624375,4872300.947086052,False,,,False
POS72247,pine,14.0,492912.94440415106,4872310.440093577,False,,,False
POS72248,pine,13.0,492917.96333725523,4872304.4618054135,False,,,False
POS72249,douglas_fir,20.0,492926.8791400008,4872297.05954715,False,,,False
POS72250,douglas_fir,20.0,492932.46536574775,4872292.767864035,False,,,False
POS72251,pine,4.0,492914.2883128845,4872286.251718158,False,,,False
POS72253,dogwood,4.0,492925.83882011875,4872277.110808719,False,,,False
POS72254,douglas_fir,20.0,492946.9460319337,4872259.761031201,False,,,False
POS72255,dogwood,5.0,492935.5720478678,4872268.717100076,False,,,False
POS72256,dogwood,5.0,492939.8547752931,4872265.545966878,False,,,False
POS72257,pine,24.0,492952.90614254377,4872252.112855416,False,,,False
POS72258,maple,30.0,492944.0212958058,4872240.577388961,False,,,False
POS72259,douglas_fir,20.0,492941.0087198843,4872238.651998735,False,,,False
POS72260,douglas_fir,18.0,492939.3933360223,4872236.189480625,False,,,False
POS72261,oregon_ash,6.0,492937.90110988874,4872234.750583803,False,,,False
POS72262,oregon_ash,9.0,492937.99521750456,4872235.762437624,False,,,False
POS72263,douglas_fir,18.0,492919.60742258746,4872223.329635923,False,,,False
POS72266,douglas_fir,32.0,492923.36266616016,4872212.587520736,False,,,False
POS72267,douglas_fir,28.0,492945.1803575623,4872218.504788453,False,,,False
POS72268,pine,22.0,492967.033238719,4872243.874279747,False,,,False
POS72269,douglas_fir,6.0,492963.819967536,4872241.794293117,False,,,False
POS72270,maple,18.0,492984.5419096254,4872250.556389453,False,,,False
POS72271,pine,3.0,492972.8554127291,4872239.433931392,False,,,False
POS72272,oak,1.0,492971.43748906534,4872240.226751942,False,,,False
POS72275,douglas_fir,12.0,493001.7348115148,4872219.301775286,False,,,False
POS72276,douglas_fir,12.0,493004.31254574383,4872216.727687095,False,,,False
POS72278,douglas_fir,18.0,493044.1168012902,4872209.350136505,False,,,False
POS72281,douglas_fir,20.0,493172.83791230805,4872249.793506206,False,,,False
POS72283,douglas_fir,42.0,493189.5165201959,4872234.230255424,False,,,False
POS72284,douglas_fir,24.0,493192.3755285832,4872233.031324314,False,,,False
POS72286,douglas_fir,22.0,493216.9745260215,4872131.595684897,False,,,False
POS72290,maple,1.0,493217.92409847426,4872114.0230313,False,,,False
POS72294,douglas_fir,20.0,493241.3487414731,4872003.983029067,False,,,False
POS72295,pine,18.0,493240.66968436795,4872000.150589754,False,,,False
POS72296,oak,6.0,493240.9397287816,4872001.8785272185,False,,,False
POS72297,maple,3.0,493132.69720397063,4871968.501381237,False,,,False
POS72299,maple,15.0,493025.9061925885,4871844.343933741,False,,,False
POS72300,douglas_fir,4.0,493032.8233942104,4871834.98883654,False,,,False
POS72301,douglas_fir,5.0,493034.4206707964,4871833.963357327,False,,,False
POS72302,douglas_fir,8.0,493036.139978296,4871832.89011771,False,,,False
POS72303,douglas_fir,15.0,493040.4548259334,4871832.409264255,False,,,False
POS72304,douglas_fir,5.0,493032.69962418353,4871833.322266592,False,,,False
POS72305,douglas_fir,6.0,493047.43138427474,4871834.3782567745,False,,,False
POS72306,douglas_fir,6.0,493045.9248411298,4871833.201242925,False,,,False
POS72307,douglas_fir,10.0,493043.3429150508,4871831.918131416,False,,,False
POS72308,douglas_fir,22.0,493050.88726573414,4871848.839752678,False,,,False
POS72310,maple,13.0,493046.5967099602,4871856.307450387,False,,,False
POS72312,western_hemlock,15.0,493037.25802226225,4871868.784724842,False,,,False
POS72313,pine,26.0,493036.3719422123,4872048.646660759,False,,,False
POS72315,pine,15.0,493196.48785095254,4872042.127250336,False,,,False
POS72316,maple,8.0,493194.2814365786,4872044.480009782,False,,,False
POS72319,douglas_fir,22.0,493266.8174999087,4872043.076679706,False,,,False
POS72320,douglas_fir,25.0,493263.59164971655,4872042.758494235,False,,,False
POS72321,douglas_fir,25.0,493261.01115268253,4872042.761182982,False,,,False
POS72326,oak,6.0,492921.99526140507,4871955.103375177,False,,,False
POS72327,pine,20.0,492934.28093523474,4871966.050212729,False,,,False
POS72328,pine,20.0,492935.6663619885,4871970.089241487,False,,,False
POS72329,douglas_fir,11.0,492944.56123640493,4871959.491408329,False,,,False
POS72330,douglas_fir,15.0,492946.32785028353,4871961.7655326435,False,,,False
POS72331,douglas_fir,15.0,492947.09738487314,4871964.074302782,False,,,False
POS72332,sycamore,36.0,492938.3266700921,4872141.587895266,False,,,False
POS72333,dogwood,3.0,492926.44285775715,4872102.820699566,False,,,False
POS72335,douglas_fir,14.0,492936.1473866971,4872039.948366848,False,,,False
POS72337,pine,11.0,492937.05529870995,4872032.711433659,False,,,False
POS72338,maple,28.0,492937.02246235055,4872029.056788097,False,,,False
POS72339,pine,4.0,493123.16160222696,4871845.001977424,False,,,False
POS72340,pine,2.0,493150.74534846377,4871887.970131476,False,,,False
POS72341,douglas_fir,14.0,493016.6253050515,4871887.967556567,False,,,False
POS72342,douglas_fir,16.0,492981.8294445293,4871881.479346375,False,,,False
POS72355,maple,2.0,492931.03475769015,4871155.054608874,False,,,False
POS72360,green_ash,5.0,492979.31828095735,4871177.021573454,False,,,False
POS72361,green_ash,7.0,492992.6638945091,4871174.371622376,False,,,False
POS72362,green_ash,7.0,493005.200302575,4871180.34232996,False,,,False
POS72363,green_ash,5.0,493006.86085212807,4871192.6913089305,False,,,False
POS72364,green_ash,2.0,493019.0571416163,4871199.705231909,False,,,False
POS72365,green_ash,4.0,493024.3452425027,4871202.657024812,False,,,False
POS72366,maple,6.0,493032.43465929443,4871195.841021138,False,,,False
POS72367,maple,6.0,493035.1641026732,4871212.679720257,False,,,False
POS72369,maple,17.0,493045.48634805524,4871217.451596319,False,,,False
POS72370,maple,5.0,493036.34152105765,4871219.022299444,False,,,False
POS72371,maple,5.0,493034.6392256702,4871225.156967049,False,,,False
POS72372,maple,5.0,493030.4882000758,4871229.134799206,False,,,False
POS72373,maple,5.0,493025.3889356776,4871230.592393984,False,,,False
POS72374,maple,10.0,493018.0623390201,4871230.754952896,False,,,False
POS72375,maple,10.0,493010.02030384936,4871229.68728109,False,,,False
POS72376,maple,6.0,493003.88879291015,4871228.147246988,False,,,False
POS72380,green_ash,6.0,492970.1998427533,4871232.1699794,False,,,False
POS72381,green_ash,2.0,492969.2677921702,4871221.819751489,False,,,False
POS72382,green_ash,3.0,492962.02644125774,4871221.501732658,False,,,False
POS72383,green_ash,5.0,492964.03434899513,4871228.159468675,False,,,False
POS72384,green_ash,5.0,492960.37876872066,4871228.59199552,False,,,False
POS72385,green_ash,5.0,492955.10255817726,4871222.341342741,False,,,False
POS72386,maple,5.0,492948.938790645,4871224.37119319,False,,,False
POS72387,maple,5.0,492941.4261957835,4871229.733947871,False,,,False
POS72388,green_ash,7.0,492957.43905415037,4871229.184293513,False,,,False
POS72389,maple,5.0,492936.454188508,4871234.789506785,False,,,False
POS72390,maple,5.0,492931.8742931242,4871241.607850555,False,,,False
POS72393,maple,8.0,492915.45144151326,4871245.520928955,False,,,False
POS72394,oak,1.0,493280.3998655951,4871224.470112065,False,,,False
POS72395,maple,1.0,493260.2888248192,4871233.188634609,False,,,False
POS72396,green_ash,1.0,493264.28943078936,4871229.368147496,False,,,False
POS72398,dogwood,2.0,493310.5426965165,4871175.957199113,False,,,False
POS72414,douglas_fir,33.0,493385.78401418513,4872730.332340757,False,,,False
POS72415,douglas_fir,33.0,493385.60100340965,4872739.091361357,False,,,False
POS72416,oak,15.0,493383.2125819296,4872631.712982174,False,,,False
POS72417,oak,10.0,493397.5256068803,4872632.50387277,False,,,False
POS72419,maple,3.0,493423.7297571625,4872718.906690043,False,,,False
POS72442,maple,6.0,493478.7772039841,4872802.734378939,False,,,False
POS72443,maple,4.0,493478.9141357627,4872797.492937577,False,,,False
POS72446,oak,2.0,493376.1746539833,4872832.867525478,False,,,False
POS72447,oak,2.0,493374.4670876603,4872831.027685306,False,,,False
POS72449,douglas_fir,26.0,493199.6759828174,4871682.052546998,False,,,False
POS72450,douglas_fir,16.0,493202.23583642807,4871682.75837456,False,,,False
POS72451,oregon_ash,11.0,493204.08031345165,4871679.072750361,False,,,False
POS72452,oak,16.0,493210.90581087867,4871680.19919923,False,,,False
POS72453,douglas_fir,16.0,493213.3336980113,4871676.748696918,False,,,False
POS72454,oak,15.0,493219.1135140036,4871678.543069875,False,,,False
POS72455,douglas_fir,25.0,493219.1135140036,4871678.543069875,False,,,False
POS72456,douglas_fir,18.0,493221.72546458524,4871680.140393414,False,,,False
POS72458,douglas_fir,20.0,493230.6813759697,4871678.997817147,False,,,False
POS72459,douglas_fir,17.0,493230.9538652896,4871681.595468944,False,,,False
POS72460,pine,18.0,493236.0845201919,4871690.303587377,False,,,False
POS72461,douglas_fir,20.0,493229.54010321444,4871689.38933637,False,,,False
POS72462,douglas_fir,35.0,493223.56867532997,4871689.253721378,False,,,False
POS72463,douglas_fir,24.0,493219.87143189827,4871688.549149997,False,,,False
POS72464,douglas_fir,24.0,493216.4593420626,4871688.694327794,False,,,False
POS72465,oak,5.0,493207.9453160115,4871690.638928703,False,,,False
POS72466,oak,11.0,493205.40147716604,4871691.44384866,False,,,False
POS72467,oak,28.0,493196.7008910582,4871692.398336558,False,,,False
POS72472,oak,7.0,493194.72503690247,4871692.49427457,False,,,False
POS72473,maple,30.0,493356.12825858657,4872224.802131181,False,,,False
POS72474,douglas_fir,18.0,493361.90494936786,4872221.9328010855,False,,,False
POS72475,douglas_fir,18.0,493366.05989950994,4872219.457789757,False,,,False
POS72478,douglas_fir,10.0,493381.1922416415,4872016.395644237,False,,,False
POS72479,douglas_fir,5.0,493383.4910079875,4871977.990406631,False,,,False
POS72480,oak,30.0,493387.6615737783,4871941.055694372,False,,,False
POS72481,maple,10.0,493387.1997964819,4871937.961472391,False,,,False
POS72482,maple,10.0,493386.2410305707,4871932.450208332,False,,,False
POS72485,douglas_fir,24.0,493382.16685879405,4871781.625030356,False,,,False
POS72486,douglas_fir,1.0,493369.6235434618,4871774.331754385,False,,,False
POS72487,douglas_fir,1.0,493362.12939863687,4871783.871437427,False,,,False
POS72489,maple,7.0,493370.79129905556,4871757.001509575,False,,,False
POS72490,douglas_fir,8.0,493380.10190102825,4871760.902653378,False,,,False
POS72491,douglas_fir,8.0,493381.78541570413,4871762.523170426,False,,,False
POS72494,oak,6.0,493699.04684267053,4872749.2116426965,False,,,False
POS72495,oak,4.0,493700.59097945184,4872745.305756508,False,,,False
POS72496,oak,24.0,493724.19321804,4872716.965319236,False,,,False
POS72497,oak,20.0,493721.8517494447,4872718.180492051,False,,,False
POS72498,oak,20.0,493719.08982095565,4872720.382159481,False,,,False
POS72499,maple,14.0,493638.12547400594,4872276.353503035,False,,,False
POS72500,douglas_fir,3.0,493626.1496648085,4872261.106910014,False,,,False
POS72501,douglas_fir,5.0,493639.92591936275,4872185.12505013,False,,,False
POS72502,douglas_fir,7.0,493625.47529786674,4872161.022496342,False,,,False
POS72506,douglas_fir,15.0,493639.31281116395,4872127.576064694,False,,,False
POS72507,maple,15.0,493626.65413981036,4872066.419015243,False,,,False
POS72508,maple,2.0,493575.945756493,4872032.080601529,False,,,False
POS72509,maple,4.0,493574.5522960784,4872032.385428419,False,,,False
POS72511,western_hemlock,5.0,493568.2983379738,4872014.069553971,False,,,False
POS72512,douglas_fir,22.0,493626.2250939547,4872032.638083393,False,,,False
POS72513,douglas_fir,28.0,493639.16688198707,4872027.6085966285,False,,,False
POS72514,douglas_fir,14.0,493628.18657666474,4872013.797269871,False,,,False
POS72515,douglas_fir,2.0,493628.919243014,4871993.061996295,False,,,False
POS72516,douglas_fir,2.0,493489.9225314334,4871962.848664422,False,,,False
POS72517,oak,8.0,493492.395011794,4871928.149476069,False,,,False
POS72519,oak,10.0,493482.5440957532,4871908.44938705,False,,,False
POS72524,oak,27.0,493718.93799859314,4871963.137909878,False,,,False
POS72525,pine,22.0,493731.6646532708,4871944.016364453,False,,,False
POS72526,maple,2.0,493509.42363837565,4872318.31425853,False,,,False
POS72527,douglas_fir,3.0,493623.95152815536,4872260.28727121,False,,,False
POS72528,douglas_fir,3.0,493621.5863574019,4872260.503893732,False,,,False
POS72529,douglas_fir,3.0,493619.22026768565,4872259.756145705,False,,,False
POS72530,douglas_fir,3.0,493616.8545851941,4872259.32982422,False,,,False
POS72531,douglas_fir,3.0,493613.3064212857,4872259.226126718,False,,,False
POS72532,douglas_fir,3.0,493610.2959984189,4872259.229082572,False,,,False
POS72533,douglas_fir,3.0,493607.28547510103,4872259.124830662,False,,,False
POS72534,douglas_fir,6.0,493611.57574942516,4872248.406491767,False,,,False
POS72535,douglas_fir,11.0,493605.44709517993,4872248.198076448,False,,,False
POS72536,douglas_fir,11.0,493547.7993746096,4872207.839910938,False,,,False
POS72537,oak,9.0,493561.98091560986,4872190.050750558,False,,,False
POS72538,maple,38.0,493446.0750079909,4872110.621262017,False,,,False
POS72539,oak,26.0,493476.3548328174,4872248.864345643,False,,,False
POS72540,oak,22.0,493479.7045514537,4872252.9130961895,False,,,False
POS72541,oak,35.0,493481.10297369346,4872253.661664348,False,,,False
POS72542,oak,7.0,493477.42305660626,4872248.72441955,False,,,False
POS72544,oak,10.0,493483.2701875005,4872256.432166885,False,,,False
POS72546,douglas_fir,15.0,493489.09004451265,4872270.676292497,False,,,False
POS72547,douglas_fir,12.0,493491.78572633927,4872278.602097073,False,,,False
POS72549,oak,27.0,493488.897661121,4872334.651206795,False,,,False
POS72556,oak,14.0,493809.28364557435,4872807.684170011,False,,,False
POS72557,oak,16.0,493807.0911715925,4872807.22441607,False,,,False
POS72599,oak,6.0,493737.9755868931,4871819.811950747,False,,,False
POS72611,douglas_fir,24.0,493737.7778407207,4871838.134686512,False,,,False
POS72612,dogwood,5.0,493755.3318872377,4871843.571330981,False,,,False
POS72613,oak,14.0,493754.21032823855,4872043.509543716,False,,,False
POS72614,maple,4.0,493753.37282945385,4872076.013117104,False,,,False
POS72615,maple,12.0,493753.2062696317,4872154.33687442,False,,,False
POS72616,maple,12.0,493753.580042776,4872157.169656922,False,,,False
POS72618,pine,10.0,493735.75747346465,4872235.122144489,False,,,False
POS72620,maple,3.0,493750.5020798693,4872465.208233256,False,,,False
POS72634,oregon_ash,14.0,493939.7921438951,4872289.45467237,False,,,False
POS72638,oregon_ash,40.0,493923.1943990179,4872138.971268035,False,,,False
POS72643,pine,4.0,493716.05505926756,4871654.768360686,False,,,False
POS72644,pine,4.0,493714.9771235296,4871651.876256668,False,,,False
POS72645,pine,4.0,493712.50230418873,4871650.057012553,False,,,False
POS72646,oak,8.0,493711.63958811044,4871647.486246497,False,,,False
POS72679,oregon_ash,2.0,493413.2684624876,4871206.515582165,False,,,False
POS72681,pine,29.0,493405.63051860366,4871203.4155888725,False,,,False
POS72684,douglas_fir,13.0,493377.75390968926,4871177.832331949,False,,,False
POS72686,douglas_fir,3.0,493026.1611802074,4870983.041400632,False,,,False
POS72687,douglas_fir,3.0,493028.63569592097,4870984.110399077,False,,,False
POS72688,douglas_fir,15.0,493032.5808180046,4870983.47930404,False,,,False
POS72689,douglas_fir,15.0,493036.0223979716,4870983.904332103,False,,,False
POS72692,oregon_ash,14.0,493358.7035346108,4871160.920194503,False,,,False
POS72693,douglas_fir,2.0,493360.10429335444,4871163.704930264,False,,,False
POS72694,pine,4.0,493083.1239968095,4870997.888964439,False,,,False
POS72695,pine,4.0,493087.4265544719,4870998.956117924,False,,,False
POS72697,douglas_fir,11.0,493118.0287136111,4871006.726659509,False,,,False
POS72698,douglas_fir,11.0,493121.7924080303,4871006.61557566,False,,,False
POS72700,pine,38.0,493337.39900344476,4871149.592048521,False,,,False
POS72701,maple,6.0,493128.03123062814,4871008.323644781,False,,,False
POS72702,douglas_fir,10.0,493334.2103876261,4871144.460845159,False,,,False
POS72703,oak,10.0,493329.9723604906,4871141.338818334,False,,,False
POS72704,oak,4.0,493313.0822787112,4871128.960467488,False,,,False
POS72705,douglas_fir,11.0,493158.33420103136,4871020.074049611,False,,,False
POS72706,douglas_fir,7.0,493161.8841010192,4871021.24914696,False,,,False
POS72707,pine,2.0,493325.77788158733,4871135.4843618525,False,,,False
POS72708,pine,2.0,493314.3696255462,4871125.958644721,False,,,False
POS72709,douglas_fir,20.0,493165.0091578459,4871027.568510364,False,,,False
POS72710,douglas_fir,14.0,493171.3586383895,4871032.277125184,False,,,False
POS72711,oak,6.0,493307.8087929204,4871124.679383817,False,,,False
POS72712,douglas_fir,25.0,493176.6289718769,4871033.343261216,False,,,False
POS72713,oak,3.0,493305.1188581063,4871123.181834987,False,,,False
POS72714,douglas_fir,4.0,493308.7745327487,4871122.642308713,False,,,False
POS72715,douglas_fir,2.0,493305.00992587727,4871121.788818065,False,,,False
POS72716,pine,2.0,493300.9416815847,4871118.868667868,False,,,False
POS72717,oak,3.0,493300.7070649759,4871120.292933474,False,,,False
POS72718,oregon_ash,3.0,493298.23193818174,4871118.473780126,False,,,False
POS72720,douglas_fir,14.0,493296.39982726047,4871114.510615244,False,,,False
POS72721,douglas_fir,10.0,493295.3232192822,4871113.225824306,False,,,False
POS72723,oak,6.0,493223.43893051794,4871057.152969927,False,,,False
POS72725,douglas_fir,7.0,493230.32452752674,4871060.467918692,False,,,False
POS72726,oak,6.0,493287.0410407088,4871111.305361802,False,,,False
POS72727,oak,4.0,493240.87108984374,4871068.38714283,False,,,False
POS72728,oak,7.0,493285.8559084167,4871109.056186405,False,,,False
POS72729,oak,3.0,493245.066343134,4871069.775910544,False,,,False
POS72730,douglas_fir,4.0,493287.36000215367,4871107.661508131,False,,,False
POS72731,douglas_fir,8.0,493258.94382001745,4871075.119819442,False,,,False
POS72735,maple,5.0,493272.4593893888,4871099.871148616,False,,,False
POS72737,oak,7.0,493270.7767675993,4871100.281352342,False,,,False
POS72741,maple,5.0,493304.6162206596,4871104.491648862,False,,,False
POS72742,douglas_fir,6.0,493306.7679051308,4871105.453908944,False,,,False
POS72743,oak,12.0,493259.2636502286,4871093.434733403,False,,,False
POS72745,oak,2.0,493258.14245852386,4871092.367122249,False,,,False
POS72747,maple,4.0,493256.3127950794,4871089.863299547,False,,,False
POS72748,oak,6.0,493254.09950449807,4871091.082504602,False,,,False
POS72749,oak,18.0,493252.80778075574,4871089.797893853,False,,,False
POS72750,maple,7.0,493250.3328605882,4871088.192956964,False,,,False
POS72751,maple,7.0,493250.3337736131,4871089.050324882,False,,,False
POS72752,pine,11.0,493365.57147697837,4871148.7998879,False,,,False
POS72753,pine,6.0,493249.7925704257,4871085.6217107205,False,,,False
POS72754,douglas_fir,5.0,493369.5768308792,4871150.439601022,False,,,False
POS72755,douglas_fir,5.0,493372.1587496229,4871151.508606242,False,,,False
POS72756,pine,5.0,493374.4191623233,4871153.756772216,False,,,False
POS72757,pine,32.0,493243.1381616109,4871086.623366193,False,,,False
POS72758,douglas_fir,5.0,493378.40082342434,4871156.646037379,False,,,False
POS72759,douglas_fir,4.0,493380.5531163706,4871158.251346241,False,,,False
POS72760,pine,7.0,493234.62459048675,4871080.171983899,False,,,False
POS72761,douglas_fir,6.0,493385.467671891,4871162.425613455,False,,,False
POS72762,douglas_fir,2.0,493243.4471606633,4871084.770899968,False,,,False
POS72763,douglas_fir,8.0,493387.0104089828,4871163.4957054565,False,,,False
POS72764,oregon_ash,1.0,493239.5737213941,4871082.631600808,False,,,False
POS72765,douglas_fir,8.0,493388.6249629686,4871165.1014660755,False,,,False
POS72766,maple,8.0,493389.9179098229,4871167.671974233,False,,,False
POS72767,oak,6.0,493232.253716693,4871075.137789408,False,,,False
POS72768,douglas_fir,3.0,493231.28431231977,4871073.638587672,False,,,False
POS72769,oregon_ash,4.0,493392.2108434063,4871168.378137912,False,,,False
POS72770,douglas_fir,9.0,493229.7777768161,4871072.568476352,False,,,False
POS72771,oak,4.0,493393.57735227724,4871170.990243409,False,,,False
POS72772,oak,6.0,493395.83745677327,4871172.809779936,False,,,False
POS72773,douglas_fir,6.0,493220.52558058326,4871068.5058642905,False,,,False
POS72774,oak,20.0,493223.7529570784,4871069.788441818,False,,,False
POS72776,douglas_fir,16.0,493197.5096581897,4871056.263004774,False,,,False
POS72777,douglas_fir,5.0,493193.0566740087,4871054.067307498,False,,,False
POS72778,oak,20.0,493186.096275228,4871050.96673709,False,,,False
POS72780,douglas_fir,12.0,493178.8368904583,4871048.773287093,False,,,False
POS72781,maple,12.0,493177.0581776396,4871046.046674398,False,,,False
POS72782,oak,15.0,493175.87436887104,4871045.083399572,False,,,False
POS72783,oak,4.0,493172.3230443128,4871042.515193427,False,,,False
POS72784,oak,4.0,493170.27815495216,4871040.909890402,False,,,False
POS72785,oak,14.0,493166.0814798939,4871038.235119685,False,,,False
POS72786,douglas_fir,6.0,493167.59971357026,4871040.380931157,False,,,False
POS72787,oak,30.0,493154.6684764648,4871034.239625774,False,,,False
POS72788,douglas_fir,5.0,493149.94490268576,4871032.143658211,False,,,False
POS72789,maple,7.0,493146.6098173512,4871030.7539615985,False,,,False
POS72790,oak,6.0,493129.2134006198,4871023.432044221,False,,,False
POS72791,oak,3.0,493118.26918989106,4871019.5581472535,False,,,False
POS72792,douglas_fir,5.0,493124.9857043006,4871021.645890296,False,,,False
POS72794,oregon_ash,2.0,493114.45528768934,4871019.505224957,False,,,False
POS72795,douglas_fir,7.0,493109.9244534969,4871016.825181932,False,,,False
POS72796,douglas_fir,30.0,493102.4936887034,4871014.694421406,False,,,False
POS72797,oak,24.0,493102.8642864857,4871013.9143441385,False,,,False
POS72799,oregon_ash,2.0,493102.23693134903,4871011.569610078,False,,,False
POS72800,maple,13.0,493094.1954462741,4871011.552924424,False,,,False
POS72801,pine,2.0,493088.4775783829,4871010.105215215,False,,,False
POS72802,pine,2.0,493090.66379919596,4871010.118059938,False,,,False
POS72803,pine,2.0,493084.9636354879,4871009.373912635,False,,,False
POS72804,pine,2.0,493082.81164598,4871008.197334076,False,,,False
POS72805,pine,4.0,493086.4699668461,4871010.122502228,False,,,False
POS72806,oak,18.0,493077.5430380185,4871008.738727168,False,,,False
POS72807,oregon_ash,6.0,493076.57251551177,4871006.167841082,False,,,False
POS72809,douglas_fir,2.0,493069.39797716774,4871004.958071582,False,,,False
POS72810,douglas_fir,3.0,493066.5691853678,4871003.820696951,False,,,False
POS72811,douglas_fir,5.0,493063.12658868195,4871002.431192373,False,,,False
POS72812,pine,14.0,493044.0357979406,4870999.039499467,False,,,False
POS72813,douglas_fir,7.0,493037.1496878976,4870995.4032224165,False,,,False
POS72814,pine,15.0,493040.59218118025,4870996.68561863,False,,,False
POS72815,pine,8.0,493009.75685148395,4870992.700104105,False,,,False
POS72816,oak,6.0,493034.35284982907,4870994.548915059,False,,,False
POS72817,oak,12.0,493031.2340006309,4870994.337828539,False,,,False
POS72818,oak,3.0,493017.60738259566,4870993.120408811,False,,,False
POS72820,oak,3.0,493020.5105074311,4870992.795831792,False,,,False
POS72821,oak,8.0,493027.14655539603,4870993.2705952255,False,,,False
POS72822,pine,2.0,493014.9169347273,4870991.194325483,False,,,False
POS72823,pine,4.0,493021.047945504,4870992.580960403,False,,,False
POS72824,douglas_fir,15.0,493025.9648843447,4870994.450586653,False,,,False
POS72825,pine,2.0,493020.831301036,4870991.080923517,False,,,False
POS72826,pine,6.0,493024.78015931515,4870992.737248991,False,,,False
POS72827,pine,4.0,493023.62935665174,4870993.006918236,False,,,False
POS72828,oak,5.0,493024.13623038685,4870993.916688337,False,,,False
POS72829,oak,4.0,493025.45780648815,4870993.326500241,False,,,False
POS72830,douglas_fir,2.0,493022.7675627913,4870991.614733175,False,,,False
POS72831,douglas_fir,2.0,493018.24988623086,4870990.547860485,False,,,False
POS72832,douglas_fir,40.0,494177.9776783922,4872265.467751425,False,,,False
POS72833,douglas_fir,33.0,494158.87206202676,4872301.816853342,False,,,False
POS72834,douglas_fir,36.0,494174.7495748666,4872277.257032838,False,,,False
POS72835,douglas_fir,36.0,494173.67880424234,4872282.293699747,False,,,False
POS72837,douglas_fir,36.0,494171.96411581663,4872288.50940103,False,,,False
POS72839,douglas_fir,36.0,494173.9989677133,4872279.507730906,False,,,False
POS72846,douglas_fir,5.0,494140.7010552544,4872338.639568239,False,,,False
POS72863,oregon_ash,18.0,494125.8796491682,4872420.107132329,False,,,False
POS72873,oregon_ash,5.0,494081.22826369473,4872469.3945698785,False,,,False
POS72876,oregon_ash,5.0,494071.1273544637,4872479.75336142,False,,,False
POS72877,oregon_ash,6.0,494068.01240779716,4872482.97023658,False,,,False
POS72881,maple,15.0,494151.30742918554,4872399.944945879,False,,,False
POS72887,oregon_ash,19.0,494002.9818858524,4872554.551033621,False,,,False
POS72888,douglas_fir,19.0,494060.5635240447,4872515.730867401,False,,,False
POS72891,pine,10.0,493666.70973241265,4872702.777630391,False,,,False
POS72892,pine,15.0,493610.78308122116,4872561.53513559,False,,,False
POS72893,pine,30.0,493668.4357048895,4872708.882707906,False,,,False
POS72894,pine,25.0,493601.2046505792,4872551.486630859,False,,,False
POS72895,pine,18.0,493670.37659172836,4872714.880394665,False,,,False
POS72896,oak,3.0,493574.9440486592,4872522.79923614,False,,,False
POS72898,pine,38.0,493572.57662381575,4872520.551582841,False,,,False
POS72899,pine,2.0,493561.6048842506,4872514.776784328,False,,,False
POS72900,douglas_fir,11.0,493675.35768323374,4872738.084865604,False,,,False
POS72901,pine,30.0,493554.9502239268,4872508.821418002,False,,,False
POS72902,douglas_fir,11.0,493677.4768330489,4872754.829740626,False,,,False
POS72903,pine,9.0,493677.67303366616,4872756.280859373,False,,,False
POS72905,pine,20.0,493680.04586306436,4872771.3380311625,False,,,False
POS72906,pine,13.0,493538.70824509737,4872503.995075483,False,,,False
POS72907,pine,35.0,493680.4088650341,4872779.32991267,False,,,False
POS72909,douglas_fir,45.0,493680.3217603938,4872785.816895346,False,,,False
POS72910,douglas_fir,36.0,493523.6432637068,4872490.70658605,False,,,False
POS72911,douglas_fir,34.0,493498.3599701904,4872472.410718496,False,,,False
POS72913,oak,18.0,493460.92563618557,4872450.291645914,False,,,False
POS72917,pine,20.0,493449.2509189144,4872440.2393799,False,,,False
POS72918,pine,40.0,493426.74884598603,4872414.655493506,False,,,False
POS72919,pine,40.0,493417.97871499415,4872405.214438961,False,,,False
POS72922,douglas_fir,16.0,493415.5350567221,4872401.158330413,False,,,False
POS72927,douglas_fir,7.0,493409.4733043436,4872393.330376106,False,,,False
POS72933,pine,11.0,493695.303938795,4872798.166668543,False,,,False
POS72934,oak,28.0,493395.805204977,4872371.76790783,False,,,False
POS72943,pine,32.0,493659.5909248668,4872629.454062792,False,,,False
POS72944,pine,26.0,493333.9320023226,4872236.340927885,False,,,False
POS72945,pine,26.0,493333.9320023226,4872236.340927885,False,,,False
POS72947,douglas_fir,55.0,493331.7689447919,4872232.724112028,False,,,False
POS72948,pine,45.0,493654.8560788669,4872617.784841708,False,,,False
POS72949,oak,10.0,493654.27000601037,4872614.660213501,False,,,False
POS72951,dogwood,4.0,493323.3435552833,4872215.364088434,False,,,False
POS72952,douglas_fir,5.0,493322.4816508625,4872213.650689121,False,,,False
POS72953,douglas_fir,32.0,493316.30781375413,4872203.318875144,False,,,False
POS72955,pine,4.0,493406.4387698133,4872357.222507618,False,,,False
POS72956,pine,13.0,493416.2534718278,4872378.42396031,False,,,False
POS72958,pine,35.0,493489.86264688504,4872452.6060466515,False,,,False
POS72961,maple,2.0,493441.59276372514,4872413.135627624,False,,,False
POS72962,maple,2.0,493443.09777069127,4872412.919833472,False,,,False
POS72966,douglas_fir,16.0,493015.0055850015,4871492.859207596,False,,,False
POS72967,douglas_fir,11.0,493028.27067900664,4871505.284957615,False,,,False
POS72968,douglas_fir,5.0,493029.4915746646,4871506.905468355,False,,,False
POS72969,douglas_fir,13.0,493035.14716213045,4871512.674817184,False,,,False
POS72970,douglas_fir,13.0,493032.0003072692,4871508.597115496,False,,,False
POS72971,pine,6.0,492894.1427767004,4871335.970069675,False,,,False
POS72973,oak,6.0,492893.069054964,4871337.423394938,False,,,False
POS72974,oak,6.0,492891.67574975133,4871337.813433042,False,,,False
POS72975,oak,13.0,492893.711679471,4871331.167479167,False,,,False
POS72976,oak,8.0,492891.129650812,4871329.991568895,False,,,False
POS72977,oak,3.0,493050.8366415359,4871526.686392271,False,,,False
POS72978,oak,4.0,492891.4497310467,4871327.633710336,False,,,False
POS72979,oak,5.0,493053.9583508009,4871529.897703237,False,,,False
POS72980,oak,5.0,493064.6144927672,4871540.280398897,False,,,False
POS72982,douglas_fir,22.0,492875.5447784805,4871253.093356582,False,,,False
POS72983,douglas_fir,11.0,492876.1050371544,4871257.676292139,False,,,False
POS72984,douglas_fir,18.0,492878.2578489284,4871259.709933886,False,,,False
POS72995,douglas_fir,24.0,492918.7531278514,4871090.464727469,False,,,False
POS73008,oregon_ash,12.0,492948.0224348556,4871052.341299142,False,,,False
POS73009,oregon_ash,3.0,492944.7009168657,4871057.362913855,False,,,False
POS73010,pine,30.0,493193.681751764,4871695.658685062,False,,,False
POS73011,oregon_ash,4.0,492942.7637350171,4871055.864731313,False,,,False
POS73013,oregon_ash,5.0,492951.8149032449,4871046.088980444,False,,,False
POS73014,oregon_ash,5.0,492954.93345106003,4871046.085647162,False,,,False
POS73015,oak,10.0,493196.2300674008,4871699.435109653,False,,,False
POS73016,oregon_ash,5.0,492957.1874581766,4871042.1182248145,False,,,False
POS73019,oak,3.0,492961.1610823199,4871037.184575047,False,,,False
POS73020,oak,6.0,492962.87937809166,4871035.039552133,False,,,False
POS73021,douglas_fir,3.0,493204.52318447345,4871712.820421622,False,,,False
POS73022,douglas_fir,3.0,493204.5238965875,4871713.463372465,False,,,False
POS73023,douglas_fir,3.0,493207.75699367287,4871720.639189651,False,,,False
POS73024,oregon_ash,10.0,492963.716496893,4871033.981383942,False,,,False
POS73025,oak,3.0,492965.0271993722,4871032.358222035,False,,,False
POS73026,oak,3.0,492966.5313966968,4871031.1778556835,False,,,False
POS73027,douglas_fir,5.0,493203.4485134413,4871713.35727436,False,,,False
POS73028,douglas_fir,5.0,493204.7397275892,4871714.213248133,False,,,False
POS73029,oak,3.0,492967.92686489545,4871028.818788412,False,,,False
POS73030,douglas_fir,5.0,493205.7083217581,4871715.069393791,False,,,False
POS73031,douglas_fir,5.0,493206.1816941471,4871715.948961361,False,,,False
POS73032,douglas_fir,5.0,493207.300530317,4871717.363516466,False,,,False
POS73033,oak,14.0,492973.9425323076,4871022.811328304,False,,,False
POS73034,douglas_fir,5.0,493209.32093717955,4871721.256691646,False,,,False
POS73035,douglas_fir,11.0,493207.00229761924,4871718.7111781575,False,,,False
POS73036,douglas_fir,18.0,492971.14864802954,4871024.743142225,False,,,False
POS73037,oak,14.0,493208.6155261111,4871719.0310373,False,,,False
POS73043,oak,4.0,492976.74926137837,4871018.311275403,False,,,False
POS73044,oak,3.0,492979.11281023524,4871016.1655087685,False,,,False
POS73045,oak,5.0,492980.18555149663,4871013.699605205,False,,,False
POS73046,douglas_fir,18.0,493234.8930747235,4871769.04045069,False,,,False
POS73047,oak,36.0,493236.2164591042,4871768.714630273,False,,,False
POS73049,pine,18.0,492985.2801522455,4870985.818514718,False,,,False
POS73050,pine,25.0,492983.706149313,4870987.226808773,False,,,False
POS73051,pine,14.0,492975.43311827775,4870994.093943524,False,,,False
POS73052,oak,22.0,493242.9426080302,4871780.250091954,False,,,False
POS73055,oregon_ash,21.0,493248.78807706165,4871793.103731162,False,,,False
POS73056,pine,5.0,492966.1974965463,4871005.784481594,False,,,False
POS73057,pine,16.0,492961.6383909774,4871013.789305431,False,,,False
POS73058,pine,8.0,492958.3356543863,4871017.498018415,False,,,False
POS73059,pine,12.0,492956.5331664661,4871018.868591995,False,,,False
POS73060,pine,15.0,493251.7473124186,4871798.833608032,False,,,False
POS73061,douglas_fir,10.0,492948.6307042209,4871024.025104242,False,,,False
POS73062,pine,30.0,493252.28225385945,4871800.8133633295,False,,,False
POS73063,pine,8.0,492947.722898955,4871026.057809391,False,,,False
POS73064,douglas_fir,28.0,493257.88335559133,4871810.522465239,False,,,False
POS73066,maple,14.0,493262.7666460224,4871819.232299152,False,,,False
POS73067,oregon_ash,14.0,492896.2219737102,4871100.526909864,False,,,False
POS73068,douglas_fir,10.0,492895.96568514674,4871099.5644158,False,,,False
POS73069,oak,10.0,493282.9453029739,4871861.555039333,False,,,False
POS73070,douglas_fir,26.0,493286.90319797245,4871869.92483972,False,,,False
POS73073,douglas_fir,8.0,492890.2357182786,4871108.665248895,False,,,False
POS73075,douglas_fir,20.0,492891.00858462247,4871114.943811213,False,,,False
POS73076,douglas_fir,16.0,492887.8975265847,4871116.1203241125,False,,,False
POS73077,douglas_fir,18.0,493298.3933836214,4871890.771400651,False,,,False
POS73079,douglas_fir,14.0,492882.34165285,4871131.323641615,False,,,False
POS73080,douglas_fir,8.0,493300.51753521484,4871896.707163898,False,,,False
POS73082,douglas_fir,16.0,492870.5386769318,4871172.824971904,False,,,False
POS73083,oregon_ash,3.0,492869.625778769,4871169.914890827,False,,,False
POS73084,douglas_fir,15.0,493308.9394560512,4871922.758292338,False,,,False
POS73085,oregon_ash,5.0,492863.4376805346,4871181.760480704,False,,,False
POS73086,douglas_fir,15.0,493310.0425530665,4871927.189814626,False,,,False
POS73087,douglas_fir,15.0,493309.61749584996,4871932.190456928,False,,,False
POS73088,oregon_ash,9.0,492865.5369831493,4871185.701016028,False,,,False
POS73089,douglas_fir,15.0,493309.4831430444,4871941.0481503485,False,,,False
POS73090,oregon_ash,4.0,492863.9295263213,4871190.817186779,False,,,False
POS73091,pine,4.0,492865.39102799946,4871186.285687947,False,,,False
POS73092,douglas_fir,8.0,493310.8675720804,4871934.595673328,False,,,False
POS73093,douglas_fir,28.0,493307.5231819864,4871988.2598028155,False,,,False
POS73094,douglas_fir,12.0,492861.9526039915,4871213.098242094,False,,,False
POS73095,douglas_fir,20.0,493307.81603191874,4871993.623185907,False,,,False
POS73096,douglas_fir,4.0,493307.53131978796,4871995.623579781,False,,,False
POS73097,douglas_fir,20.0,493306.8189964019,4872000.053022306,False,,,False
POS73098,douglas_fir,6.0,493304.95376019954,4872003.767425155,False,,,False
POS73099,pine,13.0,493305.03429772303,4872010.022212271,False,,,False
POS73100,oregon_ash,40.0,492867.93434290716,4871300.544572522,False,,,False
POS73101,douglas_fir,22.0,493304.29305058566,4872013.835863556,False,,,False
POS73102,douglas_fir,3.0,493298.1352370494,4872036.783230962,False,,,False
POS73103,douglas_fir,5.0,493295.99342900387,4872045.214193066,False,,,False
POS73104,douglas_fir,7.0,493295.7083089111,4872046.785955151,False,,,False
POS73105,douglas_fir,5.0,493294.9965318452,4872051.786839333,False,,,False
POS73107,douglas_fir,10.0,493294.42629466276,4872054.930263537,False,,,False
POS73108,maple,10.0,493294.4293599264,4872057.930390692,False,,,False
POS73109,pine,44.0,492934.8834648334,4871436.533995903,False,,,False
POS73110,pine,25.0,492945.46328082116,4871449.712243742,False,,,False
POS73111,maple,10.0,493293.80275751924,4872065.351526097,False,,,False
POS73112,pine,25.0,492976.65374538605,4871476.3044001665,False,,,False
POS73114,maple,24.0,493293.53113471833,4872080.2092912495,False,,,False
POS73116,maple,15.0,493293.8155706752,4872077.923276601,False,,,False
POS73117,maple,20.0,493293.81209434615,4872074.494617951,False,,,False
POS73118,maple,3.0,493295.2778164105,4872106.207992261,False,,,False
POS73119,maple,4.0,493296.5701625015,4872108.349557243,False,,,False
POS73120,oak,12.0,492987.9512389001,4871493.595956881,False,,,False
POS73121,oak,17.0,492993.0688833534,4871499.6909666695,False,,,False
POS73122,oak,14.0,492991.04078771843,4871498.900205301,False,,,False
POS73123,oak,14.0,492997.1399453183,4871504.071463439,False,,,False
POS73124,oak,14.0,492999.6573159794,4871506.066782331,False,,,False
POS73125,oak,14.0,493006.55190592416,4871506.664265937,False,,,False
POS73127,dogwood,4.0,492990.2276275907,4871497.413168918,False,,,False
POS73128,dogwood,4.0,492995.03057568707,4871502.9077592455,False,,,False
POS73130,douglas_fir,3.0,493314.3928566538,4872187.120198311,False,,,False
POS73131,oak,18.0,493015.7158914316,4871516.778517999,False,,,False
POS73132,pine,22.0,493022.2678583359,4871522.613620346,False,,,False
POS73133,pine,14.0,493029.04912002763,4871529.250102811,False,,,False
POS73134,maple,7.0,493285.86411300336,4872128.191843885,False,,,False
POS73135,oak,10.0,493032.0622017434,4871531.497127028,False,,,False
POS73136,oak,10.0,493033.2468285209,4871533.210359603,False,,,False
POS73137,oak,10.0,493034.7519406882,4871532.887261881,False,,,False
POS73138,oak,10.0,493035.506945486,4871535.136698088,False,,,False
POS73139,oak,10.0,493037.97881361673,4871533.955411567,False,,,False
POS73140,oak,10.0,493037.5520439987,4871537.063319758,False,,,False
POS73141,oak,10.0,493040.2418871142,4871538.667767685,False,,,False
POS73142,oak,18.0,493283.11059689993,4872120.350715476,False,,,False
POS73143,oak,10.0,493042.5015927629,4871540.165574007,False,,,False
POS73144,douglas_fir,18.0,493281.3513135053,4872118.581632272,False,,,False
POS73147,oak,5.0,493280.4804415738,4872108.010965583,False,,,False
POS73149,pine,9.0,493056.23394788353,4871555.4415002335,False,,,False
POS73151,pine,10.0,493058.8971920923,4871556.998952226,False,,,False
POS73152,oak,13.0,493061.4803438068,4871559.460755963,False,,,False
POS73153,maple,5.0,493276.2423402882,4872063.264764455,False,,,False
POS73154,oak,10.0,493064.71068403695,4871563.743458335,False,,,False
POS73155,oak,13.0,493069.44572568306,4871567.381735951,False,,,False
POS73156,oak,9.0,493072.24511615746,4871570.914842612,False,,,False
POS73160,pine,5.0,493070.30466921284,4871566.202114897,False,,,False
POS73162,pine,8.0,493077.1558034377,4871574.990901683,False,,,False
POS73163,douglas_fir,2.0,493282.41191156965,4872033.6540473085,False,,,False
POS73164,douglas_fir,12.0,493075.14209057495,4871575.199554265,False,,,False
POS73166,douglas_fir,9.0,493092.0517803008,4871591.681800177,False,,,False
POS73169,douglas_fir,13.0,493285.1184749617,4872016.650750887,False,,,False
POS73170,douglas_fir,18.0,493097.5136311512,4871598.460613608,False,,,False
POS73171,oak,4.0,493289.41476921266,4872012.217667204,False,,,False
POS73172,pine,20.0,493098.1591915255,4871598.888499061,False,,,False
POS73173,pine,23.0,493101.06435348024,4871600.707082842,False,,,False
POS73174,oak,30.0,493292.563270268,4871988.998077011,False,,,False
POS73175,douglas_fir,3.0,493109.64872460405,4871607.65089022,False,,,False
POS73177,douglas_fir,5.0,493113.118098814,4871611.088386902,False,,,False
POS73178,douglas_fir,5.0,493117.3725492758,4871619.071623115,False,,,False
POS73179,douglas_fir,40.0,493116.4043987847,4871615.6874737665,False,,,False
POS73180,douglas_fir,3.0,493294.6931366912,4871986.640133092,False,,,False
POS73181,douglas_fir,3.0,493294.9767947163,4871983.63966231,False,,,False
POS73182,douglas_fir,3.0,493296.12139757193,4871981.352717684,False,,,False
POS73183,oak,8.0,493120.8181080472,4871623.568458018,False,,,False
POS73184,oak,6.0,493123.7243937996,4871626.565729859,False,,,False
POS73185,oak,11.0,493125.44819299865,4871629.778522307,False,,,False
POS73187,oak,5.0,493127.0643845545,4871632.991403364,False,,,False
POS73192,oak,3.0,493126.1993751083,4871633.526513312,False,,,False
POS73195,pine,2.0,493294.25658221776,4871923.706743911,False,,,False
POS73199,oak,8.0,493266.82991399657,4871866.160807368,False,,,False
POS73203,douglas_fir,22.0,493257.4929154381,4871848.16943542,False,,,False
POS73205,maple,36.0,493257.91865634575,4871843.883045136,False,,,False
POS73207,maple,28.0,493255.91320506175,4871845.45656713,False,,,False
POS73210,oak,6.0,493131.4233342784,4871639.966211324,False,,,False
POS73211,oregon_ash,7.0,493138.2266131632,4871649.168769101,False,,,False
POS73212,oregon_ash,11.0,493140.0857973771,4871651.062040853,False,,,False
POS73213,oregon_ash,11.0,493237.85005228507,4871813.386930304,False,,,False
POS73214,oak,11.0,493170.1938633867,4871693.259714429,False,,,False
POS73216,douglas_fir,9.0,493191.70786125504,4871721.580570522,False,,,False
POS73217,oak,12.0,493222.60446708783,4871778.52805005,False,,,False
POS73218,oak,18.0,493222.60446708783,4871778.52805005,False,,,False
POS73220,douglas_fir,6.0,494179.32046404964,4872028.488178218,False,,,False
POS73221,douglas_fir,6.0,494177.0636296412,4872029.775879576,False,,,False
POS73222,douglas_fir,18.0,494154.7475773628,4872037.45348848,False,,,False
POS73223,douglas_fir,12.0,494174.05464933685,4872031.492852013,False,,,False
POS73224,douglas_fir,18.0,494152.7065722881,4872039.491065399,False,,,False
POS73225,douglas_fir,18.0,494151.09559756715,4872041.528276846,False,,,False
POS73226,douglas_fir,12.0,494160.51987011265,4872045.862346402,False,,,False
POS73227,douglas_fir,12.0,494158.5891389629,4872051.114159625,False,,,False
POS73229,douglas_fir,5.0,494124.40432429657,4872110.069950635,False,,,False
POS73233,pine,18.0,494143.59693168016,4872072.85368854,False,,,False
POS73234,pine,22.0,494142.26674268616,4872074.271952177,False,,,False
POS73236,douglas_fir,36.0,494137.45703032176,4872113.064751452,False,,,False
POS73237,douglas_fir,5.0,494139.9425281749,4872120.667674913,False,,,False
POS73238,douglas_fir,5.0,494140.69835777074,4872124.309897017,False,,,False
POS73239,douglas_fir,5.0,494142.7448885679,4872128.486764938,False,,,False
POS73241,douglas_fir,7.0,494140.91746740625,4872128.916943748,False,,,False
POS73243,oak,5.0,494163.49991657725,4872208.284094621,False,,,False
POS73244,douglas_fir,22.0,494160.16339649505,4872204.322736449,False,,,False
POS73245,oak,3.0,494139.7361156997,4872130.417953079,False,,,False
POS73246,douglas_fir,16.0,494158.44020327344,4872201.00285782,False,,,False
POS73247,douglas_fir,20.0,494158.00730379147,4872197.788993604,False,,,False
POS73248,douglas_fir,5.0,494155.85510776384,4872195.647963907,False,,,False
POS73249,douglas_fir,5.0,494156.281551108,4872191.576208842,False,,,False
POS73250,douglas_fir,8.0,494138.8806640667,4872135.775962556,False,,,False
POS73251,douglas_fir,10.0,494153.3756748625,4872188.257332226,False,,,False
POS73252,douglas_fir,10.0,494150.4694916562,4872184.617032024,False,,,False
POS73253,douglas_fir,6.0,494139.85079081636,4872138.453636999,False,,,False
POS73254,douglas_fir,6.0,494139.31455018785,4872139.972000824,False,,,False
POS73255,douglas_fir,6.0,494140.176386934,4872141.989113566,False,,,False
POS73256,douglas_fir,5.0,494152.8318875157,4872181.1863853745,False,,,False
POS73258,douglas_fir,8.0,494149.6838330112,4872170.062930467,False,,,False
POS73259,douglas_fir,8.0,494149.0355111016,4872166.42061737,False,,,False
POS73260,douglas_fir,14.0,494142.04101869336,4872148.377051792,False,,,False
POS73261,douglas_fir,12.0,494139.4253690421,4872143.704076057,False,,,False
POS73262,douglas_fir,12.0,494143.9426541614,4872145.453675925,False,,,False
POS73264,douglas_fir,10.0,494143.94600750343,4872149.27154759,False,,,False
POS73265,douglas_fir,10.0,494140.61429889407,4872150.774578174,False,,,False
POS73268,douglas_fir,5.0,494262.52297575935,4871950.971714667,False,,,False
POS73269,douglas_fir,5.0,494266.0633525817,4871941.968271808,False,,,False
POS73271,douglas_fir,7.0,494263.37975995906,4871947.006506215,False,,,False
POS73272,douglas_fir,9.0,494265.09762616653,4871944.219250997,False,,,False
POS73273,douglas_fir,5.0,494269.07069238997,4871938.215558282,False,,,False
POS73275,douglas_fir,5.0,494277.86747410113,4871915.171159519,False,,,False
POS73277,douglas_fir,5.0,494284.7412937649,4871906.379115532,False,,,False
POS73279,douglas_fir,18.0,494291.5122102931,4871903.051748866,False,,,False
POS73281,douglas_fir,4.0,494292.90530503826,4871897.585978492,False,,,False
POS73282,douglas_fir,4.0,494294.62429891643,4871896.084415257,False,,,False
POS73283,douglas_fir,7.0,494298.8147327144,4871892.652026767,False,,,False
POS73284,douglas_fir,5.0,494306.4464240066,4871889.966780161,False,,,False
POS73286,douglas_fir,14.0,494314.0745324663,4871882.995631609,False,,,False
POS73287,douglas_fir,14.0,494318.9102157906,4871879.777011099,False,,,False
POS73288,douglas_fir,7.0,494319.77089032554,4871880.419128089,False,,,False
POS73291,douglas_fir,12.0,494329.5533409029,4871878.053488078,False,,,False
POS73293,douglas_fir,5.0,494331.9176808178,4871876.658590839,False,,,False
POS73294,douglas_fir,11.0,494335.0335561576,4871874.084270281,False,,,False
POS73296,douglas_fir,6.0,494337.9361480223,4871873.438971933,False,,,False
POS73307,douglas_fir,7.0,494369.3242971136,4871863.768746391,False,,,False
POS73309,douglas_fir,14.0,494382.86622901063,4871856.899708379,False,,,False
POS73549,douglas_fir,8.0,494245.36182456114,4871947.4426644,False,,,False
POS73551,douglas_fir,28.0,494237.42009065853,4871964.486009705,False,,,False
POS73552,douglas_fir,28.0,494235.0586108097,4871968.988233468,False,,,False
POS73554,oak,9.0,494242.682733412,4871957.73117146,False,,,False
POS73555,douglas_fir,4.0,494236.34706338716,4871966.951296078,False,,,False
POS73556,douglas_fir,4.0,494230.43947889796,4871973.920995173,False,,,False
POS73557,maple,4.0,494231.6204238427,4871971.884149135,False,,,False
POS73559,douglas_fir,6.0,494226.2485322453,4871976.6033344185,False,,,False
POS73561,douglas_fir,18.0,494215.28340962314,4871986.434716787,False,,,False
POS73563,douglas_fir,18.0,494212.6024619289,4871986.901322873,False,,,False
POS73566,oak,9.0,494192.20131550473,4872003.0785672795,False,,,False
POS73568,oak,10.0,494190.36142659484,4872004.707128123,False,,,False
POS73569,oak,10.0,494188.64192263247,4872005.565747099,False,,,False
POS76194,oak,12.0,493207.6791711333,4871276.269098894,False,,,False
POS78471,oak,38.0,492654.6001245905,4872265.347338323,False,,,False
POS78552,oak,26.0,493993.34365494474,4871502.955220499,False,,,False
POS78553,oregon_ash,21.0,493965.15901097714,4871501.026451461,False,,,False
POS78635,oak,15.0,493019.9138822588,4871785.065089261,False,,,False
POS78653,oak,11.0,493568.6845110891,4872630.925882229,False,,,False
POS78657,pine,21.0,493408.7740959639,4872775.876739692,False,,,False
POS78661,oak,19.0,494377.4603726626,4872547.454298722,False,,,False
POS78666,oak,35.0,492588.3418236688,4872572.56531467,False,,,False
POS78669,oak,14.0,492724.96431565745,4872230.841418802,False,,,False
POS78671,douglas_fir,39.0,493535.6095802648,4872097.813566717,False,,,False
POS78914,oak,18.0,493922.36025315156,4871911.999904975,False,,,False
POS79281,douglas_fir,23.0,493405.6318226294,4872498.853107656,False,,,False
POS79434,oak,1.0,493614.42367116624,4872322.966716687,False,,,False
POS79704,maple,2.0,494303.8630392932,4872419.182244415,False,,,False
POS79705,maple,2.0,494303.1514153129,4872421.470406662,False,,,False
POS79706,maple,1.0,494274.0402223264,4872451.1060673045,False,,,False
POS79988,oregon_ash,18.0,493939.7368072958,4872766.371043357,False,,,False
POS79989,oregon_ash,50.0,493930.13954362774,4872775.154594267,False,,,False
POS79990,oregon_ash,28.0,493942.76923171605,4872782.933467056,False,,,False
POS79991,oregon_ash,65.0,493934.18612263334,4872849.056073887,False,,,False
POS79992,oregon_ash,18.0,493937.046249793,4872833.046640558,False,,,False
POS79993,oregon_ash,18.0,493938.0930545433,4872830.5048723025,False,,,False
POS79994,oregon_ash,24.0,493937.72592347354,4872810.817060713,False,,,False
POS79995,oregon_ash,25.0,493939.46637458395,4872803.067868086,False,,,False
POS79997,oak,28.0,493943.41215273994,4872721.121262451,False,,,False
POS79998,oregon_ash,2.0,493929.7097326833,4872717.392749465,False,,,False
POS80002,oregon_ash,20.0,493949.4442758129,4872697.758671976,False,,,False
POS80003,oregon_ash,24.0,493943.0662820594,4872696.3150568055,False,,,False
POS80004,oregon_ash,60.0,493948.5683322044,4872661.830058203,False,,,False
POS80005,oregon_ash,70.0,493950.45465563814,4872657.074147613,False,,,False
POS80006,pine,24.0,493950.1224527658,4872631.498412478,False,,,False
POS80019,oregon_ash,24.0,493800.5820606449,4871612.037279678,False,,,False
POS80020,oregon_ash,12.0,493799.8059754864,4871622.28189064,False,,,False
POS80021,oregon_ash,25.0,493799.7614836343,4871626.376051808,False,,,False
POS80022,oregon_ash,5.0,493885.48437381024,4871640.400697615,False,,,False
POS80023,maple,6.0,493877.80069604865,4871594.889776113,False,,,False
POS80024,oak,5.0,493868.54596360726,4871586.84839623,False,,,False
POS80025,oregon_ash,11.0,493763.60019068024,4871636.730401356,False,,,False
POS80026,oregon_ash,9.0,493750.1095963415,4871641.732008144,False,,,False
POS80027,oregon_ash,7.0,493780.044858585,4871669.660407819,False,,,False
POS80028,oregon_ash,8.0,493774.82623679907,4871669.823966438,False,,,False
POS80029,oak,16.0,493739.9313543021,4871647.9030255545,False,,,False
POS80030,oak,21.0,493738.0736624616,4871648.556613349,False,,,False
POS80031,maple,6.0,493745.410476062,4871669.850960292,False,,,False
POS80035,oregon_ash,7.0,493780.8257722682,4871720.778865909,False,,,False
POS80036,douglas_fir,32.0,493826.91415590106,4871726.265020778,False,,,False
POS80037,oregon_ash,14.0,493830.47989973205,4871736.39470538,False,,,False
POS80038,oregon_ash,38.0,493833.346258866,4871739.563497205,False,,,False
POS80039,douglas_fir,25.0,493834.8651583531,4871746.856863417,False,,,False
POS80041,oregon_ash,34.0,493802.84048562066,4871755.615591314,False,,,False
POS80042,oregon_ash,62.0,493811.91368108935,4871765.601237794,False,,,False
POS80046,pine,22.0,493870.40660113876,4871799.0627900185,False,,,False
POS80047,pine,26.0,493879.6365614471,4871801.752081687,False,,,False
POS80048,pine,25.0,493881.9739395923,4871808.973671252,False,,,False
POS80049,pine,21.0,493883.4899694532,4871812.248567037,False,,,False
POS80051,pine,26.0,493862.8046550187,4871812.951145066,False,,,False
POS80054,pine,29.0,493882.5503168562,4871821.814960419,False,,,False
POS80055,oregon_ash,21.0,493886.5790574406,4871827.901176609,False,,,False
POS80056,douglas_fir,27.0,493886.8119624673,4871830.069226739,False,,,False
POS80057,pine,25.0,493898.5510009173,4871847.301466337,False,,,False
POS80059,pine,60.0,493885.23735162924,4871881.254868037,False,,,False
POS80062,pine,23.0,493916.3047096879,4871896.177156216,False,,,False
POS80063,pine,23.0,493917.3415499389,4871899.417448393,False,,,False
POS80064,douglas_fir,34.0,493922.6951041307,4871904.191743319,False,,,False
POS80065,pine,31.0,493918.17418185715,4871907.492665983,False,,,False
POS80066,douglas_fir,20.0,493919.0884277583,4871913.3226170605,False,,,False
POS80069,douglas_fir,32.0,493902.14058621216,4871978.896885236,False,,,False
POS80070,oak,12.0,493892.78129880416,4871992.1038552215,False,,,False
POS80071,pine,2.0,493896.7656460381,4872016.303264356,False,,,False
POS80072,oregon_ash,28.0,493957.08084478835,4872617.077754364,False,,,False
POS80073,oregon_ash,28.0,493956.0241042737,4872607.689103757,False,,,False
POS80075,oregon_ash,40.0,493958.16184722335,4872601.01301196,False,,,False
POS80076,oregon_ash,30.0,493958.07231188705,4872595.941217034,False,,,False
POS80078,oregon_ash,28.0,493934.63902797474,4872845.548438861,False,,,False
POS80079,pine,32.0,493972.83955744567,4872333.694950928,False,,,False
POS80080,oregon_ash,23.0,493966.4765209113,4872258.746701073,False,,,False
POS80081,pine,35.0,493968.93480422173,4872267.1442443635,False,,,False
POS80082,oregon_ash,12.0,493970.85198338196,4872279.280405072,False,,,False
POS80083,oregon_ash,26.0,493972.07863469596,4872285.660099576,False,,,False
POS80085,oregon_ash,9.0,493982.05150470464,4872390.051089284,False,,,False
POS80086,oregon_ash,16.0,493976.6381487499,4872404.398963122,False,,,False
POS80093,oregon_ash,46.0,493970.3224829111,4872497.508891278,False,,,False
POS80094,pine,26.0,493922.5910365081,4872042.839526182,False,,,False
POS80098,oregon_ash,13.0,493932.3894120918,4872084.228728893,False,,,False
POS80100,oregon_ash,16.0,493944.61706918397,4872123.316926594,False,,,False
POS80101,oregon_ash,8.0,493948.23111872614,4872133.389341834,False,,,False
POS80102,oregon_ash,9.0,493948.33211149555,4872134.592610116,False,,,False
POS80103,oregon_ash,12.0,493946.2831749031,4872138.561237735,False,,,False
POS80104,oregon_ash,11.0,493949.0627399388,4872144.209048352,False,,,False
POS80106,pine,12.0,493951.58025069325,4872153.45349951,False,,,False
POS80119,oregon_ash,100.0,493953.2961167228,4872523.1483673565,False,,,False
POS80120,maple,11.0,493925.1790556706,4872511.264385697,False,,,False
POS80121,oregon_ash,32.0,493963.99410351383,4872567.071185,False,,,False
POS80123,oregon_ash,19.0,493952.02220534143,4872225.383516471,False,,,False
POS80124,oregon_ash,8.0,493964.7864581365,4872220.924468523,False,,,False
POS80125,oregon_ash,16.0,493962.6039027726,4872213.67230483,False,,,False
POS80126,oregon_ash,12.0,493961.53645170847,4872202.880062866,False,,,False
POS80127,oregon_ash,12.0,493961.81000385876,4872201.816579417,False,,,False
POS80129,oregon_ash,7.0,493960.1376385479,4872192.297140459,False,,,False
POS80130,oregon_ash,16.0,493958.12327197526,4872183.963347399,False,,,False
POS80131,oregon_ash,32.0,493957.0951556377,4872179.442360165,False,,,False
POS80133,pine,28.0,493936.0855007694,4872157.4090337185,False,,,False
POS80716,oak,1.0,493328.50574368285,4872782.958835999,False,,,False
POS80922,douglas_fir,31.0,493219.01310178166,4871781.35280052,False,,,False
POS86490,oregon_ash,20.0,493752.5782250672,4871644.157395709,False,,,False
POS86495,douglas_fir,35.0,493784.85934649553,4871693.78630619,False,,,False
POS86496,oak,12.0,493743.15919129824,4871648.462985386,False,,,False
POS86497,douglas_fir,25.0,493848.91916266363,4871771.927754479,False,,,False
POS86498,maple,10.0,493852.22469668527,4871775.463270129,False,,,False
POS86499,douglas_fir,12.0,493852.65973095834,4871776.581904981,False,,,False
POS86500,maple,7.0,493852.39261768863,4871779.262455783,False,,,False
POS86501,douglas_fir,40.0,493851.22872263624,4871783.793926901,False,,,False
POS86502,maple,9.0,493851.29019670165,4871787.004808638,False,,,False
POS86503,douglas_fir,36.0,493855.2152651359,4871793.247438115,False,,,False
POS86504,douglas_fir,32.0,493857.59103026014,4871795.932765758,False,,,False
POS86505,douglas_fir,32.0,493858.7287164876,4871797.630397713,False,,,False
POS86511,oregon_ash,5.0,493754.8518570794,4871649.467296662,False,,,False
POS86512,oregon_ash,5.0,493753.3482677961,4871651.143299645,False,,,False
POS86513,oregon_ash,52.0,493746.2056223552,4871644.596627079,False,,,False
POS86517,pine,30.0,493864.3654367353,4871817.936554587,False,,,False
POS86523,pine,25.0,493874.0143429235,4871826.890635796,False,,,False
POS86524,douglas_fir,40.0,493876.90523721173,4871831.10700733,False,,,False
POS86525,douglas_fir,36.0,493878.45667290466,4871833.339712012,False,,,False
POS86526,oregon_ash,4.0,493874.54756424046,4871833.853367937,False,,,False
POS86527,oregon_ash,16.0,493736.2187272484,4871652.595839543,False,,,False
POS86528,pine,42.0,493879.6986660026,4871835.653785074,False,,,False
POS86530,oregon_ash,12.0,493737.8545576282,4871656.869457519,False,,,False
POS86531,maple,3.0,493877.1150707911,4871839.486152573,False,,,False
POS86532,oregon_ash,14.0,493738.95436315547,4871658.549658388,False,,,False
POS86533,oregon_ash,15.0,493743.6922123395,4871664.904851232,False,,,False
POS86534,pine,40.0,493880.72570973245,4871838.729777742,False,,,False
POS86543,oregon_ash,10.0,493754.5318317546,4871682.950888372,False,,,False
POS86546,pine,40.0,493888.13778127683,4871870.382135924,False,,,False
POS86553,oregon_ash,8.0,493882.76546826196,4871880.617265468,False,,,False
POS86554,oregon_ash,5.0,493880.2314199124,4871881.7910901485,False,,,False
POS86555,maple,4.0,493885.2978653529,4871883.489375902,False,,,False
POS86556,maple,5.0,493885.99086581974,4871886.187681491,False,,,False
POS86557,maple,3.0,493886.72455950367,4871883.531957624,False,,,False
POS86558,oak,16.0,493768.9515486474,4871697.232999199,False,,,False
POS86560,maple,4.0,493886.5613211143,4871889.00123495,False,,,False
POS86562,oak,40.0,493770.6408112297,4871700.895783418,False,,,False
POS86563,douglas_fir,30.0,493888.120036804,4871893.958680732,False,,,False
POS86564,maple,4.0,493886.21354822064,4871893.901778856,False,,,False
POS86567,douglas_fir,35.0,493889.744342441,4871898.028643592,False,,,False
POS86571,douglas_fir,45.0,493890.9675338572,4871901.857224146,False,,,False
POS86576,maple,7.0,493888.3062086225,4871905.908281105,False,,,False
POS86579,douglas_fir,7.0,493797.8452435261,4871727.306309502,False,,,False
POS86580,douglas_fir,9.0,493795.7410664846,4871723.713745566,False,,,False
POS86581,douglas_fir,9.0,493795.5656212501,4871722.840469307,False,,,False
POS86582,douglas_fir,9.0,493795.6580006045,4871722.000287753,False,,,False
POS86583,douglas_fir,28.0,493792.4387581404,4871720.375035207,False,,,False
POS86584,oregon_ash,5.0,493796.80176981876,4871718.974084349,False,,,False
POS86614,maple,7.0,493896.7679112272,4871912.3342137225,False,,,False
POS86616,douglas_fir,30.0,493903.345749855,4871915.01005169,False,,,False
POS86617,pine,30.0,493906.21046732744,4871920.012977063,False,,,False
POS86618,oregon_ash,20.0,493909.7640211816,4871923.82960685,False,,,False
POS86622,oak,15.0,493910.0273511348,4871927.404128494,False,,,False
POS86625,oregon_ash,9.0,493898.98056842457,4871992.372285083,False,,,False
POS86626,oregon_ash,7.0,493899.56609541347,4871993.692420012,False,,,False
POS86627,oregon_ash,2.0,493913.77596599516,4871935.219661626,False,,,False
POS86628,oregon_ash,13.0,493897.1455662645,4871987.85291446,False,,,False
POS86629,pine,40.0,493903.18856513756,4871937.713192756,False,,,False
POS86633,oregon_ash,9.0,493903.371052061,4871940.709375243,False,,,False
POS86634,oregon_ash,4.0,493897.47401933954,4871998.1179823335,False,,,False
POS86638,maple,4.0,493899.17766731454,4871999.968511686,False,,,False
POS86639,maple,5.0,493901.2880667232,4872006.301083558,False,,,False
POS86641,oregon_ash,8.0,493913.22410822945,4871951.206617615,False,,,False
POS86642,maple,8.0,493912.70032011485,4871953.041568421,False,,,False
POS86645,douglas_fir,20.0,493904.7589486973,4872002.266089618,False,,,False
POS86648,maple,10.0,493899.80192402046,4872010.944239733,False,,,False
POS86649,oregon_ash,8.0,493902.41844645067,4872015.963357287,False,,,False
POS86654,oregon_ash,6.0,493912.69909381476,4872064.936798136,False,,,False
POS86658,oregon_ash,16.0,493909.07431018754,4872028.063749725,False,,,False
POS86660,oregon_ash,15.0,493918.8617684642,4872090.120260157,False,,,False
POS86661,maple,4.0,493908.6299991268,4872037.05319575,False,,,False
POS86663,maple,4.0,493911.6686075069,4872046.221497776,False,,,False
POS86666,oregon_ash,8.0,493936.4885928999,4872155.369372414,False,,,False
POS86669,oregon_ash,7.0,493938.9319610112,4872179.481878049,False,,,False
POS86671,oregon_ash,11.0,493950.52724395314,4872206.07033386,False,,,False
POS86672,oregon_ash,11.0,493952.1027357556,4872211.24298652,False,,,False
POS86673,pine,4.0,493952.92024533206,4872229.591907063,False,,,False
POS86676,oregon_ash,12.0,493954.2693182962,4872234.084671507,False,,,False
POS86683,oregon_ash,40.0,493961.0228285699,4872233.575108578,False,,,False
POS86686,oregon_ash,10.0,493962.8049971451,4872226.207467961,False,,,False
POS86691,maple,2.0,493952.84214590385,4872173.676569416,False,,,False
POS86692,oregon_ash,10.0,493953.4640504364,4872175.28900267,False,,,False
POS86695,oregon_ash,20.0,493962.0026647221,4872217.468930835,False,,,False
POS86703,oregon_ash,12.0,493960.7819851521,4872199.580797743,False,,,False
POS86704,oregon_ash,38.0,493939.4936179134,4872144.094851066,False,,,False
POS86706,oregon_ash,15.0,493921.30447031,4872071.762434758,False,,,False
POS86708,oregon_ash,10.0,493919.03094899544,4872055.827461746,False,,,False
POS86716,pine,50.0,493933.12235996133,4872112.510878525,False,,,False
POS86718,oregon_ash,11.0,493922.1206988396,4872035.924376279,False,,,False
POS86721,pine,47.0,493931.40512746613,4872109.007969676,False,,,False
POS86722,pine,20.0,493915.9444128498,4872028.18799435,False,,,False
POS86727,oregon_ash,15.0,493910.2484067102,4871998.7643644605,False,,,False
POS86736,oregon_ash,13.0,493930.344668306,4872084.910633953,False,,,False
POS86737,oregon_ash,13.0,493929.50381547515,4872082.4886293365,False,,,False
POS86738,douglas_fir,30.0,493928.191526569,4872079.956549655,False,,,False
POS86739,oak,24.0,493928.53733248875,4872077.474058284,False,,,False
POS86741,oregon_ash,7.0,493925.2562405068,4872068.73373918,False,,,False
POS86744,maple,3.0,493916.10450133384,4872007.217023128,False,,,False
POS86747,pine,35.0,493913.4267073342,4872021.831565558,False,,,False
POS86749,oak,4.0,493914.3371719048,4872004.065734257,False,,,False
POS86750,maple,2.0,493912.7854648846,4871990.158493314,False,,,False
POS86751,oregon_ash,9.0,493903.52921797376,4871907.539487388,False,,,False
POS86753,oregon_ash,11.0,493899.49266135774,4871903.618337479,False,,,False
POS86754,oregon_ash,60.0,493897.3234476575,4871898.465562505,False,,,False
POS86755,maple,12.0,493895.55333973345,4871892.602866496,False,,,False
POS86758,maple,30.0,493892.2814560049,4871878.99709695,False,,,False
POS86759,oregon_ash,8.0,493924.31333522755,4871974.03031291,False,,,False
POS86762,oregon_ash,31.0,493922.16794127336,4871957.049212777,False,,,False
POS86763,douglas_fir,44.0,493922.94309626863,4871948.246447691,False,,,False
POS86764,maple,6.0,493891.3035906885,4871872.554518799,False,,,False
POS86766,oregon_ash,30.0,493894.2537885703,4871858.1212094175,False,,,False
POS86953,pine,7.0,493971.3914352668,4872395.207565923,False,,,False
POS86955,pine,6.0,493971.2658531801,4872413.239817864,False,,,False
POS86956,pine,3.0,493971.2570141127,4872410.687940899,False,,,False
POS86957,pine,9.0,493969.581132266,4872426.509825225,False,,,False
POS86959,maple,4.0,493969.61985384003,4872434.456832952,False,,,False
POS86960,oregon_ash,2.0,493968.8686065757,4872435.593162149,False,,,False
POS86961,oregon_ash,2.0,493965.47219878086,4872460.0646788385,False,,,False
POS86962,pine,4.0,493959.18703099637,4872271.487914036,False,,,False
POS86964,oregon_ash,2.0,493964.7978182067,4872489.52505399,False,,,False
POS86965,pine,8.0,493962.11911863426,4872280.056905486,False,,,False
POS86967,pine,2.0,493963.2824086011,4872493.7047108775,False,,,False
POS86973,oregon_ash,4.0,493961.1809668871,4872508.439043324,False,,,False
POS86974,pine,4.0,493963.6733025947,4872288.74457825,False,,,False
POS86980,pine,12.0,493975.09257312375,4872311.9690248035,False,,,False
POS86981,pine,8.0,493974.52631508425,4872313.404188667,False,,,False
POS86987,pine,8.0,493975.2406353165,4872317.190776481,False,,,False
POS86991,pine,8.0,493952.4782380715,4872565.913841062,False,,,False
POS87018,pine,6.0,493978.8890248331,4872346.434065728,False,,,False
POS87022,pine,5.0,493977.10167997965,4872359.054683375,False,,,False
POS87023,pine,6.0,493975.8711423801,4872361.892083852,False,,,False
POS87027,pine,8.0,493945.7873573671,4872630.034366731,False,,,False
POS87029,pine,8.0,493946.53280407906,4872644.05962939,False,,,False
POS87039,maple,10.0,493940.28861317533,4872696.0251442585,False,,,False
POS87077,maple,1.0,493927.8302093717,4872810.716017776,False,,,False
POS87081,oregon_ash,2.0,493930.58971807576,4872823.623035884,False,,,False
POS87084,oregon_ash,35.0,493927.6463916841,4872791.483696086,False,,,False
POS87088,oregon_ash,35.0,493926.78900834423,4872845.594656326,False,,,False
POS87822,pine,38.0,493253.77249507635,4871809.72404568,False,,,False
POS87823,maple,35.0,493716.9240047125,4871633.86047387,False,,,False
POS88228,oak,1.0,493975.8419198811,4872303.836626655,False,,,False
POS91348,oregon_ash,13.0,493805.04115872725,4871610.141073402,False,,,False
POS91349,oregon_ash,11.0,493799.83666965214,4871619.102359885,False,,,False
POS91350,oregon_ash,13.0,493802.7971876104,4871616.61680144,False,,,False
POS91351,oregon_ash,15.0,493805.27393575583,4871604.570063198,False,,,False
POS91352,oregon_ash,7.0,493801.81133503915,4871640.2525697695,False,,,False
POS91353,oregon_ash,14.0,493805.85000915226,4871602.628466324,False,,,False
POS91355,oregon_ash,9.0,493776.1572862912,4871659.815930242,False,,,False
POS91356,oregon_ash,8.0,493771.9565545462,4871658.845515392,False,,,False
POS91357,oregon_ash,9.0,493776.98739835166,4871672.958110309,False,,,False
POS91358,oregon_ash,7.0,493757.36990667105,4871637.544497343,False,,,False
POS91359,oregon_ash,4.0,493759.83389216923,4871636.516787065,False,,,False
POS91360,oregon_ash,8.0,493760.30394783756,4871637.607966133,False,,,False
POS91361,oregon_ash,12.0,493765.0185773995,4871635.054355498,False,,,False
POS91393,douglas_fir,21.0,494314.57691452495,4872414.685811481,False,,,False
POS94848,douglas_fir,17.0,493606.1718424835,4872409.1390790325,False,,,False
POS94849,douglas_fir,36.0,493605.3530329829,4872407.141153499,False,,,False
POS95683,oak,12.0,493252.24294919067,4871092.358058637,False,,,False
POS96979,oak,27.0,494042.72900376143,4871401.075204343,False,,,False
POS97491,pine,17.0,492663.5783716104,4871579.1343778875,False,,,False
POS97501,douglas_fir,,494353.770850582,4872857.078872113,False,,,False
POS97525,pine,1.0,494322.3316085036,4872387.273442668,False,,,False
POS97526,pine,1.0,494318.8789916062,4872406.755559863,False,,,False
POS97527,pine,1.0,494320.18484289583,4872408.102694047,False,,,False
POS97528,pine,1.0,494319.6991160449,4872399.099997873,False,,,False
POS97529,pine,1.0,494324.3632713945,4872398.056358103,False,,,False
POS97530,dogwood,1.0,494329.17478058813,4872407.458079455,False,,,False
POS97531,maple,1.0,494317.50218979805,4872410.191220101,False,,,False
POS97532,maple,1.0,494326.2301032223,4872400.79209695,False,,,False
POS97533,maple,1.0,494324.50206270715,4872414.306920881,False,,,False
POS97534,dogwood,1.0,494322.7947832777,4872415.784630845,False,,,False
POS97535,dogwood,1.0,494321.8530772778,4872402.076417041,False,,,False
POS97536,maple,1.0,494329.1819845889,4872402.053554858,False,,,False
POS97537,dogwood,1.0,494330.59194502566,4872400.391762917,False,,,False
POS98404,oak,11.0,493159.73080250126,4872396.527093683,False,,,False
POS98405,douglas_fir,14.0,493127.7087574039,4872427.295216628,False,,,False
POS98410,oak,15.0,492807.6769965368,4872245.455824227,False,,,False
POS98411,pine,17.0,492809.22230933583,4872264.289884435,False,,,False
POS98635,pine,1.0,492788.6374553118,4871926.417412374,False,,,False
POS98636,oak,3.0,492775.0543945026,4871915.55176411,False,,,False
POS98637,oregon_ash,2.0,492772.9728339516,4871916.126971344,False,,,False
POS99460,oak,1.0,492717.82611314993,4871467.912685941,False,,,False
POS99805,douglas_fir,17.0,492458.9810546156,4872307.362360965,False,,,False
POS99806,douglas_fir,18.0,492456.51348845905,4872305.400536723,False,,,False
POS99807,douglas_fir,22.0,492454.07367690396,4872295.531886838,False,,,False
POS99810,oak,8.0,492433.52402623376,4872228.944863998,False,,,False
POS99811,douglas_fir,17.0,492430.5998205224,4872215.003774259,False,,,False
POS101284,oak,1.0,492701.08653541014,4872636.929887873,False,,,False
POS101647,pine,15.0,492687.7281702991,4872278.383837257,False,,,False
POS101880,pine,26.0,493571.8789625393,4872169.72853814,False,,,False
POS102814,douglas_fir,17.0,493103.8592992199,4871021.092980496,False,,,False
POS102815,douglas_fir,16.0,493103.1467256294,4871021.121116243,False,,,False
POS102816,oak,20.0,493104.02111317526,4871020.7844948815,False,,,False
POS102891,douglas_fir,12.0,493281.03498172207,4871891.1235778015,False,,,False
POS104122,pine,34.0,493294.37384818896,4872161.312696819,False,,,False
POS104177,oak,12.0,493305.6957889607,4872179.617008361,False,,,False
POS104178,douglas_fir,28.0,493300.8748218716,4872168.557735705,False,,,False
POS104179,oak,5.0,493299.35356930277,4872166.104425584,False,,,False
POS104180,oak,10.0,493297.5737644328,4872162.720957461,False,,,False
POS104181,oak,10.0,493295.7448670807,4872159.658838671,False,,,False
POS104650,pine,26.0,493135.262861247,4871568.947109193,False,,,False
POS104658,oak,21.0,493150.9913619798,4871566.140070925,False,,,False
POS104660,oak,17.0,493137.5007938498,4871579.476803259,False,,,False
POS104661,oak,23.0,493133.60932984995,4871580.701836469,False,,,False
POS104662,oak,7.0,493130.07479072607,4871579.473067521,False,,,False
POS104854,douglas_fir,26.0,492960.17713410384,4871784.241026336,False,,,False
POS104921,pine,26.0,493925.841502328,4871948.575666008,False,,,False
POS105135,douglas_fir,29.0,493704.86998611054,4871635.13193989,False,,,False
POS105136,douglas_fir,22.0,493702.90080956626,4871633.295285697,False,,,False
POS105210,douglas_fir,23.0,493391.21726460225,4872327.304405399,False,,,False
POS105915,oak,1.0,493974.7586409914,4872296.298759726,False,,,False
POS126536,oak,15.0,493716.9972133158,4871963.28189431,False,,,False
POS126706,oak,1.0,492760.38058839284,4872103.258131433,False,,,False
POS126743,oak,1.0,492906.1113771748,4872579.314367113,False,,,False
POS126744,oak,1.0,492919.8932860005,4872600.883626731,False,,,False
POS126945,oak,13.0,493266.8671146652,4871827.492650108,False,,,False
POS127003,oak,1.0,493040.77945998474,4872789.56116127,False,,,False
POS127004,oak,1.0,493052.266720269,4872789.176870517,False,,,False
POS127052,douglas_fir,26.0,494188.1955805428,4871804.087259574,False,,,False
POS127712,oak,1.0,492730.1975496169,4872861.5658563115,False,,,False
POS127753,douglas_fir,25.0,493318.9027641328,4871738.728117242,False,,,False
POS128138,oak,1.0,492764.946662507,4872118.847674361,False,,,False
POS128292,douglas_fir,45.0,494190.3955618702,4871865.309314793,False,,,False
POS128293,douglas_fir,30.0,494186.93634021777,4871855.9600454,False,,,False
POS128317,douglas_fir,41.0,494186.30722678103,4871868.655850891,False,,,False
POS128336,maple,4.0,494074.91142441175,4871689.258455251,False,,,False
POS129338,pine,9.0,493192.1101203429,4872043.217353038,False,,,False
POS129339,douglas_fir,12.0,493186.7230190865,4872043.252784936,False,,,False
POS129340,douglas_fir,16.0,493178.77010975627,4872041.277453362,False,,,False
POS130571,douglas_fir,22.0,493306.25371620024,4872005.593703491,False,,,False
POS130589,oak,18.0,493417.5551541037,4872855.521962162,False,,,False
POS130591,pine,2.0,493406.1841470632,4872851.132916742,False,,,False
POS130592,oak,6.0,493393.33939395694,4872843.415944908,False,,,False
POS133554,oak,1.0,492586.55692869914,4872580.105354906,False,,,False
POS134346,douglas_fir,28.0,494332.56227309414,4872422.701558163,False,,,False
POS134347,douglas_fir,24.0,494334.3984544366,4872409.8790927995,False,,,False
POS135056,maple,1.0,493228.2277277967,4872004.995597217,False,,,False
POS135057,maple,1.0,493228.0559151534,4872002.23804465,False,,,False
POS135118,oak,1.0,492648.19341409777,4872496.384830538,False,,,False
POS135135,douglas_fir,13.0,493301.6620275875,4871903.574932865,False,,,False
POS135136,douglas_fir,10.0,493302.5825172336,4871906.3109283885,False,,,False
POS135138,douglas_fir,13.0,493304.96791193576,4871915.127319119,False,,,False
POS135530,maple,1.0,492560.08609040047,4872428.835139313,False,,,False
POS135531,maple,1.0,492568.9253180744,4872426.0090936795,False,,,False
POS151368,pine,23.0,493421.0507813184,4872796.8173353905,False,,,False
POS151371,maple,11.0,493758.5329574848,4872240.450910911,False,,,False
POS151372,maple,10.0,493765.8975096082,4872240.751717604,False,,,False
POS151373,maple,9.0,493772.76421262,4872240.691550063,False,,,False
POS151374,maple,8.0,493780.0372526407,4872240.681011905,False,,,False
POS151375,maple,6.0,493786.4467956028,4872240.1664804015,False,,,False
POS151376,maple,9.0,493793.21572239965,4872240.272902533,False,,,False
POS151379,dogwood,3.0,493962.5673322713,4871597.24465953,False,,,False
POS151426,oregon_ash,14.0,493914.64045898686,4871519.240659563,False,,,False
POS151427,oregon_ash,18.0,493908.0083617786,4871524.313158925,False,,,False
POS151429,maple,5.0,493887.53095557133,4871528.959023702,False,,,False
POS151430,oregon_ash,16.0,493847.7243832445,4871552.585289579,False,,,False
POS151431,green_ash,19.0,493835.64444870804,4871558.478236993,False,,,False
POS151459,douglas_fir,11.0,493373.6003689578,4872812.627919632,False,,,False
POS151465,maple,8.0,493414.94972603564,4872707.72007069,False,,,False
POS151468,maple,6.0,493487.197743587,4872588.039392719,False,,,False
POS151469,pine,14.0,493466.455944209,4872596.958665382,False,,,False
POS151471,maple,10.0,493367.2866376115,4872634.314705301,False,,,False
POS151473,douglas_fir,30.0,493368.84968436597,4872684.215239601,False,,,False
POS151474,douglas_fir,33.0,493424.0965317168,4872720.838120405,False,,,False
POS151475,douglas_fir,3.0,493475.83294283674,4872708.90101968,False,,,False
POS151476,maple,22.0,493510.71301997174,4872699.259162335,False,,,False
POS151477,maple,14.0,493522.91897432355,4872699.3690434,False,,,False
POS151478,douglas_fir,4.0,493533.56967814657,4872700.450052077,False,,,False
POS151480,oak,2.0,493555.43089237623,4872764.818991796,False,,,False
POS151483,pine,24.0,493572.9731431751,4872679.878518338,False,,,False
POS151484,pine,31.0,493569.8794660435,4872651.42554372,False,,,False
POS151485,oak,17.0,493545.816858865,4872605.431795095,False,,,False
POS151486,oak,33.0,493537.4467740483,4872600.181765825,False,,,False
POS160111,dogwood,1.0,493507.695037431,4872781.0040941965,False,,,False
POS160382,oak,1.0,493692.4262989514,4872115.160367636,False,,,False
POS160700,oregon_ash,6.0,493798.50555876317,4871604.887176331,False,,,False
